N°	Channel	Link	Channel Category	Channel localization	Search
1	Wikipedia	https://en.wikipedia.org/wiki/Belo_Monte_Dam	Educational and Academic	I	Belo Monte Dam
2	International Rivers	https://www.internationalrivers.org/campaigns/belo-monte-dam	Environmental Organisations	I	Belo Monte Dam
3	Survival	https://www.survivalinternational.org/about/belo-monte-dam	Human Rights Organisations	I	Belo Monte Dam
4	Amazon Watch	https://amazonwatch.org/news/2018/0103-brazil-announces-end-to-amazon-mega-dam-building-policy	Environmental Organisations	I	Belo Monte Dam
5	Mongabay	https://news.mongabay.com/2018/02/belo-monte-legacy-harm-from-amazon-dam-didnt-end-with-construction/	News	I	Belo Monte Dam
6	BBC News	https://www.bbc.com/news/world-latin-america-38391377	News	I	Belo Monte Dam
7	The Guardian	https://www.theguardian.com/cities/2018/feb/06/urban-poor-tragedy-altamira-belo-monte-brazil	News	I	Belo Monte Dam
8	BankTrack	https://www.banktrack.org/project/belo_monte_dam	Environmental Organisations	I	Belo Monte Dam
9	The Conversation	https://theconversation.com/belo-monte-there-is-nothing-green-or-sustainable-about-these-mega-dams-98025	News	I	Belo Monte Dam
10	Interamerican Association for Environmental Defense (AIDA)	https://aida-americas.org/en/holding-brazil-accountable-belo-monte-dam	Environmental Organisations	I	Belo Monte Dam
11	US News	https://www.usnews.com/news/best-countries/articles/2018-08-14/brazils-belo-monte-mega-dam-isnt-sustainable	News	I	Belo Monte Dam
12	Power Technology	https://www.power-technology.com/projects/belomontehydroelectr/	News	I	Belo Monte Dam
13	US Geological Survey (USGS)	https://www.usgs.gov/media/videos/image-week-belo-monte-dam-complex-brazil	Governmental Institutions	I	Belo Monte Dam
14	YouTube	https://www.youtube.com/watch?v=BifaOOzDa4U	Social Media and Publishing Platforms	I	Belo Monte Dam
15	Twitter	https://twitter.com/USGS/status/923617733886885888	Social Media and Publishing Platforms	I	Belo Monte Dam
16	Yale Environment 360	https://e360.yale.edu/about	Educational and Academic	I	Belo Monte Dam
17	Conservation Strategy Fund	https://www.conservation-strategy.org/en/project/belo-monte-dam#.W-Wuj3pKh24	Environmental Organisations	I	Belo Monte Dam
18	Monitoring of the Andean Amazon Project (MAAP)	https://maaproject.org/2017/belo-monte/	Environmental Organisations	I	Belo Monte Dam
19	Folha de São Paulo	https://www1.folha.uol.com.br/internacional/en/brazil/2018/09/nearing-completion-belo-monte-dam-receives-criticisms-from-all-sides.shtml	News	B	Belo Monte Dam
20	Reuters	https://www.reuters.com/article/us-brazil-power-belo-monte/chinas-zepc-in-talks-to-buy-belo-monte-dam-stake-sources-idUSKBN1792QF	News	I	Belo Monte Dam
21	Global Greengrant Fund	https://www.greengrants.org/2017/08/10/differentway/	Environmental Organisations	I	Belo Monte Dam
22	Open Global Rights	https://www.openglobalrights.org/how-not-to-produce-energy-lessons-from-brazils-belo-monte-dam/	Human Rights Organisations	I	Belo Monte Dam
23	Facing Finance	http://www.facing-finance.org/en/database/cases/vale-belo-monte-dam-complex/	Human Rights Organisations	I	Belo Monte Dam
24	Business and Human Rights Resource Center	https://www.business-humanrights.org/en/cons%C3%B3rcio-norte-energia-lawsuit-re-belo-monte-dam-in-brazil	Human Rights Organisations	I	Belo Monte Dam
25	Deep Green Resistance Service	https://dgrnewsservice.org/belo-monte/	News	I	Belo Monte Dam