N°	Channel	Link	Channel Category	Channel localization	Search
1	Wikipedia	https://pt.wikipedia.org/wiki/Usina_Hidrel%C3%A9trica_de_Belo_Monte	Educational and Academic	I	Usina Hidrelétrica de Belo Monte
2	Mundo Educação	https://mundoeducacao.bol.uol.com.br/geografia/usina-belo-monte.htm	Educational and Academic	B	Usina Hidrelétrica de Belo Monte
3	YouTube	https://www.youtube.com/watch?v=_HSN1IKLXzk	Social Media and Publishing Platforms	I	Usina Hidrelétrica de Belo Monte
4	YouTube	https://www.youtube.com/watch?v=Lpf9cDpx-gI	Social Media and Publishing Platforms	I	Usina Hidrelétrica de Belo Monte
5	Globoplay	https://www.youtube.com/watch?v=Lpf9cDpx-gI	Social Media and Publishing Platforms	B	Usina Hidrelétrica de Belo Monte
6	Norte Energia	https://www.norteenergiasa.com.br/pt-br/uhe-belo-monte/a-usina	Private Companies	B	Usina Hidrelétrica de Belo Monte
7	Survival	https://www.survival.it/informacao/barragens-belo-monte	Human Rights Organisations	I	Usina Hidrelétrica de Belo Monte
8	Minas e Energia	http://www.mme.gov.br/web/guest/destaques-do-setor-de-energia/belo-monte	Governmental Institutions	B	Usina Hidrelétrica de Belo Monte
9	G1	https://g1.globo.com/economia/noticia/usina-de-belo-monte-alega-perda-milionaria-por-restricao-em-sistema-de-transmissao.ghtml	News	B	Usina Hidrelétrica de Belo Monte
10	Gazeta Do Povo	https://www.gazetadopovo.com.br/politica/republica/da-india-tuira-a-lava-jato-belo-monte-coleciona-polemicas-ha-mais-de-40-anos-77or1lqx7sv4f4us0b0vvy3ic/	News	B	Usina Hidrelétrica de Belo Monte
11	Istituto Socioambiental	https://www.socioambiental.org/pt-br/tags/usina-hidreletrica-de-belo-monte	Environmental Organisations	B	Usina Hidrelétrica de Belo Monte
12	Orguel	http://www.grupoorguel.com.br/cases-go/usina-hidreletrica-de-belo-monte/	Private Companies	B	Usina Hidrelétrica de Belo Monte
13	El Paìs	https://brasil.elpais.com/tag/represa_belo_monte	News	I	Usina Hidrelétrica de Belo Monte
14	Open Global Rights	https://www.openglobalrights.org/how-not-to-produce-energy-lessons-from-brazils-belo-monte-dam/?lang=Portuguese	Human Rights Organisations	I	Usina Hidrelétrica de Belo Monte
15	Confins	https://journals.openedition.org/confins/11055	Educational and Academic	B	Usina Hidrelétrica de Belo Monte
16	Mongabay	https://news.mongabay.com/2018/02/belo-monte-legacy-harm-from-amazon-dam-didnt-end-with-construction/	News	I	Usina Hidrelétrica de Belo Monte
17	Federal University of Pelotas	https://periodicos.ufpel.edu.br/ojs2/index.php/AT/article/view/2905	Educational and Academic	B	Usina Hidrelétrica de Belo Monte
18	Exame	https://exame.abril.com.br/noticias-sobre/belo-monte/	News	B	Usina Hidrelétrica de Belo Monte
19	R7	https://noticias.r7.com/economia/usina-hidreletrica-belo-monte	News	B	Usina Hidrelétrica de Belo Monte
20	Carta Capital	https://www.cartacapital.com.br/sociedade/apos-um-ano-de-funcionamento-belo-monte-segue-envolta-em-polemicas	News	B	Usina Hidrelétrica de Belo Monte
21	Intertechne	http://www.intertechne.com.br/mercado/uhe-belo-monte-11-233-mw/	Private Companies	B	Usina Hidrelétrica de Belo Monte
22	UOL	https://noticias.uol.com.br/meio-ambiente/ultimas-noticias/ag-estado/2018/04/18/usina-de-belo-monte-ameaca-peixes-raros-do-rio-xingu.htm	News	B	Usina Hidrelétrica de Belo Monte
23	AEC Web	https://www.aecweb.com.br/cont/m/rev/usina-hidreletrica-belo-monte_8212_0_0	Private Companies	B	Usina Hidrelétrica de Belo Monte
24	Colégio Objetivo	http://www.objetivo.br/noticias.asp?id=3642	Educational and Academic	B	Usina Hidrelétrica de Belo Monte
25	ULMA Construction	https://www.ulmaconstruction.com.br/pt-br/projetos/construcoes-industriais-energeticas/usina-hidreletrica-belo-monte-altamira-brasil	Private Companies	B	Usina Hidrelétrica de Belo Monte