post_message	post_created_time	comment_message	comment_created_time	reply_message	reply_created_time	where
Hoje, 21 de março, às 15h48, uma perturbação no Sistema Interligado Nacional - SIN causou o desligamento de cerca de 18.000MW, majoritariamente localizados nas regiões Norte e Nordeste, correspondendo a 22,5% da carga total do SIN naquele momento. Veja mais no link abaixo.	2018-03-21T20:27:45+0000	Mexe na Eletrobrás, mexe!!!!	2018-03-21T20:33:03+0000			Reply
Hoje, 21 de março, às 15h48, uma perturbação no Sistema Interligado Nacional - SIN causou o desligamento de cerca de 18.000MW, majoritariamente localizados nas regiões Norte e Nordeste, correspondendo a 22,5% da carga total do SIN naquele momento. Veja mais no link abaixo.	2018-03-21T20:27:45+0000	Hector Cafisso	2018-03-21T20:36:01+0000			Reply
Hoje, 21 de março, às 15h48, uma perturbação no Sistema Interligado Nacional - SIN causou o desligamento de cerca de 18.000MW, majoritariamente localizados nas regiões Norte e Nordeste, correspondendo a 22,5% da carga total do SIN naquele momento. Veja mais no link abaixo.	2018-03-21T20:27:45+0000	Edvaldo Alves	2018-03-21T20:40:47+0000			Reply
Hoje, 21 de março, às 15h48, uma perturbação no Sistema Interligado Nacional - SIN causou o desligamento de cerca de 18.000MW, majoritariamente localizados nas regiões Norte e Nordeste, correspondendo a 22,5% da carga total do SIN naquele momento. Veja mais no link abaixo.	2018-03-21T20:27:45+0000	Kathleen Laurentino	2018-03-21T21:04:23+0000			Reply
Hoje, 21 de março, às 15h48, uma perturbação no Sistema Interligado Nacional - SIN causou o desligamento de cerca de 18.000MW, majoritariamente localizados nas regiões Norte e Nordeste, correspondendo a 22,5% da carga total do SIN naquele momento. Veja mais no link abaixo.	2018-03-21T20:27:45+0000	Edes M. Da Silva Filhoo	2018-03-21T21:07:05+0000			Reply
Hoje, 21 de março, às 15h48, uma perturbação no Sistema Interligado Nacional - SIN causou o desligamento de cerca de 18.000MW, majoritariamente localizados nas regiões Norte e Nordeste, correspondendo a 22,5% da carga total do SIN naquele momento. Veja mais no link abaixo.	2018-03-21T20:27:45+0000	O que causou essa "perturbação" ?	2018-03-21T21:10:20+0000	Usina de Belo monte realizando testes na linha de transmissao! que nao suportou!	2018-03-21T21:24:35+0000	Reply
Hoje, 21 de março, às 15h48, uma perturbação no Sistema Interligado Nacional - SIN causou o desligamento de cerca de 18.000MW, majoritariamente localizados nas regiões Norte e Nordeste, correspondendo a 22,5% da carga total do SIN naquele momento. Veja mais no link abaixo.	2018-03-21T20:27:45+0000	O que causou essa "perturbação" ?	2018-03-21T21:10:20+0000			Reply
Hoje, 21 de março, às 15h48, uma perturbação no Sistema Interligado Nacional - SIN causou o desligamento de cerca de 18.000MW, majoritariamente localizados nas regiões Norte e Nordeste, correspondendo a 22,5% da carga total do SIN naquele momento. Veja mais no link abaixo.	2018-03-21T20:27:45+0000	Iai quando volta? Incompetentes! deixar boa parte do país sem energia.	2018-03-21T21:31:42+0000			Reply
Hoje, 21 de março, às 15h48, uma perturbação no Sistema Interligado Nacional - SIN causou o desligamento de cerca de 18.000MW, majoritariamente localizados nas regiões Norte e Nordeste, correspondendo a 22,5% da carga total do SIN naquele momento. Veja mais no link abaixo.	2018-03-21T20:27:45+0000	Maraísa Silva	2018-03-21T21:33:23+0000			Reply
Hoje, 21 de março, às 15h48, uma perturbação no Sistema Interligado Nacional - SIN causou o desligamento de cerca de 18.000MW, majoritariamente localizados nas regiões Norte e Nordeste, correspondendo a 22,5% da carga total do SIN naquele momento. Veja mais no link abaixo.	2018-03-21T20:27:45+0000	Energia solar fotovoltaica, entre outros vantagens, traz mais segurança ao Operador Nacional do Sistema (ONS) por meio da geração distribuída  (e não centralizada) de eletricidade.	2018-03-21T21:36:45+0000	Kkkkkkk	2018-03-21T22:41:53+0000	Reply
Hoje, 21 de março, às 15h48, uma perturbação no Sistema Interligado Nacional - SIN causou o desligamento de cerca de 18.000MW, majoritariamente localizados nas regiões Norte e Nordeste, correspondendo a 22,5% da carga total do SIN naquele momento. Veja mais no link abaixo.	2018-03-21T20:27:45+0000	Energia solar fotovoltaica, entre outros vantagens, traz mais segurança ao Operador Nacional do Sistema (ONS) por meio da geração distribuída  (e não centralizada) de eletricidade.	2018-03-21T21:36:45+0000			Reply
Hoje, 21 de março, às 15h48, uma perturbação no Sistema Interligado Nacional - SIN causou o desligamento de cerca de 18.000MW, majoritariamente localizados nas regiões Norte e Nordeste, correspondendo a 22,5% da carga total do SIN naquele momento. Veja mais no link abaixo.	2018-03-21T20:27:45+0000	Isso é uma "Pertubação" ao cidadão. Um agência que não fiscaliza nada, não investe em energia renovável, limpa e SEGURA.. Um serviço que pagamos  CARO para ver essas situações, que na prática o reflexo são  APAGÕES. Um governo vagabundo e incompetente, assim como seus ministros e agregados. A  Corrupção toma conta de todas as instâncias da política, Uma vergonha total para o País.  Agência Nacional de Energia Elétrica - ANEEL - Brasil Ministério de Minas e Energia	2018-03-21T21:53:04+0000			Reply
Hoje, 21 de março, às 15h48, uma perturbação no Sistema Interligado Nacional - SIN causou o desligamento de cerca de 18.000MW, majoritariamente localizados nas regiões Norte e Nordeste, correspondendo a 22,5% da carga total do SIN naquele momento. Veja mais no link abaixo.	2018-03-21T20:27:45+0000	No governo FHC  ele tentou privatizar a Eletrobras e o resultado foi apagão ... Qualquer semelhança é mera conhecidencia	2018-03-21T21:58:02+0000	A manobra foi de empresa privada, concessionária Chinesa... e agora❓	2018-03-23T03:14:04+0000	Reply
Hoje, 21 de março, às 15h48, uma perturbação no Sistema Interligado Nacional - SIN causou o desligamento de cerca de 18.000MW, majoritariamente localizados nas regiões Norte e Nordeste, correspondendo a 22,5% da carga total do SIN naquele momento. Veja mais no link abaixo.	2018-03-21T20:27:45+0000	No governo FHC  ele tentou privatizar a Eletrobras e o resultado foi apagão ... Qualquer semelhança é mera conhecidencia	2018-03-21T21:58:02+0000			Reply
Hoje, 21 de março, às 15h48, uma perturbação no Sistema Interligado Nacional - SIN causou o desligamento de cerca de 18.000MW, majoritariamente localizados nas regiões Norte e Nordeste, correspondendo a 22,5% da carga total do SIN naquele momento. Veja mais no link abaixo.	2018-03-21T20:27:45+0000	http://m.jc.ne10.uol.com.br/canal/economia/nacional/noticia/2018/03/21/apagao-no-norte-e-nordeste-ocorreu-por-falha-em-belo-monte-332288.php?utm_medium=social&utm_source=whatsapp&utm_campaign=social&utm_source=undefined&utm_medium=referral&utm_campaign=mobile-redirect	2018-03-21T23:03:59+0000			Reply
Hoje, 21 de março, às 15h48, uma perturbação no Sistema Interligado Nacional - SIN causou o desligamento de cerca de 18.000MW, majoritariamente localizados nas regiões Norte e Nordeste, correspondendo a 22,5% da carga total do SIN naquele momento. Veja mais no link abaixo.	2018-03-21T20:27:45+0000	Gente. Cadê a energia no Rio Grande do Norte ?.... todos os estados já voltaram só lá que não.	2018-03-21T23:18:32+0000			Reply
Hoje, 21 de março, às 15h48, uma perturbação no Sistema Interligado Nacional - SIN causou o desligamento de cerca de 18.000MW, majoritariamente localizados nas regiões Norte e Nordeste, correspondendo a 22,5% da carga total do SIN naquele momento. Veja mais no link abaixo.	2018-03-21T20:27:45+0000	Escutei na rádio , que isso aconteceu pq  teve que suprir a energia da região sul, uma coisa do tipo...  Teve que desligar a parte do norte / nordeste	2018-03-21T23:24:59+0000	Mano, replica bobagens de leigos não	2018-03-23T03:07:57+0000	Reply
Hoje, 21 de março, às 15h48, uma perturbação no Sistema Interligado Nacional - SIN causou o desligamento de cerca de 18.000MW, majoritariamente localizados nas regiões Norte e Nordeste, correspondendo a 22,5% da carga total do SIN naquele momento. Veja mais no link abaixo.	2018-03-21T20:27:45+0000	Escutei na rádio , que isso aconteceu pq  teve que suprir a energia da região sul, uma coisa do tipo...  Teve que desligar a parte do norte / nordeste	2018-03-21T23:24:59+0000			Reply
Hoje, 21 de março, às 15h48, uma perturbação no Sistema Interligado Nacional - SIN causou o desligamento de cerca de 18.000MW, majoritariamente localizados nas regiões Norte e Nordeste, correspondendo a 22,5% da carga total do SIN naquele momento. Veja mais no link abaixo.	2018-03-21T20:27:45+0000	https://www.facebook.com/kety.marinho/posts/1891638217574528	2018-03-21T23:25:25+0000			Reply
Hoje, 21 de março, às 15h48, uma perturbação no Sistema Interligado Nacional - SIN causou o desligamento de cerca de 18.000MW, majoritariamente localizados nas regiões Norte e Nordeste, correspondendo a 22,5% da carga total do SIN naquele momento. Veja mais no link abaixo.	2018-03-21T20:27:45+0000	Vejam o vídeo	2018-03-21T23:25:44+0000			Reply
Hoje, 21 de março, às 15h48, uma perturbação no Sistema Interligado Nacional - SIN causou o desligamento de cerca de 18.000MW, majoritariamente localizados nas regiões Norte e Nordeste, correspondendo a 22,5% da carga total do SIN naquele momento. Veja mais no link abaixo.	2018-03-21T20:27:45+0000	do que falam é que houve manobra errada de uma terceirizada chinesa que estava fazendo manutenção em horário comercial	2018-03-22T00:20:20+0000			Reply
Hoje, 21 de março, às 15h48, uma perturbação no Sistema Interligado Nacional - SIN causou o desligamento de cerca de 18.000MW, majoritariamente localizados nas regiões Norte e Nordeste, correspondendo a 22,5% da carga total do SIN naquele momento. Veja mais no link abaixo.	2018-03-21T20:27:45+0000	Rafael Ciriaco	2018-03-22T00:31:58+0000			Reply
Hoje, 21 de março, às 15h48, uma perturbação no Sistema Interligado Nacional - SIN causou o desligamento de cerca de 18.000MW, majoritariamente localizados nas regiões Norte e Nordeste, correspondendo a 22,5% da carga total do SIN naquele momento. Veja mais no link abaixo.	2018-03-21T20:27:45+0000	Aqui acabou de chegar a energia. Gandu - Sul da Bahia.	2018-03-22T02:11:12+0000			Reply
Hoje, 21 de março, às 15h48, uma perturbação no Sistema Interligado Nacional - SIN causou o desligamento de cerca de 18.000MW, majoritariamente localizados nas regiões Norte e Nordeste, correspondendo a 22,5% da carga total do SIN naquele momento. Veja mais no link abaixo.	2018-03-21T20:27:45+0000	Pai vc e inteligente de mais orgulho de mais p me	2018-03-22T02:54:02+0000			Reply
Hoje, 21 de março, às 15h48, uma perturbação no Sistema Interligado Nacional - SIN causou o desligamento de cerca de 18.000MW, majoritariamente localizados nas regiões Norte e Nordeste, correspondendo a 22,5% da carga total do SIN naquele momento. Veja mais no link abaixo.	2018-03-21T20:27:45+0000	O Brasil é muito carente de energia e o MWH é muito caro o Governo do Brasil deveria investir na construção de mais hidroelétricas e fontes de energias renováveis como solar e eólica.	2018-03-22T03:14:15+0000			Reply
Hoje, 21 de março, às 15h48, uma perturbação no Sistema Interligado Nacional - SIN causou o desligamento de cerca de 18.000MW, majoritariamente localizados nas regiões Norte e Nordeste, correspondendo a 22,5% da carga total do SIN naquele momento. Veja mais no link abaixo.	2018-03-21T20:27:45+0000	Está respondido !	2018-03-22T03:19:36+0000			Reply
Hoje, 21 de março, às 15h48, uma perturbação no Sistema Interligado Nacional - SIN causou o desligamento de cerca de 18.000MW, majoritariamente localizados nas regiões Norte e Nordeste, correspondendo a 22,5% da carga total do SIN naquele momento. Veja mais no link abaixo.	2018-03-21T20:27:45+0000	Aqui uma explicação do ONS sobre o ocorrido. http://ons.org.br/Paginas/Noticias/20180321-notaaimpresa-complementar.aspx	2018-03-22T03:25:58+0000			Reply
Hoje, 21 de março, às 15h48, uma perturbação no Sistema Interligado Nacional - SIN causou o desligamento de cerca de 18.000MW, majoritariamente localizados nas regiões Norte e Nordeste, correspondendo a 22,5% da carga total do SIN naquele momento. Veja mais no link abaixo.	2018-03-21T20:27:45+0000	Só um disjuntor? Sério mesmo?	2018-03-22T03:34:48+0000			Reply
Hoje, 21 de março, às 15h48, uma perturbação no Sistema Interligado Nacional - SIN causou o desligamento de cerca de 18.000MW, majoritariamente localizados nas regiões Norte e Nordeste, correspondendo a 22,5% da carga total do SIN naquele momento. Veja mais no link abaixo.	2018-03-21T20:27:45+0000	Aqui no Bairro de Maranguape 1/ Paulista / PE estamos a mais de 18H sem energia. JÁ SABEMOS QUE O PROBLEMA DO APAGÃO FOI SANADO, MAS HÁ UM DESCASO DA CELPE COM A LOCALIDADE.	2018-03-22T11:13:27+0000			Reply
Hoje, 21 de março, às 15h48, uma perturbação no Sistema Interligado Nacional - SIN causou o desligamento de cerca de 18.000MW, majoritariamente localizados nas regiões Norte e Nordeste, correspondendo a 22,5% da carga total do SIN naquele momento. Veja mais no link abaixo.	2018-03-21T20:27:45+0000					Reply
Nos últimos cinco anos, a potência instalada no Brasil para geração de energia elétrica a partir da fonte eólica passou de 1,8 mil para 12,3 mil megawatts (MW). Em termos percentuais, a participação da matriz elétrica brasileira deu um salto, de 1,5% em 2012 para 7,8% em 2017. O acréscimo observado, de 10.462 MW, é superior à potência de Itaipu Binacional direcionada ao país (7.000 MW) e se aproxima da potência da Usina Hidrelétrica de Belo Monte (11.233 MW). Confira esses e outros dados na edição mais recente do Boletim de Informações Gerenciais: http://bit.ly/infogerenciais_dezembro2017 Para saber mais sobre micro e minigeração distribuída, leia: http://www.aneel.gov.br/geracao-distribuida ANEEL: Energia que se faz presente. #aneel #energia #dados #eólica #inovação #renovável	2018-03-20T21:05:45+0000	Rafael Fischetti	2018-03-20T21:39:35+0000			Post
Nos últimos cinco anos, a potência instalada no Brasil para geração de energia elétrica a partir da fonte eólica passou de 1,8 mil para 12,3 mil megawatts (MW). Em termos percentuais, a participação da matriz elétrica brasileira deu um salto, de 1,5% em 2012 para 7,8% em 2017. O acréscimo observado, de 10.462 MW, é superior à potência de Itaipu Binacional direcionada ao país (7.000 MW) e se aproxima da potência da Usina Hidrelétrica de Belo Monte (11.233 MW). Confira esses e outros dados na edição mais recente do Boletim de Informações Gerenciais: http://bit.ly/infogerenciais_dezembro2017 Para saber mais sobre micro e minigeração distribuída, leia: http://www.aneel.gov.br/geracao-distribuida ANEEL: Energia que se faz presente. #aneel #energia #dados #eólica #inovação #renovável	2018-03-20T21:05:45+0000	TRANSFORMADOR AV MERITI ALT DO 2.800 VILA DA PENHA C PBS @lightclientes N PROVIDENCIA TROCA MORADORES SEM LUZ TODO DIA @radiotupi	2018-03-21T00:56:17+0000			Post
Nos últimos cinco anos, a potência instalada no Brasil para geração de energia elétrica a partir da fonte eólica passou de 1,8 mil para 12,3 mil megawatts (MW). Em termos percentuais, a participação da matriz elétrica brasileira deu um salto, de 1,5% em 2012 para 7,8% em 2017. O acréscimo observado, de 10.462 MW, é superior à potência de Itaipu Binacional direcionada ao país (7.000 MW) e se aproxima da potência da Usina Hidrelétrica de Belo Monte (11.233 MW). Confira esses e outros dados na edição mais recente do Boletim de Informações Gerenciais: http://bit.ly/infogerenciais_dezembro2017 Para saber mais sobre micro e minigeração distribuída, leia: http://www.aneel.gov.br/geracao-distribuida ANEEL: Energia que se faz presente. #aneel #energia #dados #eólica #inovação #renovável	2018-03-20T21:05:45+0000	o que vcs  tem na  cabeça para  compactuar com aumento  21% ja que  ninguem tem  aumento de salario mais que  4% com execessao dos  politicos.	2018-03-21T20:16:07+0000			Post
Nos últimos cinco anos, a potência instalada no Brasil para geração de energia elétrica a partir da fonte eólica passou de 1,8 mil para 12,3 mil megawatts (MW). Em termos percentuais, a participação da matriz elétrica brasileira deu um salto, de 1,5% em 2012 para 7,8% em 2017. O acréscimo observado, de 10.462 MW, é superior à potência de Itaipu Binacional direcionada ao país (7.000 MW) e se aproxima da potência da Usina Hidrelétrica de Belo Monte (11.233 MW). Confira esses e outros dados na edição mais recente do Boletim de Informações Gerenciais: http://bit.ly/infogerenciais_dezembro2017 Para saber mais sobre micro e minigeração distribuída, leia: http://www.aneel.gov.br/geracao-distribuida ANEEL: Energia que se faz presente. #aneel #energia #dados #eólica #inovação #renovável	2018-03-20T21:05:45+0000		2018-03-22T12:06:26+0000			Post
Nos últimos cinco anos, a potência instalada no Brasil para geração de energia elétrica a partir da fonte eólica passou de 1,8 mil para 12,3 mil megawatts (MW). Em termos percentuais, a participação da matriz elétrica brasileira deu um salto, de 1,5% em 2012 para 7,8% em 2017. O acréscimo observado, de 10.462 MW, é superior à potência de Itaipu Binacional direcionada ao país (7.000 MW) e se aproxima da potência da Usina Hidrelétrica de Belo Monte (11.233 MW). Confira esses e outros dados na edição mais recente do Boletim de Informações Gerenciais: http://bit.ly/infogerenciais_dezembro2017 Para saber mais sobre micro e minigeração distribuída, leia: http://www.aneel.gov.br/geracao-distribuida ANEEL: Energia que se faz presente. #aneel #energia #dados #eólica #inovação #renovável	2018-03-20T21:05:45+0000					Post
Quais são os estados que mais geram energia elétrica no País? Veja os dados na edição mais recente do Boletim de Informações Gerenciais (http://bit.ly/Infogerenciais_junho2017), relativo ao segundo trimestre de 2017.  A publicação exibe um panorama das atividades da ANEEL. Apresenta dados consolidados de geração, transmissão, distribuição, comercialização, qualidade e mercado de energia elétrica. ANEEL 20 Anos: Energia que se faz presente. #aneel #aneel20anos #energia	2017-09-30T12:00:00+0000					Reply
A bandeira tarifária de outubro será vermelha – Patamar 2. Isso significa que, neste mês, sua conta de energia terá um acréscimo em relação ao valor médio que você está acostumado a pagar. Isso acontece porque há condições desfavoráveis de geração de energia, com o aumento da utilização de usinas termelétricas que produzem com maior custo. Cabe destacar que os valores arrecadados com o adicional de bandeiras são revertidos em modicidade tarifária no processo de revisão ou reajuste das tarifas seguinte. Saiba mais: http://bit.ly/Bandeira_outubro_2017 ANEEL 20 Anos: Energia que se faz presente. ‪#aneel20anos‬‬‬‬ ‪#‎aneel‬‬‬‪ #‎energia‬‬‬‬‬‬ #bandeiratarifária‬‬‬‬‬‬‬‬‬‬‬	2017-09-29T19:15:18+0000	Pedro Drumond Junior	2017-09-29T19:19:55+0000			Reply
A bandeira tarifária de outubro será vermelha – Patamar 2. Isso significa que, neste mês, sua conta de energia terá um acréscimo em relação ao valor médio que você está acostumado a pagar. Isso acontece porque há condições desfavoráveis de geração de energia, com o aumento da utilização de usinas termelétricas que produzem com maior custo. Cabe destacar que os valores arrecadados com o adicional de bandeiras são revertidos em modicidade tarifária no processo de revisão ou reajuste das tarifas seguinte. Saiba mais: http://bit.ly/Bandeira_outubro_2017 ANEEL 20 Anos: Energia que se faz presente. ‪#aneel20anos‬‬‬‬ ‪#‎aneel‬‬‬‪ #‎energia‬‬‬‬‬‬ #bandeiratarifária‬‬‬‬‬‬‬‬‬‬‬	2017-09-29T19:15:18+0000	Os consumidores sempre arcando com tudo. Inclusive com a corrupção.	2017-09-29T19:24:41+0000			Reply
A bandeira tarifária de outubro será vermelha – Patamar 2. Isso significa que, neste mês, sua conta de energia terá um acréscimo em relação ao valor médio que você está acostumado a pagar. Isso acontece porque há condições desfavoráveis de geração de energia, com o aumento da utilização de usinas termelétricas que produzem com maior custo. Cabe destacar que os valores arrecadados com o adicional de bandeiras são revertidos em modicidade tarifária no processo de revisão ou reajuste das tarifas seguinte. Saiba mais: http://bit.ly/Bandeira_outubro_2017 ANEEL 20 Anos: Energia que se faz presente. ‪#aneel20anos‬‬‬‬ ‪#‎aneel‬‬‬‪ #‎energia‬‬‬‬‬‬ #bandeiratarifária‬‬‬‬‬‬‬‬‬‬‬	2017-09-29T19:15:18+0000	Diana Amaral	2017-09-29T19:26:56+0000			Reply
A bandeira tarifária de outubro será vermelha – Patamar 2. Isso significa que, neste mês, sua conta de energia terá um acréscimo em relação ao valor médio que você está acostumado a pagar. Isso acontece porque há condições desfavoráveis de geração de energia, com o aumento da utilização de usinas termelétricas que produzem com maior custo. Cabe destacar que os valores arrecadados com o adicional de bandeiras são revertidos em modicidade tarifária no processo de revisão ou reajuste das tarifas seguinte. Saiba mais: http://bit.ly/Bandeira_outubro_2017 ANEEL 20 Anos: Energia que se faz presente. ‪#aneel20anos‬‬‬‬ ‪#‎aneel‬‬‬‪ #‎energia‬‬‬‬‬‬ #bandeiratarifária‬‬‬‬‬‬‬‬‬‬‬	2017-09-29T19:15:18+0000	Por isso que tenho a produção de energia fotovoltaica!	2017-09-29T19:38:53+0000	Fala Edson, me diz quanto você precisou investor para ter este tipo de produção de energia? Você cosegue economizar bem?	2017-09-30T00:33:11+0000	Reply
A bandeira tarifária de outubro será vermelha – Patamar 2. Isso significa que, neste mês, sua conta de energia terá um acréscimo em relação ao valor médio que você está acostumado a pagar. Isso acontece porque há condições desfavoráveis de geração de energia, com o aumento da utilização de usinas termelétricas que produzem com maior custo. Cabe destacar que os valores arrecadados com o adicional de bandeiras são revertidos em modicidade tarifária no processo de revisão ou reajuste das tarifas seguinte. Saiba mais: http://bit.ly/Bandeira_outubro_2017 ANEEL 20 Anos: Energia que se faz presente. ‪#aneel20anos‬‬‬‬ ‪#‎aneel‬‬‬‪ #‎energia‬‬‬‬‬‬ #bandeiratarifária‬‬‬‬‬‬‬‬‬‬‬	2017-09-29T19:15:18+0000	Por isso que tenho a produção de energia fotovoltaica!	2017-09-29T19:38:53+0000	Welber Conceição , retorno em 5 anos, e com garantia de 25 anos de funcionamento ....só me arrependo de uma coisa.... de não ter começado a usar a energia fotovoltaica antes.... Desde que instalei pago apenas taxa mínima... e consigo abater a conta na casa dos meus pais tambem para taxa mínima .	2017-09-30T00:35:33+0000	Reply
A bandeira tarifária de outubro será vermelha – Patamar 2. Isso significa que, neste mês, sua conta de energia terá um acréscimo em relação ao valor médio que você está acostumado a pagar. Isso acontece porque há condições desfavoráveis de geração de energia, com o aumento da utilização de usinas termelétricas que produzem com maior custo. Cabe destacar que os valores arrecadados com o adicional de bandeiras são revertidos em modicidade tarifária no processo de revisão ou reajuste das tarifas seguinte. Saiba mais: http://bit.ly/Bandeira_outubro_2017 ANEEL 20 Anos: Energia que se faz presente. ‪#aneel20anos‬‬‬‬ ‪#‎aneel‬‬‬‪ #‎energia‬‬‬‬‬‬ #bandeiratarifária‬‬‬‬‬‬‬‬‬‬‬	2017-09-29T19:15:18+0000	Por isso que tenho a produção de energia fotovoltaica!	2017-09-29T19:38:53+0000	Se precisar de energia fotovoltaica eu posso fazer um orçamento pra você  Faço projeto e tenho equipamento com custo bem baixo pra você desfrutar do futuro da energia elétrica	2017-09-30T11:51:51+0000	Reply
A bandeira tarifária de outubro será vermelha – Patamar 2. Isso significa que, neste mês, sua conta de energia terá um acréscimo em relação ao valor médio que você está acostumado a pagar. Isso acontece porque há condições desfavoráveis de geração de energia, com o aumento da utilização de usinas termelétricas que produzem com maior custo. Cabe destacar que os valores arrecadados com o adicional de bandeiras são revertidos em modicidade tarifária no processo de revisão ou reajuste das tarifas seguinte. Saiba mais: http://bit.ly/Bandeira_outubro_2017 ANEEL 20 Anos: Energia que se faz presente. ‪#aneel20anos‬‬‬‬ ‪#‎aneel‬‬‬‪ #‎energia‬‬‬‬‬‬ #bandeiratarifária‬‬‬‬‬‬‬‬‬‬‬	2017-09-29T19:15:18+0000	Por isso que tenho a produção de energia fotovoltaica!	2017-09-29T19:38:53+0000			Reply
A bandeira tarifária de outubro será vermelha – Patamar 2. Isso significa que, neste mês, sua conta de energia terá um acréscimo em relação ao valor médio que você está acostumado a pagar. Isso acontece porque há condições desfavoráveis de geração de energia, com o aumento da utilização de usinas termelétricas que produzem com maior custo. Cabe destacar que os valores arrecadados com o adicional de bandeiras são revertidos em modicidade tarifária no processo de revisão ou reajuste das tarifas seguinte. Saiba mais: http://bit.ly/Bandeira_outubro_2017 ANEEL 20 Anos: Energia que se faz presente. ‪#aneel20anos‬‬‬‬ ‪#‎aneel‬‬‬‪ #‎energia‬‬‬‬‬‬ #bandeiratarifária‬‬‬‬‬‬‬‬‬‬‬	2017-09-29T19:15:18+0000	Lana Lemes	2017-09-29T19:51:33+0000	Não sei se estou mais triste porque vou pagar mais caro ou se é porque vou ter que alterar todas as tarifas 😂	2017-09-29T20:04:50+0000	Reply
A bandeira tarifária de outubro será vermelha – Patamar 2. Isso significa que, neste mês, sua conta de energia terá um acréscimo em relação ao valor médio que você está acostumado a pagar. Isso acontece porque há condições desfavoráveis de geração de energia, com o aumento da utilização de usinas termelétricas que produzem com maior custo. Cabe destacar que os valores arrecadados com o adicional de bandeiras são revertidos em modicidade tarifária no processo de revisão ou reajuste das tarifas seguinte. Saiba mais: http://bit.ly/Bandeira_outubro_2017 ANEEL 20 Anos: Energia que se faz presente. ‪#aneel20anos‬‬‬‬ ‪#‎aneel‬‬‬‪ #‎energia‬‬‬‬‬‬ #bandeiratarifária‬‬‬‬‬‬‬‬‬‬‬	2017-09-29T19:15:18+0000	Lana Lemes	2017-09-29T19:51:33+0000	Lana Lemes 🤣🤣🤣🤣 acho que eh pq vc terá que alterar todas kkkkkk	2017-09-29T20:11:19+0000	Reply
A bandeira tarifária de outubro será vermelha – Patamar 2. Isso significa que, neste mês, sua conta de energia terá um acréscimo em relação ao valor médio que você está acostumado a pagar. Isso acontece porque há condições desfavoráveis de geração de energia, com o aumento da utilização de usinas termelétricas que produzem com maior custo. Cabe destacar que os valores arrecadados com o adicional de bandeiras são revertidos em modicidade tarifária no processo de revisão ou reajuste das tarifas seguinte. Saiba mais: http://bit.ly/Bandeira_outubro_2017 ANEEL 20 Anos: Energia que se faz presente. ‪#aneel20anos‬‬‬‬ ‪#‎aneel‬‬‬‪ #‎energia‬‬‬‬‬‬ #bandeiratarifária‬‬‬‬‬‬‬‬‬‬‬	2017-09-29T19:15:18+0000	Lana Lemes	2017-09-29T19:51:33+0000			Reply
A bandeira tarifária de outubro será vermelha – Patamar 2. Isso significa que, neste mês, sua conta de energia terá um acréscimo em relação ao valor médio que você está acostumado a pagar. Isso acontece porque há condições desfavoráveis de geração de energia, com o aumento da utilização de usinas termelétricas que produzem com maior custo. Cabe destacar que os valores arrecadados com o adicional de bandeiras são revertidos em modicidade tarifária no processo de revisão ou reajuste das tarifas seguinte. Saiba mais: http://bit.ly/Bandeira_outubro_2017 ANEEL 20 Anos: Energia que se faz presente. ‪#aneel20anos‬‬‬‬ ‪#‎aneel‬‬‬‪ #‎energia‬‬‬‬‬‬ #bandeiratarifária‬‬‬‬‬‬‬‬‬‬‬	2017-09-29T19:15:18+0000	Dulcimara Alves, Yuri de Castro	2017-09-29T20:08:21+0000			Reply
A bandeira tarifária de outubro será vermelha – Patamar 2. Isso significa que, neste mês, sua conta de energia terá um acréscimo em relação ao valor médio que você está acostumado a pagar. Isso acontece porque há condições desfavoráveis de geração de energia, com o aumento da utilização de usinas termelétricas que produzem com maior custo. Cabe destacar que os valores arrecadados com o adicional de bandeiras são revertidos em modicidade tarifária no processo de revisão ou reajuste das tarifas seguinte. Saiba mais: http://bit.ly/Bandeira_outubro_2017 ANEEL 20 Anos: Energia que se faz presente. ‪#aneel20anos‬‬‬‬ ‪#‎aneel‬‬‬‪ #‎energia‬‬‬‬‬‬ #bandeiratarifária‬‬‬‬‬‬‬‬‬‬‬	2017-09-29T19:15:18+0000	👀 Julieta da Silva Juliana Pereira M Célia Avelino Gabriela Avelino	2017-09-29T21:51:50+0000	Como sempre ,,, sobra pra nós	2017-09-29T21:55:48+0000	Reply
A bandeira tarifária de outubro será vermelha – Patamar 2. Isso significa que, neste mês, sua conta de energia terá um acréscimo em relação ao valor médio que você está acostumado a pagar. Isso acontece porque há condições desfavoráveis de geração de energia, com o aumento da utilização de usinas termelétricas que produzem com maior custo. Cabe destacar que os valores arrecadados com o adicional de bandeiras são revertidos em modicidade tarifária no processo de revisão ou reajuste das tarifas seguinte. Saiba mais: http://bit.ly/Bandeira_outubro_2017 ANEEL 20 Anos: Energia que se faz presente. ‪#aneel20anos‬‬‬‬ ‪#‎aneel‬‬‬‪ #‎energia‬‬‬‬‬‬ #bandeiratarifária‬‬‬‬‬‬‬‬‬‬‬	2017-09-29T19:15:18+0000	👀 Julieta da Silva Juliana Pereira M Célia Avelino Gabriela Avelino	2017-09-29T21:51:50+0000	Que absurdo! Engraçado, isso só desfavorece o trabalhador...que mundo é esse!	2017-09-30T08:11:21+0000	Reply
A bandeira tarifária de outubro será vermelha – Patamar 2. Isso significa que, neste mês, sua conta de energia terá um acréscimo em relação ao valor médio que você está acostumado a pagar. Isso acontece porque há condições desfavoráveis de geração de energia, com o aumento da utilização de usinas termelétricas que produzem com maior custo. Cabe destacar que os valores arrecadados com o adicional de bandeiras são revertidos em modicidade tarifária no processo de revisão ou reajuste das tarifas seguinte. Saiba mais: http://bit.ly/Bandeira_outubro_2017 ANEEL 20 Anos: Energia que se faz presente. ‪#aneel20anos‬‬‬‬ ‪#‎aneel‬‬‬‪ #‎energia‬‬‬‬‬‬ #bandeiratarifária‬‬‬‬‬‬‬‬‬‬‬	2017-09-29T19:15:18+0000	👀 Julieta da Silva Juliana Pereira M Célia Avelino Gabriela Avelino	2017-09-29T21:51:50+0000	Que absurdo! ! !	2017-10-01T01:51:56+0000	Reply
A bandeira tarifária de outubro será vermelha – Patamar 2. Isso significa que, neste mês, sua conta de energia terá um acréscimo em relação ao valor médio que você está acostumado a pagar. Isso acontece porque há condições desfavoráveis de geração de energia, com o aumento da utilização de usinas termelétricas que produzem com maior custo. Cabe destacar que os valores arrecadados com o adicional de bandeiras são revertidos em modicidade tarifária no processo de revisão ou reajuste das tarifas seguinte. Saiba mais: http://bit.ly/Bandeira_outubro_2017 ANEEL 20 Anos: Energia que se faz presente. ‪#aneel20anos‬‬‬‬ ‪#‎aneel‬‬‬‪ #‎energia‬‬‬‬‬‬ #bandeiratarifária‬‬‬‬‬‬‬‬‬‬‬	2017-09-29T19:15:18+0000	👀 Julieta da Silva Juliana Pereira M Célia Avelino Gabriela Avelino	2017-09-29T21:51:50+0000			Reply
A bandeira tarifária de outubro será vermelha – Patamar 2. Isso significa que, neste mês, sua conta de energia terá um acréscimo em relação ao valor médio que você está acostumado a pagar. Isso acontece porque há condições desfavoráveis de geração de energia, com o aumento da utilização de usinas termelétricas que produzem com maior custo. Cabe destacar que os valores arrecadados com o adicional de bandeiras são revertidos em modicidade tarifária no processo de revisão ou reajuste das tarifas seguinte. Saiba mais: http://bit.ly/Bandeira_outubro_2017 ANEEL 20 Anos: Energia que se faz presente. ‪#aneel20anos‬‬‬‬ ‪#‎aneel‬‬‬‪ #‎energia‬‬‬‬‬‬ #bandeiratarifária‬‬‬‬‬‬‬‬‬‬‬	2017-09-29T19:15:18+0000	Safadeza isso, os políticos que roubam e nós é que pagamos o pato.	2017-09-29T23:36:24+0000			Reply
A bandeira tarifária de outubro será vermelha – Patamar 2. Isso significa que, neste mês, sua conta de energia terá um acréscimo em relação ao valor médio que você está acostumado a pagar. Isso acontece porque há condições desfavoráveis de geração de energia, com o aumento da utilização de usinas termelétricas que produzem com maior custo. Cabe destacar que os valores arrecadados com o adicional de bandeiras são revertidos em modicidade tarifária no processo de revisão ou reajuste das tarifas seguinte. Saiba mais: http://bit.ly/Bandeira_outubro_2017 ANEEL 20 Anos: Energia que se faz presente. ‪#aneel20anos‬‬‬‬ ‪#‎aneel‬‬‬‪ #‎energia‬‬‬‬‬‬ #bandeiratarifária‬‬‬‬‬‬‬‬‬‬‬	2017-09-29T19:15:18+0000	"Mãos ao alto"   \o/	2017-09-29T23:44:12+0000			Reply
A bandeira tarifária de outubro será vermelha – Patamar 2. Isso significa que, neste mês, sua conta de energia terá um acréscimo em relação ao valor médio que você está acostumado a pagar. Isso acontece porque há condições desfavoráveis de geração de energia, com o aumento da utilização de usinas termelétricas que produzem com maior custo. Cabe destacar que os valores arrecadados com o adicional de bandeiras são revertidos em modicidade tarifária no processo de revisão ou reajuste das tarifas seguinte. Saiba mais: http://bit.ly/Bandeira_outubro_2017 ANEEL 20 Anos: Energia que se faz presente. ‪#aneel20anos‬‬‬‬ ‪#‎aneel‬‬‬‪ #‎energia‬‬‬‬‬‬ #bandeiratarifária‬‬‬‬‬‬‬‬‬‬‬	2017-09-29T19:15:18+0000	Pollyanna Alcântara	2017-09-29T23:47:47+0000			Reply
A bandeira tarifária de outubro será vermelha – Patamar 2. Isso significa que, neste mês, sua conta de energia terá um acréscimo em relação ao valor médio que você está acostumado a pagar. Isso acontece porque há condições desfavoráveis de geração de energia, com o aumento da utilização de usinas termelétricas que produzem com maior custo. Cabe destacar que os valores arrecadados com o adicional de bandeiras são revertidos em modicidade tarifária no processo de revisão ou reajuste das tarifas seguinte. Saiba mais: http://bit.ly/Bandeira_outubro_2017 ANEEL 20 Anos: Energia que se faz presente. ‪#aneel20anos‬‬‬‬ ‪#‎aneel‬‬‬‪ #‎energia‬‬‬‬‬‬ #bandeiratarifária‬‬‬‬‬‬‬‬‬‬‬	2017-09-29T19:15:18+0000	A ANEEL é uma vergonha nacional. Nunca toma o partido do consumidor que paga a Conta de energia mais cara do planeta. Já era para ter sido extinta há muito tempo!!!	2017-09-30T00:14:35+0000	Na verdade a conta de energia é cara não é por causa da Aneel. Sugiro ver na sua conta de energia que aproximadamente 50% do valor da tarifa vem de impostos e tributos. Esses não são criados nem alterados pela Aneel e sim pelo congresso nacional.  No mais a energia fica mais cara agora pois a situação dos reservatórios estão em níveis baixíssimo, principalmente aqueles que de fato alimentam os principais sistemas consumidores de energia sudeste, centro-oeste e nordeste.  Recomendo ver esse link que mostra como se encontra os reservatórios ...  No mais as restrições ambientais hoje impedem muito a construção de usinas com reservatórios de acumulação, belo monte por exemplo, foi construída para operar a fio d'água. Usinas eólicas mesmo gerando a um custo mais baixo e com um aumento expressivo nos últimos anos não tem condições de suprir todo o consumo, principalmente nos horários de pico. As alternativas seriam usinas hidrelétricas (mais baratas) ou térmicas (mais caras) . Conforme dito, os reservatórios do país estão em baixa, restando apenas as usinas térmicas para sustentar o consumo de energia no sistema.    http://www.ons.org.br/pt/paginas/energia-agora/reservatorios.	2017-09-30T12:57:46+0000	Reply
A bandeira tarifária de outubro será vermelha – Patamar 2. Isso significa que, neste mês, sua conta de energia terá um acréscimo em relação ao valor médio que você está acostumado a pagar. Isso acontece porque há condições desfavoráveis de geração de energia, com o aumento da utilização de usinas termelétricas que produzem com maior custo. Cabe destacar que os valores arrecadados com o adicional de bandeiras são revertidos em modicidade tarifária no processo de revisão ou reajuste das tarifas seguinte. Saiba mais: http://bit.ly/Bandeira_outubro_2017 ANEEL 20 Anos: Energia que se faz presente. ‪#aneel20anos‬‬‬‬ ‪#‎aneel‬‬‬‪ #‎energia‬‬‬‬‬‬ #bandeiratarifária‬‬‬‬‬‬‬‬‬‬‬	2017-09-29T19:15:18+0000	A ANEEL é uma vergonha nacional. Nunca toma o partido do consumidor que paga a Conta de energia mais cara do planeta. Já era para ter sido extinta há muito tempo!!!	2017-09-30T00:14:35+0000	O problema é que a ANEEL como agência reguladora nunca sai a favor do consumidor quando o assunto é a aprovação dos reajustes de energia elétrica no Brasil que são verdadeiros absurdos. Na verdade é uma agência reguladora que não faria falta nenhuma se fosse extinta.	2017-09-30T13:57:16+0000	Reply
A bandeira tarifária de outubro será vermelha – Patamar 2. Isso significa que, neste mês, sua conta de energia terá um acréscimo em relação ao valor médio que você está acostumado a pagar. Isso acontece porque há condições desfavoráveis de geração de energia, com o aumento da utilização de usinas termelétricas que produzem com maior custo. Cabe destacar que os valores arrecadados com o adicional de bandeiras são revertidos em modicidade tarifária no processo de revisão ou reajuste das tarifas seguinte. Saiba mais: http://bit.ly/Bandeira_outubro_2017 ANEEL 20 Anos: Energia que se faz presente. ‪#aneel20anos‬‬‬‬ ‪#‎aneel‬‬‬‪ #‎energia‬‬‬‬‬‬ #bandeiratarifária‬‬‬‬‬‬‬‬‬‬‬	2017-09-29T19:15:18+0000	A ANEEL é uma vergonha nacional. Nunca toma o partido do consumidor que paga a Conta de energia mais cara do planeta. Já era para ter sido extinta há muito tempo!!!	2017-09-30T00:14:35+0000	Grande Renato Falcão é bom quando encontramos pessoas que entendem do assunto!! Bela colocação, só acrescento o fato dos baixos níveis influenciar no PLD e consequentemente no CMO...todos estão com valores altíssimos por causa da tomada de decisão de não usar os poucos volumes de água que estão armazenados.	2017-09-30T16:13:57+0000	Reply
A bandeira tarifária de outubro será vermelha – Patamar 2. Isso significa que, neste mês, sua conta de energia terá um acréscimo em relação ao valor médio que você está acostumado a pagar. Isso acontece porque há condições desfavoráveis de geração de energia, com o aumento da utilização de usinas termelétricas que produzem com maior custo. Cabe destacar que os valores arrecadados com o adicional de bandeiras são revertidos em modicidade tarifária no processo de revisão ou reajuste das tarifas seguinte. Saiba mais: http://bit.ly/Bandeira_outubro_2017 ANEEL 20 Anos: Energia que se faz presente. ‪#aneel20anos‬‬‬‬ ‪#‎aneel‬‬‬‪ #‎energia‬‬‬‬‬‬ #bandeiratarifária‬‬‬‬‬‬‬‬‬‬‬	2017-09-29T19:15:18+0000	A ANEEL é uma vergonha nacional. Nunca toma o partido do consumidor que paga a Conta de energia mais cara do planeta. Já era para ter sido extinta há muito tempo!!!	2017-09-30T00:14:35+0000	Marcus, aí tem uma questão conceitual. Agência Reguladora não foi criada para defender consumidor. Ela é criada para que o mercado funcione em equilíbrio, resumidamente é isso.  No mais ,o mercado de distribuição de energia elétrica constitui um monopólio natural. Na falta de uma agência reguladora , o dono do monopólio que é a distribuidora vai certamente cobrar uma tarifa bem superior aos seus custos marginais. Ou seja, a agência reguladora faz sim falta. E ainda tem outras questões de qualidade no fornecimento de energia que também é monitorada pela Agência.  Além disso reajuste sempre existirão com agência reguladora ou não, afinal os próprios insumos utilizados para o serviço de fornecimento aumentam também... Salários, fornecedores de equipamentos, compra de energia das geradoras, investimentos em reforço de rede etc etc ...	2017-09-30T17:00:26+0000	Reply
A bandeira tarifária de outubro será vermelha – Patamar 2. Isso significa que, neste mês, sua conta de energia terá um acréscimo em relação ao valor médio que você está acostumado a pagar. Isso acontece porque há condições desfavoráveis de geração de energia, com o aumento da utilização de usinas termelétricas que produzem com maior custo. Cabe destacar que os valores arrecadados com o adicional de bandeiras são revertidos em modicidade tarifária no processo de revisão ou reajuste das tarifas seguinte. Saiba mais: http://bit.ly/Bandeira_outubro_2017 ANEEL 20 Anos: Energia que se faz presente. ‪#aneel20anos‬‬‬‬ ‪#‎aneel‬‬‬‪ #‎energia‬‬‬‬‬‬ #bandeiratarifária‬‬‬‬‬‬‬‬‬‬‬	2017-09-29T19:15:18+0000	A ANEEL é uma vergonha nacional. Nunca toma o partido do consumidor que paga a Conta de energia mais cara do planeta. Já era para ter sido extinta há muito tempo!!!	2017-09-30T00:14:35+0000	Eu trabalhei dezesseis anos na área de telecomunicações e conheci muito de perto o trabalho da Anatel, que é a agência que regula essa área, e  apesar das críticas que tenho contra a atuação da Anatel em algumas áreas da regulação do setor, acho que ela presta um serviço ao usuário do serviço de telecomunicações muito mais relevante que a ANEEL, por exemplo, depois de aberta uma reclamação contra uma operadora, esta tem 5 dias para dar uma resposta ao reclamante, caso contrário, poderá sofrer pesadas multas. Eu mesmo já abri várias reclamações e em todas eu fui atendido no prazo estipulado. Quanto à ANEEL, a operadora tem 30 dias para responder a uma reclamação feita pelo consumidor, e ainda assim, não se tem nenhuma garantia que a pendência será solucionada. Eu já fiz reclamação contra a minha operadora e, infelizmente, não obtive nenhum resultado. Portanto, quando eu me refiro à proteção do consumidor contra os abusos pelas operadoras, infelizmente, a ANEEL tem deixado muito a desejar.	2017-10-01T14:20:29+0000	Reply
A bandeira tarifária de outubro será vermelha – Patamar 2. Isso significa que, neste mês, sua conta de energia terá um acréscimo em relação ao valor médio que você está acostumado a pagar. Isso acontece porque há condições desfavoráveis de geração de energia, com o aumento da utilização de usinas termelétricas que produzem com maior custo. Cabe destacar que os valores arrecadados com o adicional de bandeiras são revertidos em modicidade tarifária no processo de revisão ou reajuste das tarifas seguinte. Saiba mais: http://bit.ly/Bandeira_outubro_2017 ANEEL 20 Anos: Energia que se faz presente. ‪#aneel20anos‬‬‬‬ ‪#‎aneel‬‬‬‪ #‎energia‬‬‬‬‬‬ #bandeiratarifária‬‬‬‬‬‬‬‬‬‬‬	2017-09-29T19:15:18+0000	A ANEEL é uma vergonha nacional. Nunca toma o partido do consumidor que paga a Conta de energia mais cara do planeta. Já era para ter sido extinta há muito tempo!!!	2017-09-30T00:14:35+0000			Reply
A bandeira tarifária de outubro será vermelha – Patamar 2. Isso significa que, neste mês, sua conta de energia terá um acréscimo em relação ao valor médio que você está acostumado a pagar. Isso acontece porque há condições desfavoráveis de geração de energia, com o aumento da utilização de usinas termelétricas que produzem com maior custo. Cabe destacar que os valores arrecadados com o adicional de bandeiras são revertidos em modicidade tarifária no processo de revisão ou reajuste das tarifas seguinte. Saiba mais: http://bit.ly/Bandeira_outubro_2017 ANEEL 20 Anos: Energia que se faz presente. ‪#aneel20anos‬‬‬‬ ‪#‎aneel‬‬‬‪ #‎energia‬‬‬‬‬‬ #bandeiratarifária‬‬‬‬‬‬‬‬‬‬‬	2017-09-29T19:15:18+0000	Manda o Cabral pagar	2017-09-30T01:24:25+0000			Reply
A bandeira tarifária de outubro será vermelha – Patamar 2. Isso significa que, neste mês, sua conta de energia terá um acréscimo em relação ao valor médio que você está acostumado a pagar. Isso acontece porque há condições desfavoráveis de geração de energia, com o aumento da utilização de usinas termelétricas que produzem com maior custo. Cabe destacar que os valores arrecadados com o adicional de bandeiras são revertidos em modicidade tarifária no processo de revisão ou reajuste das tarifas seguinte. Saiba mais: http://bit.ly/Bandeira_outubro_2017 ANEEL 20 Anos: Energia que se faz presente. ‪#aneel20anos‬‬‬‬ ‪#‎aneel‬‬‬‪ #‎energia‬‬‬‬‬‬ #bandeiratarifária‬‬‬‬‬‬‬‬‬‬‬	2017-09-29T19:15:18+0000	Por que ontem a usina de volta grande estava vertendo agua ? Se esta em falta ?	2017-09-30T01:46:14+0000	Acho difícil Volta Grande estar vertendo ... Ainda mais que os reservatórios do Grande estão bem baixos e a chuva que possivelmente vem caindo está sendo retida neles.  Vale lembrar que a seca que atinge o abastecimento das cidades também atinge os reservatórios de geração de energia.  http://www.ons.org.br/pt/paginas/energia-agora/reservatorios	2017-09-30T13:03:44+0000	Reply
A bandeira tarifária de outubro será vermelha – Patamar 2. Isso significa que, neste mês, sua conta de energia terá um acréscimo em relação ao valor médio que você está acostumado a pagar. Isso acontece porque há condições desfavoráveis de geração de energia, com o aumento da utilização de usinas termelétricas que produzem com maior custo. Cabe destacar que os valores arrecadados com o adicional de bandeiras são revertidos em modicidade tarifária no processo de revisão ou reajuste das tarifas seguinte. Saiba mais: http://bit.ly/Bandeira_outubro_2017 ANEEL 20 Anos: Energia que se faz presente. ‪#aneel20anos‬‬‬‬ ‪#‎aneel‬‬‬‪ #‎energia‬‬‬‬‬‬ #bandeiratarifária‬‬‬‬‬‬‬‬‬‬‬	2017-09-29T19:15:18+0000	Por que ontem a usina de volta grande estava vertendo agua ? Se esta em falta ?	2017-09-30T01:46:14+0000	Também pode ser visto em "tempo real", os níveis dos reservatórios... No próprio site do ONS.	2017-09-30T16:14:58+0000	Reply
A bandeira tarifária de outubro será vermelha – Patamar 2. Isso significa que, neste mês, sua conta de energia terá um acréscimo em relação ao valor médio que você está acostumado a pagar. Isso acontece porque há condições desfavoráveis de geração de energia, com o aumento da utilização de usinas termelétricas que produzem com maior custo. Cabe destacar que os valores arrecadados com o adicional de bandeiras são revertidos em modicidade tarifária no processo de revisão ou reajuste das tarifas seguinte. Saiba mais: http://bit.ly/Bandeira_outubro_2017 ANEEL 20 Anos: Energia que se faz presente. ‪#aneel20anos‬‬‬‬ ‪#‎aneel‬‬‬‪ #‎energia‬‬‬‬‬‬ #bandeiratarifária‬‬‬‬‬‬‬‬‬‬‬	2017-09-29T19:15:18+0000	Por que ontem a usina de volta grande estava vertendo agua ? Se esta em falta ?	2017-09-30T01:46:14+0000	Renato Falcão passei la quinta e sexta e duas comportas abertas. Portanto não é difícil como disse é realidade.	2017-09-30T17:40:15+0000	Reply
A bandeira tarifária de outubro será vermelha – Patamar 2. Isso significa que, neste mês, sua conta de energia terá um acréscimo em relação ao valor médio que você está acostumado a pagar. Isso acontece porque há condições desfavoráveis de geração de energia, com o aumento da utilização de usinas termelétricas que produzem com maior custo. Cabe destacar que os valores arrecadados com o adicional de bandeiras são revertidos em modicidade tarifária no processo de revisão ou reajuste das tarifas seguinte. Saiba mais: http://bit.ly/Bandeira_outubro_2017 ANEEL 20 Anos: Energia que se faz presente. ‪#aneel20anos‬‬‬‬ ‪#‎aneel‬‬‬‪ #‎energia‬‬‬‬‬‬ #bandeiratarifária‬‬‬‬‬‬‬‬‬‬‬	2017-09-29T19:15:18+0000	Por que ontem a usina de volta grande estava vertendo agua ? Se esta em falta ?	2017-09-30T01:46:14+0000			Reply
A bandeira tarifária de outubro será vermelha – Patamar 2. Isso significa que, neste mês, sua conta de energia terá um acréscimo em relação ao valor médio que você está acostumado a pagar. Isso acontece porque há condições desfavoráveis de geração de energia, com o aumento da utilização de usinas termelétricas que produzem com maior custo. Cabe destacar que os valores arrecadados com o adicional de bandeiras são revertidos em modicidade tarifária no processo de revisão ou reajuste das tarifas seguinte. Saiba mais: http://bit.ly/Bandeira_outubro_2017 ANEEL 20 Anos: Energia que se faz presente. ‪#aneel20anos‬‬‬‬ ‪#‎aneel‬‬‬‪ #‎energia‬‬‬‬‬‬ #bandeiratarifária‬‬‬‬‬‬‬‬‬‬‬	2017-09-29T19:15:18+0000	Michel Kazmierski Osmar Leite Junior Lauro Neto	2017-09-30T10:52:45+0000			Reply
A bandeira tarifária de outubro será vermelha – Patamar 2. Isso significa que, neste mês, sua conta de energia terá um acréscimo em relação ao valor médio que você está acostumado a pagar. Isso acontece porque há condições desfavoráveis de geração de energia, com o aumento da utilização de usinas termelétricas que produzem com maior custo. Cabe destacar que os valores arrecadados com o adicional de bandeiras são revertidos em modicidade tarifária no processo de revisão ou reajuste das tarifas seguinte. Saiba mais: http://bit.ly/Bandeira_outubro_2017 ANEEL 20 Anos: Energia que se faz presente. ‪#aneel20anos‬‬‬‬ ‪#‎aneel‬‬‬‪ #‎energia‬‬‬‬‬‬ #bandeiratarifária‬‬‬‬‬‬‬‬‬‬‬	2017-09-29T19:15:18+0000	Thaís Gabriele Magro #energiasolar	2017-09-30T12:12:26+0000			Reply
A bandeira tarifária de outubro será vermelha – Patamar 2. Isso significa que, neste mês, sua conta de energia terá um acréscimo em relação ao valor médio que você está acostumado a pagar. Isso acontece porque há condições desfavoráveis de geração de energia, com o aumento da utilização de usinas termelétricas que produzem com maior custo. Cabe destacar que os valores arrecadados com o adicional de bandeiras são revertidos em modicidade tarifária no processo de revisão ou reajuste das tarifas seguinte. Saiba mais: http://bit.ly/Bandeira_outubro_2017 ANEEL 20 Anos: Energia que se faz presente. ‪#aneel20anos‬‬‬‬ ‪#‎aneel‬‬‬‪ #‎energia‬‬‬‬‬‬ #bandeiratarifária‬‬‬‬‬‬‬‬‬‬‬	2017-09-29T19:15:18+0000	De é vencimento Outubro porém de uso Setembro!! ! como pode esse conta uso setembro vir com aumento absurdo de R $ 64, 40!!!	2017-09-30T16:34:46+0000			Reply
A bandeira tarifária de outubro será vermelha – Patamar 2. Isso significa que, neste mês, sua conta de energia terá um acréscimo em relação ao valor médio que você está acostumado a pagar. Isso acontece porque há condições desfavoráveis de geração de energia, com o aumento da utilização de usinas termelétricas que produzem com maior custo. Cabe destacar que os valores arrecadados com o adicional de bandeiras são revertidos em modicidade tarifária no processo de revisão ou reajuste das tarifas seguinte. Saiba mais: http://bit.ly/Bandeira_outubro_2017 ANEEL 20 Anos: Energia que se faz presente. ‪#aneel20anos‬‬‬‬ ‪#‎aneel‬‬‬‪ #‎energia‬‬‬‬‬‬ #bandeiratarifária‬‬‬‬‬‬‬‬‬‬‬	2017-09-29T19:15:18+0000	A Ligth está mais cara que o ouro onde vamos parar a quem reclamar?!	2017-09-30T16:36:05+0000			Reply
A bandeira tarifária de outubro será vermelha – Patamar 2. Isso significa que, neste mês, sua conta de energia terá um acréscimo em relação ao valor médio que você está acostumado a pagar. Isso acontece porque há condições desfavoráveis de geração de energia, com o aumento da utilização de usinas termelétricas que produzem com maior custo. Cabe destacar que os valores arrecadados com o adicional de bandeiras são revertidos em modicidade tarifária no processo de revisão ou reajuste das tarifas seguinte. Saiba mais: http://bit.ly/Bandeira_outubro_2017 ANEEL 20 Anos: Energia que se faz presente. ‪#aneel20anos‬‬‬‬ ‪#‎aneel‬‬‬‪ #‎energia‬‬‬‬‬‬ #bandeiratarifária‬‬‬‬‬‬‬‬‬‬‬	2017-09-29T19:15:18+0000	Rogério Campos Nelci Teles Juliana Sousa	2017-10-01T11:18:51+0000			Reply
A bandeira tarifária de outubro será vermelha – Patamar 2. Isso significa que, neste mês, sua conta de energia terá um acréscimo em relação ao valor médio que você está acostumado a pagar. Isso acontece porque há condições desfavoráveis de geração de energia, com o aumento da utilização de usinas termelétricas que produzem com maior custo. Cabe destacar que os valores arrecadados com o adicional de bandeiras são revertidos em modicidade tarifária no processo de revisão ou reajuste das tarifas seguinte. Saiba mais: http://bit.ly/Bandeira_outubro_2017 ANEEL 20 Anos: Energia que se faz presente. ‪#aneel20anos‬‬‬‬ ‪#‎aneel‬‬‬‪ #‎energia‬‬‬‬‬‬ #bandeiratarifária‬‬‬‬‬‬‬‬‬‬‬	2017-09-29T19:15:18+0000	oi linda vamo dormir sem ar condicionado? Felipe Venturim kkkkkkkk	2017-10-10T20:19:19+0000			Reply
A bandeira tarifária de outubro será vermelha – Patamar 2. Isso significa que, neste mês, sua conta de energia terá um acréscimo em relação ao valor médio que você está acostumado a pagar. Isso acontece porque há condições desfavoráveis de geração de energia, com o aumento da utilização de usinas termelétricas que produzem com maior custo. Cabe destacar que os valores arrecadados com o adicional de bandeiras são revertidos em modicidade tarifária no processo de revisão ou reajuste das tarifas seguinte. Saiba mais: http://bit.ly/Bandeira_outubro_2017 ANEEL 20 Anos: Energia que se faz presente. ‪#aneel20anos‬‬‬‬ ‪#‎aneel‬‬‬‪ #‎energia‬‬‬‬‬‬ #bandeiratarifária‬‬‬‬‬‬‬‬‬‬‬	2017-09-29T19:15:18+0000	Isabelle De Castro Andrade de Souza	2017-10-17T23:51:04+0000			Reply
A bandeira tarifária de outubro será vermelha – Patamar 2. Isso significa que, neste mês, sua conta de energia terá um acréscimo em relação ao valor médio que você está acostumado a pagar. Isso acontece porque há condições desfavoráveis de geração de energia, com o aumento da utilização de usinas termelétricas que produzem com maior custo. Cabe destacar que os valores arrecadados com o adicional de bandeiras são revertidos em modicidade tarifária no processo de revisão ou reajuste das tarifas seguinte. Saiba mais: http://bit.ly/Bandeira_outubro_2017 ANEEL 20 Anos: Energia que se faz presente. ‪#aneel20anos‬‬‬‬ ‪#‎aneel‬‬‬‪ #‎energia‬‬‬‬‬‬ #bandeiratarifária‬‬‬‬‬‬‬‬‬‬‬	2017-09-29T19:15:18+0000					Reply
Há 20 anos, a ANEEL acompanha a expansão da oferta de geração de energia elétrica no Brasil. Para cada nova usina em fase de implantação, a fiscalização é feita por monitoramento, ações à distância e presenciais com uma abordagem estratégica baseada na orientação às empresas sobre obrigações estabelecidas e na prevenção do descumprimento dessas obrigações. A situação de cada usina em implantação, por fonte, é atualizada mensalmente e divulgada em www.aneel.gov.br/acompanhamento-da-expansao-da-oferta-de-geracao-de-energia-eletrica. Também publicamos relatórios que traçam panorama de todo o cenário, disponíveis no endereço: http://www.aneel.gov.br/boletim-da-expansao-da-oferta   ANEEL 20 Anos: Energia que se faz presente. #aneel #aneel20anos #2017 #transparencia #energia #fontesdeenergia #geracao #usinas #fiscalizacao #expansaodaoferta	2017-07-18T20:00:00+0000					Post
Seu medidor de energia elétrica é de fácil acesso para o leiturista da sua distribuidora? Essa é uma das perguntas do breve questionário que elaboramos para sua colaboração na Consulta Pública 008/2017. Confira: http://bit.ly/consulta_publica_leitura Participe, como consumidor consciente, e exerça seu direto de influenciar as normas da distribuição de energia elétrica. Dessa forma, você nos ajuda a aprimorar a regulamentação da leitura do seu medidor de energia. Entre e responda, é simples!  ANEEL 20 Anos: Energia que se faz presente. #aneel #energia #economia #cidadania	2017-07-17T15:00:00+0000					Post
Com o Sistema de Compensação de Energia Elétrica, o consumidor brasileiro pode gerar sua própria energia elétrica (em casa, no comércio ou na indústria) e fornecer o excedente para a sua distribuidora. Em um ano, a geração distribuída teve um rápido crescimento. Em agosto de 2016, o número de conexões de micro e minigeração chegou a 5.040, contra as 1.148 ligações registradas na ANEEL até setembro de 2015. Esse total representa uma potência instalada de 47.934 kW. Saiba mais: http://bit.ly/2dotxU3  #aneel #aneelessencial #geracaodistribuida #sustentabilidade #fontesrenovaveis #economia	2016-09-27T15:00:01+0000	De que adianta investir aqui no Rio de Janeiro. Produzi 100% da minha energia consumida e ainda obtive crédito para o próximo mês, porém a light ainda me manda uma conta de R$: 100,00 Absurdo 😡😡😡😡 Investimento alto e a light dificultando o regaste do valor investido	2016-09-27T15:39:14+0000	A empresa responsável deveria ter lhe dito previamente que é impossível "zerar" a conta de luz, existe um custo de disponibilidade para a concessionária lhe atender e isto está presente nas regras da mesma	2016-09-27T16:41:25+0000	Comment
Com o Sistema de Compensação de Energia Elétrica, o consumidor brasileiro pode gerar sua própria energia elétrica (em casa, no comércio ou na indústria) e fornecer o excedente para a sua distribuidora. Em um ano, a geração distribuída teve um rápido crescimento. Em agosto de 2016, o número de conexões de micro e minigeração chegou a 5.040, contra as 1.148 ligações registradas na ANEEL até setembro de 2015. Esse total representa uma potência instalada de 47.934 kW. Saiba mais: http://bit.ly/2dotxU3  #aneel #aneelessencial #geracaodistribuida #sustentabilidade #fontesrenovaveis #economia	2016-09-27T15:00:01+0000	De que adianta investir aqui no Rio de Janeiro. Produzi 100% da minha energia consumida e ainda obtive crédito para o próximo mês, porém a light ainda me manda uma conta de R$: 100,00 Absurdo 😡😡😡😡 Investimento alto e a light dificultando o regaste do valor investido	2016-09-27T15:39:14+0000	Não digo zerar, estou só reclamando que a light não está de acordo com as regras da microgeração. Pois a mesma não está fazendo 1 por 1, como consta nas regras. E eu sei que existe taxas mínimas de disponibilidade do sistema	2016-09-27T16:46:27+0000	Comment
Com o Sistema de Compensação de Energia Elétrica, o consumidor brasileiro pode gerar sua própria energia elétrica (em casa, no comércio ou na indústria) e fornecer o excedente para a sua distribuidora. Em um ano, a geração distribuída teve um rápido crescimento. Em agosto de 2016, o número de conexões de micro e minigeração chegou a 5.040, contra as 1.148 ligações registradas na ANEEL até setembro de 2015. Esse total representa uma potência instalada de 47.934 kW. Saiba mais: http://bit.ly/2dotxU3  #aneel #aneelessencial #geracaodistribuida #sustentabilidade #fontesrenovaveis #economia	2016-09-27T15:00:01+0000	De que adianta investir aqui no Rio de Janeiro. Produzi 100% da minha energia consumida e ainda obtive crédito para o próximo mês, porém a light ainda me manda uma conta de R$: 100,00 Absurdo 😡😡😡😡 Investimento alto e a light dificultando o regaste do valor investido	2016-09-27T15:39:14+0000			Comment
Com o Sistema de Compensação de Energia Elétrica, o consumidor brasileiro pode gerar sua própria energia elétrica (em casa, no comércio ou na indústria) e fornecer o excedente para a sua distribuidora. Em um ano, a geração distribuída teve um rápido crescimento. Em agosto de 2016, o número de conexões de micro e minigeração chegou a 5.040, contra as 1.148 ligações registradas na ANEEL até setembro de 2015. Esse total representa uma potência instalada de 47.934 kW. Saiba mais: http://bit.ly/2dotxU3  #aneel #aneelessencial #geracaodistribuida #sustentabilidade #fontesrenovaveis #economia	2016-09-27T15:00:01+0000	😡	2016-09-27T15:54:22+0000			Comment
Com o Sistema de Compensação de Energia Elétrica, o consumidor brasileiro pode gerar sua própria energia elétrica (em casa, no comércio ou na indústria) e fornecer o excedente para a sua distribuidora. Em um ano, a geração distribuída teve um rápido crescimento. Em agosto de 2016, o número de conexões de micro e minigeração chegou a 5.040, contra as 1.148 ligações registradas na ANEEL até setembro de 2015. Esse total representa uma potência instalada de 47.934 kW. Saiba mais: http://bit.ly/2dotxU3  #aneel #aneelessencial #geracaodistribuida #sustentabilidade #fontesrenovaveis #economia	2016-09-27T15:00:01+0000	Romagnole	2016-09-27T16:29:07+0000			Comment
Com o Sistema de Compensação de Energia Elétrica, o consumidor brasileiro pode gerar sua própria energia elétrica (em casa, no comércio ou na indústria) e fornecer o excedente para a sua distribuidora. Em um ano, a geração distribuída teve um rápido crescimento. Em agosto de 2016, o número de conexões de micro e minigeração chegou a 5.040, contra as 1.148 ligações registradas na ANEEL até setembro de 2015. Esse total representa uma potência instalada de 47.934 kW. Saiba mais: http://bit.ly/2dotxU3  #aneel #aneelessencial #geracaodistribuida #sustentabilidade #fontesrenovaveis #economia	2016-09-27T15:00:01+0000	Estado brasileiro, principalmente governo federal, deveria ter incentivado minigeração há bastante tempo. Teríamos evitado uma Belo Monte.	2016-09-27T17:57:56+0000			Comment
Com o Sistema de Compensação de Energia Elétrica, o consumidor brasileiro pode gerar sua própria energia elétrica (em casa, no comércio ou na indústria) e fornecer o excedente para a sua distribuidora. Em um ano, a geração distribuída teve um rápido crescimento. Em agosto de 2016, o número de conexões de micro e minigeração chegou a 5.040, contra as 1.148 ligações registradas na ANEEL até setembro de 2015. Esse total representa uma potência instalada de 47.934 kW. Saiba mais: http://bit.ly/2dotxU3  #aneel #aneelessencial #geracaodistribuida #sustentabilidade #fontesrenovaveis #economia	2016-09-27T15:00:01+0000	Alexandre Carlos, Josias Junior	2016-09-27T18:31:11+0000	Showw	2016-09-27T19:06:44+0000	Comment
Com o Sistema de Compensação de Energia Elétrica, o consumidor brasileiro pode gerar sua própria energia elétrica (em casa, no comércio ou na indústria) e fornecer o excedente para a sua distribuidora. Em um ano, a geração distribuída teve um rápido crescimento. Em agosto de 2016, o número de conexões de micro e minigeração chegou a 5.040, contra as 1.148 ligações registradas na ANEEL até setembro de 2015. Esse total representa uma potência instalada de 47.934 kW. Saiba mais: http://bit.ly/2dotxU3  #aneel #aneelessencial #geracaodistribuida #sustentabilidade #fontesrenovaveis #economia	2016-09-27T15:00:01+0000	Alexandre Carlos, Josias Junior	2016-09-27T18:31:11+0000			Comment
Com o Sistema de Compensação de Energia Elétrica, o consumidor brasileiro pode gerar sua própria energia elétrica (em casa, no comércio ou na indústria) e fornecer o excedente para a sua distribuidora. Em um ano, a geração distribuída teve um rápido crescimento. Em agosto de 2016, o número de conexões de micro e minigeração chegou a 5.040, contra as 1.148 ligações registradas na ANEEL até setembro de 2015. Esse total representa uma potência instalada de 47.934 kW. Saiba mais: http://bit.ly/2dotxU3  #aneel #aneelessencial #geracaodistribuida #sustentabilidade #fontesrenovaveis #economia	2016-09-27T15:00:01+0000	Leonardo Iannone	2016-09-27T22:59:42+0000			Comment
Com o Sistema de Compensação de Energia Elétrica, o consumidor brasileiro pode gerar sua própria energia elétrica (em casa, no comércio ou na indústria) e fornecer o excedente para a sua distribuidora. Em um ano, a geração distribuída teve um rápido crescimento. Em agosto de 2016, o número de conexões de micro e minigeração chegou a 5.040, contra as 1.148 ligações registradas na ANEEL até setembro de 2015. Esse total representa uma potência instalada de 47.934 kW. Saiba mais: http://bit.ly/2dotxU3  #aneel #aneelessencial #geracaodistribuida #sustentabilidade #fontesrenovaveis #economia	2016-09-27T15:00:01+0000	Gabriella Miranda	2016-09-28T00:41:17+0000			Comment
Com o Sistema de Compensação de Energia Elétrica, o consumidor brasileiro pode gerar sua própria energia elétrica (em casa, no comércio ou na indústria) e fornecer o excedente para a sua distribuidora. Em um ano, a geração distribuída teve um rápido crescimento. Em agosto de 2016, o número de conexões de micro e minigeração chegou a 5.040, contra as 1.148 ligações registradas na ANEEL até setembro de 2015. Esse total representa uma potência instalada de 47.934 kW. Saiba mais: http://bit.ly/2dotxU3  #aneel #aneelessencial #geracaodistribuida #sustentabilidade #fontesrenovaveis #economia	2016-09-27T15:00:01+0000	Pollyanna Alcântara	2016-09-28T00:53:51+0000			Comment
Com o Sistema de Compensação de Energia Elétrica, o consumidor brasileiro pode gerar sua própria energia elétrica (em casa, no comércio ou na indústria) e fornecer o excedente para a sua distribuidora. Em um ano, a geração distribuída teve um rápido crescimento. Em agosto de 2016, o número de conexões de micro e minigeração chegou a 5.040, contra as 1.148 ligações registradas na ANEEL até setembro de 2015. Esse total representa uma potência instalada de 47.934 kW. Saiba mais: http://bit.ly/2dotxU3  #aneel #aneelessencial #geracaodistribuida #sustentabilidade #fontesrenovaveis #economia	2016-09-27T15:00:01+0000	Carlos Nogueira	2016-09-28T09:40:42+0000			Comment
Com o Sistema de Compensação de Energia Elétrica, o consumidor brasileiro pode gerar sua própria energia elétrica (em casa, no comércio ou na indústria) e fornecer o excedente para a sua distribuidora. Em um ano, a geração distribuída teve um rápido crescimento. Em agosto de 2016, o número de conexões de micro e minigeração chegou a 5.040, contra as 1.148 ligações registradas na ANEEL até setembro de 2015. Esse total representa uma potência instalada de 47.934 kW. Saiba mais: http://bit.ly/2dotxU3  #aneel #aneelessencial #geracaodistribuida #sustentabilidade #fontesrenovaveis #economia	2016-09-27T15:00:01+0000	Se a ANEEL ajudasse, principalmente parando de mudar as regras, seriam bem mais. Opinião de uma pessoa que já possui sua microgeração instalada.	2016-09-28T10:46:23+0000			Comment
Com o Sistema de Compensação de Energia Elétrica, o consumidor brasileiro pode gerar sua própria energia elétrica (em casa, no comércio ou na indústria) e fornecer o excedente para a sua distribuidora. Em um ano, a geração distribuída teve um rápido crescimento. Em agosto de 2016, o número de conexões de micro e minigeração chegou a 5.040, contra as 1.148 ligações registradas na ANEEL até setembro de 2015. Esse total representa uma potência instalada de 47.934 kW. Saiba mais: http://bit.ly/2dotxU3  #aneel #aneelessencial #geracaodistribuida #sustentabilidade #fontesrenovaveis #economia	2016-09-27T15:00:01+0000	David Morel	2016-09-29T14:04:49+0000	estaría bueno plantear esto como recomendación en mi tesis, gracias	2016-09-29T14:07:44+0000	Comment
Com o Sistema de Compensação de Energia Elétrica, o consumidor brasileiro pode gerar sua própria energia elétrica (em casa, no comércio ou na indústria) e fornecer o excedente para a sua distribuidora. Em um ano, a geração distribuída teve um rápido crescimento. Em agosto de 2016, o número de conexões de micro e minigeração chegou a 5.040, contra as 1.148 ligações registradas na ANEEL até setembro de 2015. Esse total representa uma potência instalada de 47.934 kW. Saiba mais: http://bit.ly/2dotxU3  #aneel #aneelessencial #geracaodistribuida #sustentabilidade #fontesrenovaveis #economia	2016-09-27T15:00:01+0000	David Morel	2016-09-29T14:04:49+0000			Comment
Com o Sistema de Compensação de Energia Elétrica, o consumidor brasileiro pode gerar sua própria energia elétrica (em casa, no comércio ou na indústria) e fornecer o excedente para a sua distribuidora. Em um ano, a geração distribuída teve um rápido crescimento. Em agosto de 2016, o número de conexões de micro e minigeração chegou a 5.040, contra as 1.148 ligações registradas na ANEEL até setembro de 2015. Esse total representa uma potência instalada de 47.934 kW. Saiba mais: http://bit.ly/2dotxU3  #aneel #aneelessencial #geracaodistribuida #sustentabilidade #fontesrenovaveis #economia	2016-09-27T15:00:01+0000	Gabriel G Oliveira	2016-10-01T20:41:15+0000			Comment
Com o Sistema de Compensação de Energia Elétrica, o consumidor brasileiro pode gerar sua própria energia elétrica (em casa, no comércio ou na indústria) e fornecer o excedente para a sua distribuidora. Em um ano, a geração distribuída teve um rápido crescimento. Em agosto de 2016, o número de conexões de micro e minigeração chegou a 5.040, contra as 1.148 ligações registradas na ANEEL até setembro de 2015. Esse total representa uma potência instalada de 47.934 kW. Saiba mais: http://bit.ly/2dotxU3  #aneel #aneelessencial #geracaodistribuida #sustentabilidade #fontesrenovaveis #economia	2016-09-27T15:00:01+0000	Antônio Renato Indústria inclusive.	2016-10-02T22:53:58+0000			Comment
Com o Sistema de Compensação de Energia Elétrica, o consumidor brasileiro pode gerar sua própria energia elétrica (em casa, no comércio ou na indústria) e fornecer o excedente para a sua distribuidora. Em um ano, a geração distribuída teve um rápido crescimento. Em agosto de 2016, o número de conexões de micro e minigeração chegou a 5.040, contra as 1.148 ligações registradas na ANEEL até setembro de 2015. Esse total representa uma potência instalada de 47.934 kW. Saiba mais: http://bit.ly/2dotxU3  #aneel #aneelessencial #geracaodistribuida #sustentabilidade #fontesrenovaveis #economia	2016-09-27T15:00:01+0000	aneel complacente com o péssimo serviço de energia prestada pela ligth de Volta Redonda principalmente no bairro parque das garças que tem quedas em média de 5 a 10 vezes por dia e nada acontece,estamos a mercê dessa empresa lixo	2016-10-02T23:46:45+0000			Comment
Com o Sistema de Compensação de Energia Elétrica, o consumidor brasileiro pode gerar sua própria energia elétrica (em casa, no comércio ou na indústria) e fornecer o excedente para a sua distribuidora. Em um ano, a geração distribuída teve um rápido crescimento. Em agosto de 2016, o número de conexões de micro e minigeração chegou a 5.040, contra as 1.148 ligações registradas na ANEEL até setembro de 2015. Esse total representa uma potência instalada de 47.934 kW. Saiba mais: http://bit.ly/2dotxU3  #aneel #aneelessencial #geracaodistribuida #sustentabilidade #fontesrenovaveis #economia	2016-09-27T15:00:01+0000	sauna	2016-10-05T18:51:43+0000			Comment
Com o Sistema de Compensação de Energia Elétrica, o consumidor brasileiro pode gerar sua própria energia elétrica (em casa, no comércio ou na indústria) e fornecer o excedente para a sua distribuidora. Em um ano, a geração distribuída teve um rápido crescimento. Em agosto de 2016, o número de conexões de micro e minigeração chegou a 5.040, contra as 1.148 ligações registradas na ANEEL até setembro de 2015. Esse total representa uma potência instalada de 47.934 kW. Saiba mais: http://bit.ly/2dotxU3  #aneel #aneelessencial #geracaodistribuida #sustentabilidade #fontesrenovaveis #economia	2016-09-27T15:00:01+0000	Saunaray Pereira Barra	2016-10-05T18:51:48+0000			Comment
Com o Sistema de Compensação de Energia Elétrica, o consumidor brasileiro pode gerar sua própria energia elétrica (em casa, no comércio ou na indústria) e fornecer o excedente para a sua distribuidora. Em um ano, a geração distribuída teve um rápido crescimento. Em agosto de 2016, o número de conexões de micro e minigeração chegou a 5.040, contra as 1.148 ligações registradas na ANEEL até setembro de 2015. Esse total representa uma potência instalada de 47.934 kW. Saiba mais: http://bit.ly/2dotxU3  #aneel #aneelessencial #geracaodistribuida #sustentabilidade #fontesrenovaveis #economia	2016-09-27T15:00:01+0000	Para uma residência de 2 pessoas quanto seria o investimento.hoje minha conta de luz fica em torno de. R$ 100.00	2016-10-28T14:29:33+0000			Comment