post_message	post_created_time	comment_message	comment_created_time	reply_message	reply_created_time	where
O #BNDES aprovou financiamento no valor de R$ 847,9 milhões para implantação de oito parques eólicos que formam o Complexo Eólico Serra da Babilônia, na Bahia. O empréstimo representa 57% do investimento total do grupo Rio Energy, no valor de R$ 1,48 bilhão, que proporcionará capacidade geradora de energia elétrica de 223,25 megawatts, o equivalente ao consumo de 480 mil residências.  Saiba mais: http://bit.ly/2lnXrIc	2017-02-20T23:00:00+0000					Post, comment
O #BNDES aprovou financiamento de longo prazo no valor de R$ 2,56 bilhões para construção do primeiro dos dois sistemas de transmissão a serem implantados para escoamento da energia elétrica gerada pela hidrelétrica de Belo Monte, no Pará, para a região Sudeste. A linha, com extensão total de 2.092 km, terá duas subestações conversoras: Xingu (PA) e Estreito (MG). A linha de transmissão entre Xingu e Estreito escoará energia em corrente contínua com ultra-alta tensão de 800 kV, tecnologia inédita no Brasil, que permite menores índices de perdas.  Leia mais: http://bit.ly/2mfxFFA  Imagem meramente ilustrativa	2017-02-20T21:00:02+0000	Essa hidroelétrica que aparece é à ITAIPU BINACIONAL e ñ Belo Monte! !!!	2017-02-20T22:24:28+0000			Post, comment
O #BNDES aprovou financiamento de longo prazo no valor de R$ 2,56 bilhões para construção do primeiro dos dois sistemas de transmissão a serem implantados para escoamento da energia elétrica gerada pela hidrelétrica de Belo Monte, no Pará, para a região Sudeste. A linha, com extensão total de 2.092 km, terá duas subestações conversoras: Xingu (PA) e Estreito (MG). A linha de transmissão entre Xingu e Estreito escoará energia em corrente contínua com ultra-alta tensão de 800 kV, tecnologia inédita no Brasil, que permite menores índices de perdas.  Leia mais: http://bit.ly/2mfxFFA  Imagem meramente ilustrativa	2017-02-20T21:00:02+0000	Belo monte sempre molezinha	2017-03-06T10:39:39+0000			Post, comment
O #BNDES aprovou financiamento de longo prazo no valor de R$ 2,56 bilhões para construção do primeiro dos dois sistemas de transmissão a serem implantados para escoamento da energia elétrica gerada pela hidrelétrica de Belo Monte, no Pará, para a região Sudeste. A linha, com extensão total de 2.092 km, terá duas subestações conversoras: Xingu (PA) e Estreito (MG). A linha de transmissão entre Xingu e Estreito escoará energia em corrente contínua com ultra-alta tensão de 800 kV, tecnologia inédita no Brasil, que permite menores índices de perdas.  Leia mais: http://bit.ly/2mfxFFA  Imagem meramente ilustrativa	2017-02-20T21:00:02+0000					Post, comment
O #BNDES é o maior financiador da expansão e diversificação da matriz energética nacional, com fontes renováveis. Entre 2003 e 2015 mais de 250 projetos de geração no Brasil foram responsáveis por aumentar a capacidade em 50 GW. No total, foram financiados cerca de R$ 107 bilhões que viabilizaram investimentos de R$ 178 bilhões. O maior volume foi para usinas hidrelétricas: R$ 66 bilhões financiados pelo Banco, ou 100% do total de usinas hidrelétricas construídas no Brasil. Todas as operações estão disponíveis no site do Banco: http://goo.gl/xUFXRW #hidrelétrica #energia	2016-05-05T22:38:06+0000	Olá BNDES Gostaria de saber se vocês tem o Programa Jovem Aprendiz.? Se tiver o programa como faz par se inscrever? Onde e feita a inscrição? O programa e Nacional?	2016-05-05T23:34:00+0000			Post
O #BNDES é o maior financiador da expansão e diversificação da matriz energética nacional, com fontes renováveis. Entre 2003 e 2015 mais de 250 projetos de geração no Brasil foram responsáveis por aumentar a capacidade em 50 GW. No total, foram financiados cerca de R$ 107 bilhões que viabilizaram investimentos de R$ 178 bilhões. O maior volume foi para usinas hidrelétricas: R$ 66 bilhões financiados pelo Banco, ou 100% do total de usinas hidrelétricas construídas no Brasil. Todas as operações estão disponíveis no site do Banco: http://goo.gl/xUFXRW #hidrelétrica #energia	2016-05-05T22:38:06+0000	Henrique Meirelles e Temer.... o Finame PSI irá voltar?  Com taxa de 2,5% ao ano? É verdade?  Só assim para movimentar a economia!!!	2016-05-16T04:02:59+0000			Post
O #BNDES é o maior financiador da expansão e diversificação da matriz energética nacional, com fontes renováveis. Entre 2003 e 2015 mais de 250 projetos de geração no Brasil foram responsáveis por aumentar a capacidade em 50 GW. No total, foram financiados cerca de R$ 107 bilhões que viabilizaram investimentos de R$ 178 bilhões. O maior volume foi para usinas hidrelétricas: R$ 66 bilhões financiados pelo Banco, ou 100% do total de usinas hidrelétricas construídas no Brasil. Todas as operações estão disponíveis no site do Banco: http://goo.gl/xUFXRW #hidrelétrica #energia	2016-05-05T22:38:06+0000					Post
No #DiaMundialDaÁgua , o #BNDES lembra que no setor saneamento, entre 2014 e 2015, o banco aprovou investimento de R$ 2,8 bilhões em 12 operações de crédito, beneficiando mais de 70 municípios, nas cinco regiões do território nacional.  Estes projetos permitirão o acesso de mais de um milhão de pessoas à rede de abastecimento de água e de 750 mil à rede de coleta de esgoto.  Além disso, serão efetuadas melhorias nos sistemas de saneamento através do aumento da capacidade de captação de água bruta em mais de 7.000 litros por segundo, de tratamento de água em 3.500 litros por segundo, de investimentos para redução de perdas e da expansão de tratamento de esgoto em 3.300 litros por segundo.  Conheça as condições de financiamento do BNDES para o setor de saneamento em http://goo.gl/CF9qg8  O BNDES está preparado para apoiar praticamente todos os investimentos relacionados ao setor, principalmente por meio da Linha “Saneamento Ambiental e Recursos Hídricos”.  Projetos, públicos ou privados, que visem melhorias na prestação dos serviços de saneamento ambiental e a preservação e o uso sustentável de recursos hídricos.  As linhas de apoio disponibilizadas pelo Banco preveem atendimento à racionalização do uso de recursos hídricos, abastecimento de água; esgotamento sanitário; resíduos sólidos; gestão de recursos hídricos; preservação e recuperação de mananciais; desenvolvimento institucional; drenagem; planos, e estudos estratégicos. Conheça mais sobre as linhas de crédito do BNDES para infraestrutura:	2016-03-22T16:57:05+0000					Reply
No #DiaMundialDaÁgua, o #BNDES lembra que é o maior financiador da expansão e diversificação da matriz energética nacional, com fontes renováveis. Entre 2003 e 2015 mais de 250 projetos de geração no Brasil foram responsáveis por aumentar a capacidade em 50 GW. No total, foram financiados cerca de R$ 107 bilhões que viabilizaram investimentos de R$ 178 bilhões. O maior volume foi para usinas hidrelétricas: R$ 66 bilhões financiados pelo Banco. Todas as operações estão disponíveis no site do Banco: http://goo.gl/xUFXRW	2016-03-22T13:00:00+0000	Observação obras estão todas paradas e dinheiro desviado	2016-03-22T15:24:14+0000	Bom dia Emanuel, a capacidade de geração hídrica vem crescendo ano a ano no Brasil, bem como a geração de outras formas de energia, com destaque para a eólica. Em 10 anos, a capacidade de geração hídrica no País aumentou de 65 GW para 90 GW, considerando as usinas inauguradas.  E em breve, o Brasil também passa a contar com a Usina de Belo Monte.	2016-03-22T16:04:39+0000	Reply
No #DiaMundialDaÁgua, o #BNDES lembra que é o maior financiador da expansão e diversificação da matriz energética nacional, com fontes renováveis. Entre 2003 e 2015 mais de 250 projetos de geração no Brasil foram responsáveis por aumentar a capacidade em 50 GW. No total, foram financiados cerca de R$ 107 bilhões que viabilizaram investimentos de R$ 178 bilhões. O maior volume foi para usinas hidrelétricas: R$ 66 bilhões financiados pelo Banco. Todas as operações estão disponíveis no site do Banco: http://goo.gl/xUFXRW	2016-03-22T13:00:00+0000	Observação obras estão todas paradas e dinheiro desviado	2016-03-22T15:24:14+0000	Convenhamos né que ate acabar de construir ela vai ter custado 3 vez mas q o projeto	2016-03-22T16:15:15+0000	Reply
No #DiaMundialDaÁgua, o #BNDES lembra que é o maior financiador da expansão e diversificação da matriz energética nacional, com fontes renováveis. Entre 2003 e 2015 mais de 250 projetos de geração no Brasil foram responsáveis por aumentar a capacidade em 50 GW. No total, foram financiados cerca de R$ 107 bilhões que viabilizaram investimentos de R$ 178 bilhões. O maior volume foi para usinas hidrelétricas: R$ 66 bilhões financiados pelo Banco. Todas as operações estão disponíveis no site do Banco: http://goo.gl/xUFXRW	2016-03-22T13:00:00+0000	Observação obras estão todas paradas e dinheiro desviado	2016-03-22T15:24:14+0000	Emanuel, o BNDES desembolsou para Usina de Belo Monte exatamente o mesmo valor contratado inicialmente para o desenvolvimento do projeto. Não houve qualquer aditivo no contrato.	2016-03-22T18:35:43+0000	Reply
No #DiaMundialDaÁgua, o #BNDES lembra que é o maior financiador da expansão e diversificação da matriz energética nacional, com fontes renováveis. Entre 2003 e 2015 mais de 250 projetos de geração no Brasil foram responsáveis por aumentar a capacidade em 50 GW. No total, foram financiados cerca de R$ 107 bilhões que viabilizaram investimentos de R$ 178 bilhões. O maior volume foi para usinas hidrelétricas: R$ 66 bilhões financiados pelo Banco. Todas as operações estão disponíveis no site do Banco: http://goo.gl/xUFXRW	2016-03-22T13:00:00+0000	Observação obras estão todas paradas e dinheiro desviado	2016-03-22T15:24:14+0000			Reply
No #DiaMundialDaÁgua, o #BNDES lembra que é o maior financiador da expansão e diversificação da matriz energética nacional, com fontes renováveis. Entre 2003 e 2015 mais de 250 projetos de geração no Brasil foram responsáveis por aumentar a capacidade em 50 GW. No total, foram financiados cerca de R$ 107 bilhões que viabilizaram investimentos de R$ 178 bilhões. O maior volume foi para usinas hidrelétricas: R$ 66 bilhões financiados pelo Banco. Todas as operações estão disponíveis no site do Banco: http://goo.gl/xUFXRW	2016-03-22T13:00:00+0000					Reply
Os municípios de Altamira (PA), Porto Seguro e Teixeira de Freitas (BA), Mogi Mirim, Limeira e Paulínia (SP) recebem esta semana o Seminário de Crédito realizado pelo #BNDES em parceria com o Sebrae. Técnicos das suas instituições apresentam detalhamento das formas de financiamento disponíveis para micro, pequenas e médias empresas (MPMEs). Confira aqui a programação completa: http://goo.gl/rXccPL	2015-10-26T10:30:00+0000					Post
O #BNDES vai apoiar com até 50% os investimentos financiáveis de R$ 7 bilhões na linha de transmissão da energia gerada na Usina de Belo Monte (PA). A linha de transmissão teve seu segundo lote leiloado na segunda-feira, 20, pela Agência Nacional de Energia Elétrica (#Aneel). De 2003 a 2014, o BNDES financiou 111 projetos que somaram 30 mil quilômetros de extensão, num total de R$ 20 bilhões em crédito. Conheça aqui as condições de financiamento do Banco:  http://bit.ly/1LAu1P1	2015-07-21T17:30:01+0000					Post