post_message	post_created_time	comment_message	comment_created_time	reply_message	reply_created_time	where
Nosso #tbt é sobre o reforço que fizemos em nosso parque gerador em 2017: a UHE São Manoel, o parque eólico Casa Nova II, a primeira unidade geradora da UTE Mauá III e as novas unidades geradoras das UHEs Belo Monte e Santo Antônio. A #Eletrobras tem mais de 48 mil MW, 31% do total brasileiro, com predominância de fontes limpas e renováveis. Foto: UHE Santo Antônio - José Lins (Eletrobras Furnas)   #GeraçãodeEnergia #EnergiaRenovável #EnergiaLimpa #Hidrelétrica #Sustentabilidade   #EnergyGeneration #RenewableEnergy #CleanEnergy #Hydroelectric #Sustainability	2018-11-08T11:16:17+0000	#eletrobras Feriado, temos o dia pra descansar e desde as 14 h sem energia no São Jorge. Já são 17:35 e até agora nem sinal de energia. Alguma previsão de retorno?  É muita safadeza e falta de respeito o que estão fazendo. Em dois dias foram duas quedas de energia com mais de 3 horas de duração.  Resolvam essa baixaria de falta de energia constante. Tenham vergonha na cara!!!	2018-11-15T21:39:15+0000	Olá, Jussara Zumstein.   Questões relativas ao fornecimento de energia devem ser tratadas diretamente com a distribuidora/concessionária de energia da sua região. Para conhecer mais a Eletrobras, nossas empresas e áreas de atuação, visite nosso site em www.eletrobras.com. Agradecemos o seu contato.	2018-11-21T18:33:11+0000	Post
Nosso #tbt é sobre o reforço que fizemos em nosso parque gerador em 2017: a UHE São Manoel, o parque eólico Casa Nova II, a primeira unidade geradora da UTE Mauá III e as novas unidades geradoras das UHEs Belo Monte e Santo Antônio. A #Eletrobras tem mais de 48 mil MW, 31% do total brasileiro, com predominância de fontes limpas e renováveis. Foto: UHE Santo Antônio - José Lins (Eletrobras Furnas)   #GeraçãodeEnergia #EnergiaRenovável #EnergiaLimpa #Hidrelétrica #Sustentabilidade   #EnergyGeneration #RenewableEnergy #CleanEnergy #Hydroelectric #Sustainability	2018-11-08T11:16:17+0000	#eletrobras Feriado, temos o dia pra descansar e desde as 14 h sem energia no São Jorge. Já são 17:35 e até agora nem sinal de energia. Alguma previsão de retorno?  É muita safadeza e falta de respeito o que estão fazendo. Em dois dias foram duas quedas de energia com mais de 3 horas de duração.  Resolvam essa baixaria de falta de energia constante. Tenham vergonha na cara!!!	2018-11-15T21:39:15+0000			Post
Nosso #tbt é sobre o reforço que fizemos em nosso parque gerador em 2017: a UHE São Manoel, o parque eólico Casa Nova II, a primeira unidade geradora da UTE Mauá III e as novas unidades geradoras das UHEs Belo Monte e Santo Antônio. A #Eletrobras tem mais de 48 mil MW, 31% do total brasileiro, com predominância de fontes limpas e renováveis. Foto: UHE Santo Antônio - José Lins (Eletrobras Furnas)   #GeraçãodeEnergia #EnergiaRenovável #EnergiaLimpa #Hidrelétrica #Sustentabilidade   #EnergyGeneration #RenewableEnergy #CleanEnergy #Hydroelectric #Sustainability	2018-11-08T11:16:17+0000					Post
A maior linha de transmissão em operação do país foi inaugurada nesta quinta-feira, dia 21 de dezembro. O empreendimento, que transporta a energia da usina hidrelétrica Belo Monte para a Região Sudeste, tem 2,1 mil quilômetros e cruza 70 municípios nos estados do Pará, Tocantins, Goiás e Minas Gerais. A inauguração contou com a presença dos ministros de Minas e Energia, Fernando Coelho Filho, e da Secretaria-Geral da Presidência da República, Moreira Franco, e do nosso presidente, Wilson Ferreira Junior. Saiba mais em: https://goo.gl/GBvoF5  Foto: Belo Monte Transmissora de Energia (BMTE)	2017-12-22T23:33:55+0000	Parabens meu irmão e genro que de sol a sol..estiveram nesta grande empreitada..🎉🎉🎉	2017-12-23T00:50:32+0000			Post
A maior linha de transmissão em operação do país foi inaugurada nesta quinta-feira, dia 21 de dezembro. O empreendimento, que transporta a energia da usina hidrelétrica Belo Monte para a Região Sudeste, tem 2,1 mil quilômetros e cruza 70 municípios nos estados do Pará, Tocantins, Goiás e Minas Gerais. A inauguração contou com a presença dos ministros de Minas e Energia, Fernando Coelho Filho, e da Secretaria-Geral da Presidência da República, Moreira Franco, e do nosso presidente, Wilson Ferreira Junior. Saiba mais em: https://goo.gl/GBvoF5  Foto: Belo Monte Transmissora de Energia (BMTE)	2017-12-22T23:33:55+0000	Desculpe me, mas se o Brasil não vivesse nesse descaso do nosso governo, nós mesmo poderíamos produzir a nossa própria energia, se tivessemos a redução de impostos para as energias verdes.	2017-12-23T17:09:17+0000	Que pra falar a verdade, já existem a mais de cem anos.	2017-12-23T17:10:34+0000	Post
A maior linha de transmissão em operação do país foi inaugurada nesta quinta-feira, dia 21 de dezembro. O empreendimento, que transporta a energia da usina hidrelétrica Belo Monte para a Região Sudeste, tem 2,1 mil quilômetros e cruza 70 municípios nos estados do Pará, Tocantins, Goiás e Minas Gerais. A inauguração contou com a presença dos ministros de Minas e Energia, Fernando Coelho Filho, e da Secretaria-Geral da Presidência da República, Moreira Franco, e do nosso presidente, Wilson Ferreira Junior. Saiba mais em: https://goo.gl/GBvoF5  Foto: Belo Monte Transmissora de Energia (BMTE)	2017-12-22T23:33:55+0000	Desculpe me, mas se o Brasil não vivesse nesse descaso do nosso governo, nós mesmo poderíamos produzir a nossa própria energia, se tivessemos a redução de impostos para as energias verdes.	2017-12-23T17:09:17+0000			Post
A maior linha de transmissão em operação do país foi inaugurada nesta quinta-feira, dia 21 de dezembro. O empreendimento, que transporta a energia da usina hidrelétrica Belo Monte para a Região Sudeste, tem 2,1 mil quilômetros e cruza 70 municípios nos estados do Pará, Tocantins, Goiás e Minas Gerais. A inauguração contou com a presença dos ministros de Minas e Energia, Fernando Coelho Filho, e da Secretaria-Geral da Presidência da República, Moreira Franco, e do nosso presidente, Wilson Ferreira Junior. Saiba mais em: https://goo.gl/GBvoF5  Foto: Belo Monte Transmissora de Energia (BMTE)	2017-12-22T23:33:55+0000	Que as melhorias feitas contribuam para o atendimento dos interesses públicos setoriais : universalização do atendimento, aumento da segurança energética, assim como da modicidade nas tarifas de energia (sobretudo as da classe residencial).	2017-12-23T23:05:04+0000			Post
A maior linha de transmissão em operação do país foi inaugurada nesta quinta-feira, dia 21 de dezembro. O empreendimento, que transporta a energia da usina hidrelétrica Belo Monte para a Região Sudeste, tem 2,1 mil quilômetros e cruza 70 municípios nos estados do Pará, Tocantins, Goiás e Minas Gerais. A inauguração contou com a presença dos ministros de Minas e Energia, Fernando Coelho Filho, e da Secretaria-Geral da Presidência da República, Moreira Franco, e do nosso presidente, Wilson Ferreira Junior. Saiba mais em: https://goo.gl/GBvoF5  Foto: Belo Monte Transmissora de Energia (BMTE)	2017-12-22T23:33:55+0000	Ivan Igor	2017-12-24T03:02:48+0000			Post
A maior linha de transmissão em operação do país foi inaugurada nesta quinta-feira, dia 21 de dezembro. O empreendimento, que transporta a energia da usina hidrelétrica Belo Monte para a Região Sudeste, tem 2,1 mil quilômetros e cruza 70 municípios nos estados do Pará, Tocantins, Goiás e Minas Gerais. A inauguração contou com a presença dos ministros de Minas e Energia, Fernando Coelho Filho, e da Secretaria-Geral da Presidência da República, Moreira Franco, e do nosso presidente, Wilson Ferreira Junior. Saiba mais em: https://goo.gl/GBvoF5  Foto: Belo Monte Transmissora de Energia (BMTE)	2017-12-22T23:33:55+0000	Notícia equivocada... As maiores LT' s do Brasil são do Sistema do Rio Madeira 600kVCC com cerca de 2.400km, de Porto Velho à Araraquara.  A de Belo Monte 800kVCC (Bipolo-1) tem pouco menos de 2.100km, de Xingu à Estreito.  O Bipolo-2 de 800kVCC de Xingu ao Terminal Rio terá cerca de 2.500km e ainda está em construção....	2018-01-02T23:38:13+0000			Post
A maior linha de transmissão em operação do país foi inaugurada nesta quinta-feira, dia 21 de dezembro. O empreendimento, que transporta a energia da usina hidrelétrica Belo Monte para a Região Sudeste, tem 2,1 mil quilômetros e cruza 70 municípios nos estados do Pará, Tocantins, Goiás e Minas Gerais. A inauguração contou com a presença dos ministros de Minas e Energia, Fernando Coelho Filho, e da Secretaria-Geral da Presidência da República, Moreira Franco, e do nosso presidente, Wilson Ferreira Junior. Saiba mais em: https://goo.gl/GBvoF5  Foto: Belo Monte Transmissora de Energia (BMTE)	2017-12-22T23:33:55+0000					Post
Topamos o desafio da BASF e entramos na ação #PorUmMundoMelhor, promovida pelo Cebds. Contamos como contribuímos para o alcance dos Objetivos de Desenvolvimento Sustentável (ODS) por meio do apoio à realização de projetos de responsabilidade socioambiental junto a comunidades indígenas Kayapó, na bacia do médio rio Xingu, no sul do Pará. Confira: https://goo.gl/SQZCD6 #ODS  Convidamos agora a Shell a contar como está ajudando a construir um futuro mais sustentável.	2017-09-06T20:10:08+0000					Post
A presidenta da República, Dilma Rousseff, inaugurou nesta quinta-feira (5 de maio) a hidrelétrica Belo Monte, localizada no município de Altamira, no Pará. A usina terá potência instalada de 11.233,1 megawatts e será capaz de gerar energia suficiente para atender 60 milhões de pessoas em 17 estados, o que representa cerca de 40% do consumo residencial de todo o país. Saiba mais: http://goo.gl/piYFVr  Foto: Osvaldo de Lima (Norte Energia)	2016-05-05T22:26:58+0000	Primeiro o "governo das minorias" retira a terra nativa de índios e sertanejos e enche de água o habitat de incontáveis espécies de plantas e animais. E no processo, rouba o dinheiro do povo na forma de propinas. É uma vergonha essa página sequer mencionar o nome dessa presidente.	2016-05-18T03:03:06+0000			Post
A presidenta da República, Dilma Rousseff, inaugurou nesta quinta-feira (5 de maio) a hidrelétrica Belo Monte, localizada no município de Altamira, no Pará. A usina terá potência instalada de 11.233,1 megawatts e será capaz de gerar energia suficiente para atender 60 milhões de pessoas em 17 estados, o que representa cerca de 40% do consumo residencial de todo o país. Saiba mais: http://goo.gl/piYFVr  Foto: Osvaldo de Lima (Norte Energia)	2016-05-05T22:26:58+0000					Post
A primeira unidade geradora da Casa de Força Complementar da usina Belo Monte, localizada no Sítio Pimental, está gerando energia comercialmente. São mais 38,85 megawatts (MW) de potência, somados aos 611,11 MW que já estavam sendo fornecidos desde o dia 20 de abril pela primeira turbina da hidrelétrica a entrar em operação comercial, instalada na Casa de Força Principal, no Sítio Belo Monte. Confira: http://goo.gl/fKnvZ9  Foto: Betto Silva (Norte Energia)	2016-04-29T00:58:26+0000	Meu trabalho esta ai.	2016-04-29T02:51:11+0000			Post
A primeira unidade geradora da Casa de Força Complementar da usina Belo Monte, localizada no Sítio Pimental, está gerando energia comercialmente. São mais 38,85 megawatts (MW) de potência, somados aos 611,11 MW que já estavam sendo fornecidos desde o dia 20 de abril pela primeira turbina da hidrelétrica a entrar em operação comercial, instalada na Casa de Força Principal, no Sítio Belo Monte. Confira: http://goo.gl/fKnvZ9  Foto: Betto Silva (Norte Energia)	2016-04-29T00:58:26+0000					Post
Belo Monte iniciou a geração comercial de energia nesta quarta-feira (20 de abril). O despacho com a autorização da Agência Nacional de Energia Elétrica (Aneel) foi publicado, hoje, no Diário Oficial da União. A primeira turbina a entrar em operação comercial tem potência instalada de 611,11 megawatts (MW) e está localizada na Casa de Força Principal da usina, no Sítio Belo Monte. Leia mais: http://goo.gl/0zZPfv  Foto: Betto Silva (Norte Energia)	2016-04-21T00:48:56+0000	Parabéns trabalhadores bravos e desbravadores. Valeu vossos sacrifícios.	2016-04-21T03:01:21+0000			Post
Belo Monte iniciou a geração comercial de energia nesta quarta-feira (20 de abril). O despacho com a autorização da Agência Nacional de Energia Elétrica (Aneel) foi publicado, hoje, no Diário Oficial da União. A primeira turbina a entrar em operação comercial tem potência instalada de 611,11 megawatts (MW) e está localizada na Casa de Força Principal da usina, no Sítio Belo Monte. Leia mais: http://goo.gl/0zZPfv  Foto: Betto Silva (Norte Energia)	2016-04-21T00:48:56+0000	Agora só falta as linhas de transmissão.... gerar energia para não poder distribuir.... qual é a vantagem?	2016-04-21T04:48:53+0000			Post
Belo Monte iniciou a geração comercial de energia nesta quarta-feira (20 de abril). O despacho com a autorização da Agência Nacional de Energia Elétrica (Aneel) foi publicado, hoje, no Diário Oficial da União. A primeira turbina a entrar em operação comercial tem potência instalada de 611,11 megawatts (MW) e está localizada na Casa de Força Principal da usina, no Sítio Belo Monte. Leia mais: http://goo.gl/0zZPfv  Foto: Betto Silva (Norte Energia)	2016-04-21T00:48:56+0000	Agora é monitorar a qualidade das águas, os peixes e todos demais impactos ambientais relacionados no EIA.  Os índios e os pescadores devem ter prioridade nos projetos de compensação ambiental.	2016-04-21T20:59:51+0000			Post
Belo Monte iniciou a geração comercial de energia nesta quarta-feira (20 de abril). O despacho com a autorização da Agência Nacional de Energia Elétrica (Aneel) foi publicado, hoje, no Diário Oficial da União. A primeira turbina a entrar em operação comercial tem potência instalada de 611,11 megawatts (MW) e está localizada na Casa de Força Principal da usina, no Sítio Belo Monte. Leia mais: http://goo.gl/0zZPfv  Foto: Betto Silva (Norte Energia)	2016-04-21T00:48:56+0000	Importante para o Brasil!	2016-04-22T13:31:39+0000			Post
Belo Monte iniciou a geração comercial de energia nesta quarta-feira (20 de abril). O despacho com a autorização da Agência Nacional de Energia Elétrica (Aneel) foi publicado, hoje, no Diário Oficial da União. A primeira turbina a entrar em operação comercial tem potência instalada de 611,11 megawatts (MW) e está localizada na Casa de Força Principal da usina, no Sítio Belo Monte. Leia mais: http://goo.gl/0zZPfv  Foto: Betto Silva (Norte Energia)	2016-04-21T00:48:56+0000					Post
Duas unidades geradoras de Belo Monte – uma com 611,1 megawatts (MW) de potência, na Casa de Força Principal, e outra com 38,9 MW, na Casa de Força Complementar – foram sincronizadas ao Sistema Interligado Nacional (SIN) nesta semana. Com isso, a usina hidrelétrica passou a fornecer energia ao SIN na fase de pré-operação comercial. Saiba mais: http://goo.gl/O1O9yv  Foto: Osvaldo de Lima (Norte Energia)	2016-04-07T00:30:36+0000	Muito trabalho!	2016-04-07T19:42:09+0000			Post
Duas unidades geradoras de Belo Monte – uma com 611,1 megawatts (MW) de potência, na Casa de Força Principal, e outra com 38,9 MW, na Casa de Força Complementar – foram sincronizadas ao Sistema Interligado Nacional (SIN) nesta semana. Com isso, a usina hidrelétrica passou a fornecer energia ao SIN na fase de pré-operação comercial. Saiba mais: http://goo.gl/O1O9yv  Foto: Osvaldo de Lima (Norte Energia)	2016-04-07T00:30:36+0000					Post
Nosso comprometimento com a campanha contra o Aedes aegypti chegou a aldeias Kayapó localizadas na bacia do rio Xingu, no Pará. Nossa área de Responsabilidade Social e Projetos com a Sociedade distribuiu o material disponibilizado pelo Ministério da Saúde e mobilizou as comunidades indígenas contra o mosquito transmissor da dengue, chikungunya e zika. Confira no nosso site: http://migre.me/t1K0v  #CombateAedes #CombataDengue #ZikaZero	2016-02-18T23:55:44+0000					Post
O Jornal da Band está exibindo uma série de reportagens especiais sobre Belo Monte. A primeira delas foi ao ar na segunda-feira (21 de abril). Vale a pena conferir! Assista aqui:	2014-04-22T21:20:02+0000					Post