post_message	post_created_time	comment_message	comment_created_time	reply_message	reply_created_time	where
2018-03-23T01:31:23+0000	Em nota, distribuidora reconhece equívoco em divulgação sobre os desligamentos de ontem: "a Cemar esclarece que, diferente do que foi divulgado anteriormente, a falha no suprimento não foi de responsabilidade da Eletrobras Eletronorte."  Na tarde de hoje, uma nota com a marca da Eletronorte circulou nas redes sociais. A Empresa esclarece que essa nota não é de sua autoria e que, desde o início dos atendimentos à imprensa, atuou com base nas informações do ONS, conforme previsto no caso de demandas relacionadas ao Sistema Interligado Nacional.      O evento teve origem na falha de um disjuntor de interligação de barramentos na subestação Xingu, às 15h48, e desconectou o bipolo em corrente contínua em 800 kV entre Xingu (PA) e Estreito (MG), por onde escoa para a região Sudeste/Centro-Oeste a produção da usina de Belo Monte, que era de 4.000 MW no momento. Confira também a terceira nota técnica do Operador Nacional do Sistema Elétrico divulgada nesta quinta-feira, 22: http://ons.org.br/Paginas/Noticias/20180322-notaaimprensacomplementar2.aspx	2018-03-23T10:06:20+0000	Mas essa porcaria de empresa, ao contrário do que fez com a nossa amada Eletronorte, não apontou a verdadeira autora do acontecimento. Eu achei essa nota "meio" legal.			Post
2018-03-23T01:31:23+0000	Em nota, distribuidora reconhece equívoco em divulgação sobre os desligamentos de ontem: "a Cemar esclarece que, diferente do que foi divulgado anteriormente, a falha no suprimento não foi de responsabilidade da Eletrobras Eletronorte."  Na tarde de hoje, uma nota com a marca da Eletronorte circulou nas redes sociais. A Empresa esclarece que essa nota não é de sua autoria e que, desde o início dos atendimentos à imprensa, atuou com base nas informações do ONS, conforme previsto no caso de demandas relacionadas ao Sistema Interligado Nacional.      O evento teve origem na falha de um disjuntor de interligação de barramentos na subestação Xingu, às 15h48, e desconectou o bipolo em corrente contínua em 800 kV entre Xingu (PA) e Estreito (MG), por onde escoa para a região Sudeste/Centro-Oeste a produção da usina de Belo Monte, que era de 4.000 MW no momento. Confira também a terceira nota técnica do Operador Nacional do Sistema Elétrico divulgada nesta quinta-feira, 22: http://ons.org.br/Paginas/Noticias/20180322-notaaimprensacomplementar2.aspx	2018-03-23T10:19:35+0000	cemar e bosta e a mesma coisa kkkkkkkk			Post
2018-03-23T01:31:23+0000	Em nota, distribuidora reconhece equívoco em divulgação sobre os desligamentos de ontem: "a Cemar esclarece que, diferente do que foi divulgado anteriormente, a falha no suprimento não foi de responsabilidade da Eletrobras Eletronorte."  Na tarde de hoje, uma nota com a marca da Eletronorte circulou nas redes sociais. A Empresa esclarece que essa nota não é de sua autoria e que, desde o início dos atendimentos à imprensa, atuou com base nas informações do ONS, conforme previsto no caso de demandas relacionadas ao Sistema Interligado Nacional.      O evento teve origem na falha de um disjuntor de interligação de barramentos na subestação Xingu, às 15h48, e desconectou o bipolo em corrente contínua em 800 kV entre Xingu (PA) e Estreito (MG), por onde escoa para a região Sudeste/Centro-Oeste a produção da usina de Belo Monte, que era de 4.000 MW no momento. Confira também a terceira nota técnica do Operador Nacional do Sistema Elétrico divulgada nesta quinta-feira, 22: http://ons.org.br/Paginas/Noticias/20180322-notaaimprensacomplementar2.aspx	2018-03-23T10:24:57+0000	Rodrigo Lima			Post
2018-03-23T01:31:23+0000	Em nota, distribuidora reconhece equívoco em divulgação sobre os desligamentos de ontem: "a Cemar esclarece que, diferente do que foi divulgado anteriormente, a falha no suprimento não foi de responsabilidade da Eletrobras Eletronorte."  Na tarde de hoje, uma nota com a marca da Eletronorte circulou nas redes sociais. A Empresa esclarece que essa nota não é de sua autoria e que, desde o início dos atendimentos à imprensa, atuou com base nas informações do ONS, conforme previsto no caso de demandas relacionadas ao Sistema Interligado Nacional.      O evento teve origem na falha de um disjuntor de interligação de barramentos na subestação Xingu, às 15h48, e desconectou o bipolo em corrente contínua em 800 kV entre Xingu (PA) e Estreito (MG), por onde escoa para a região Sudeste/Centro-Oeste a produção da usina de Belo Monte, que era de 4.000 MW no momento. Confira também a terceira nota técnica do Operador Nacional do Sistema Elétrico divulgada nesta quinta-feira, 22: http://ons.org.br/Paginas/Noticias/20180322-notaaimprensacomplementar2.aspx	2018-03-23T01:47:54+0000	Orlando Souza, Gilson Queiroz			Post
2018-03-23T01:31:23+0000	Em nota, distribuidora reconhece equívoco em divulgação sobre os desligamentos de ontem: "a Cemar esclarece que, diferente do que foi divulgado anteriormente, a falha no suprimento não foi de responsabilidade da Eletrobras Eletronorte."  Na tarde de hoje, uma nota com a marca da Eletronorte circulou nas redes sociais. A Empresa esclarece que essa nota não é de sua autoria e que, desde o início dos atendimentos à imprensa, atuou com base nas informações do ONS, conforme previsto no caso de demandas relacionadas ao Sistema Interligado Nacional.      O evento teve origem na falha de um disjuntor de interligação de barramentos na subestação Xingu, às 15h48, e desconectou o bipolo em corrente contínua em 800 kV entre Xingu (PA) e Estreito (MG), por onde escoa para a região Sudeste/Centro-Oeste a produção da usina de Belo Monte, que era de 4.000 MW no momento. Confira também a terceira nota técnica do Operador Nacional do Sistema Elétrico divulgada nesta quinta-feira, 22: http://ons.org.br/Paginas/Noticias/20180322-notaaimprensacomplementar2.aspx					Post
2018-03-21T23:39:15+0000	ONS - Nota Complementar  Às 15h48 do dia 21/03/2018 ocorreu uma falha de um disjuntor na subestação Xingu, no Pará. Em consequência, houve o desligamento automático de diversas linhas de transmissão em 500 kV, componentes dos troncos de interligação Norte/Nordeste/Centro-Oeste, Tucuruí/Manaus, Tucuruí/Vila do Conde, Elo cc 800 kV Xingu/Estreito e da UTE Belo Monte, entre outros, acarretando uma redução total de carga no SIN, da ordem de 18.000 MW.   Na região Norte, foram desligadas as capitais Manaus, Macapá, Belém, São Luiz e Palmas.  Na usina hidrelétrica de Tucuruí nove unidades geradoras continuaram sincronizadas, atendendo cerca de 500 MW de carga no Pará e Maranhão.   http://ons.org.br/Paginas/Noticias/20180321-notaaimpresa-complementar.aspx	2018-03-22T03:19:41+0000	Engraçado nos governos Lula e Dilma ninguém ouvia falar de apagão! Agora começa a palhaçada para terem a desculpa da privatização! ACORDA BRASIL!	2018-03-22T12:06:18+0000	Nunca? Então você não morava no Brasil nessa época. Quer que cite os apagões daquela época, iguais ao de recentemente?	Post
2018-03-21T23:39:15+0000	ONS - Nota Complementar  Às 15h48 do dia 21/03/2018 ocorreu uma falha de um disjuntor na subestação Xingu, no Pará. Em consequência, houve o desligamento automático de diversas linhas de transmissão em 500 kV, componentes dos troncos de interligação Norte/Nordeste/Centro-Oeste, Tucuruí/Manaus, Tucuruí/Vila do Conde, Elo cc 800 kV Xingu/Estreito e da UTE Belo Monte, entre outros, acarretando uma redução total de carga no SIN, da ordem de 18.000 MW.   Na região Norte, foram desligadas as capitais Manaus, Macapá, Belém, São Luiz e Palmas.  Na usina hidrelétrica de Tucuruí nove unidades geradoras continuaram sincronizadas, atendendo cerca de 500 MW de carga no Pará e Maranhão.   http://ons.org.br/Paginas/Noticias/20180321-notaaimpresa-complementar.aspx	2018-03-22T03:19:41+0000	Engraçado nos governos Lula e Dilma ninguém ouvia falar de apagão! Agora começa a palhaçada para terem a desculpa da privatização! ACORDA BRASIL!	2018-03-22T12:27:29+0000	Quero! Um por um!	Post
2018-03-21T23:39:15+0000	ONS - Nota Complementar  Às 15h48 do dia 21/03/2018 ocorreu uma falha de um disjuntor na subestação Xingu, no Pará. Em consequência, houve o desligamento automático de diversas linhas de transmissão em 500 kV, componentes dos troncos de interligação Norte/Nordeste/Centro-Oeste, Tucuruí/Manaus, Tucuruí/Vila do Conde, Elo cc 800 kV Xingu/Estreito e da UTE Belo Monte, entre outros, acarretando uma redução total de carga no SIN, da ordem de 18.000 MW.   Na região Norte, foram desligadas as capitais Manaus, Macapá, Belém, São Luiz e Palmas.  Na usina hidrelétrica de Tucuruí nove unidades geradoras continuaram sincronizadas, atendendo cerca de 500 MW de carga no Pará e Maranhão.   http://ons.org.br/Paginas/Noticias/20180321-notaaimpresa-complementar.aspx	2018-03-22T03:19:41+0000	Engraçado nos governos Lula e Dilma ninguém ouvia falar de apagão! Agora começa a palhaçada para terem a desculpa da privatização! ACORDA BRASIL!			Post
2018-03-21T23:39:15+0000	ONS - Nota Complementar  Às 15h48 do dia 21/03/2018 ocorreu uma falha de um disjuntor na subestação Xingu, no Pará. Em consequência, houve o desligamento automático de diversas linhas de transmissão em 500 kV, componentes dos troncos de interligação Norte/Nordeste/Centro-Oeste, Tucuruí/Manaus, Tucuruí/Vila do Conde, Elo cc 800 kV Xingu/Estreito e da UTE Belo Monte, entre outros, acarretando uma redução total de carga no SIN, da ordem de 18.000 MW.   Na região Norte, foram desligadas as capitais Manaus, Macapá, Belém, São Luiz e Palmas.  Na usina hidrelétrica de Tucuruí nove unidades geradoras continuaram sincronizadas, atendendo cerca de 500 MW de carga no Pará e Maranhão.   http://ons.org.br/Paginas/Noticias/20180321-notaaimpresa-complementar.aspx	2018-03-22T03:34:21+0000	Agora começa a palhaçada para terem a desculpa da privatização! ACORDA BRASILLLLL!			Post
2018-03-21T23:39:15+0000	ONS - Nota Complementar  Às 15h48 do dia 21/03/2018 ocorreu uma falha de um disjuntor na subestação Xingu, no Pará. Em consequência, houve o desligamento automático de diversas linhas de transmissão em 500 kV, componentes dos troncos de interligação Norte/Nordeste/Centro-Oeste, Tucuruí/Manaus, Tucuruí/Vila do Conde, Elo cc 800 kV Xingu/Estreito e da UTE Belo Monte, entre outros, acarretando uma redução total de carga no SIN, da ordem de 18.000 MW.   Na região Norte, foram desligadas as capitais Manaus, Macapá, Belém, São Luiz e Palmas.  Na usina hidrelétrica de Tucuruí nove unidades geradoras continuaram sincronizadas, atendendo cerca de 500 MW de carga no Pará e Maranhão.   http://ons.org.br/Paginas/Noticias/20180321-notaaimpresa-complementar.aspx	2018-03-22T00:27:00+0000	Silvia Noronha			Post
2018-03-21T23:39:15+0000	ONS - Nota Complementar  Às 15h48 do dia 21/03/2018 ocorreu uma falha de um disjuntor na subestação Xingu, no Pará. Em consequência, houve o desligamento automático de diversas linhas de transmissão em 500 kV, componentes dos troncos de interligação Norte/Nordeste/Centro-Oeste, Tucuruí/Manaus, Tucuruí/Vila do Conde, Elo cc 800 kV Xingu/Estreito e da UTE Belo Monte, entre outros, acarretando uma redução total de carga no SIN, da ordem de 18.000 MW.   Na região Norte, foram desligadas as capitais Manaus, Macapá, Belém, São Luiz e Palmas.  Na usina hidrelétrica de Tucuruí nove unidades geradoras continuaram sincronizadas, atendendo cerca de 500 MW de carga no Pará e Maranhão.   http://ons.org.br/Paginas/Noticias/20180321-notaaimpresa-complementar.aspx					Post
2016-07-19T14:41:13+0000	A Unidade Geradora 02 da Hidrelétrica Belo Monte foi autorizada pela Aneel e somará mais 611,11 MW ao Sistema Interligado Nacional. É a quarta turbina do empreendimento a contribuir com a geração de energia para o Brasil. Com isso, Belo Monte e Pimental, já alcançam aproximadamente 1.300 MW de energia gerada. #BeloMonte #MaisEnergia					Post
2016-06-14T12:25:05+0000	Juntas no consórcio Belo Monte Transmissora, Eletronorte, Furnas e a chinesa State Grid, começam a erguer as torres da primeira linha de Ultra Alta Tensão no Brasil. São 2.087 quilômetros de extensão em 800 kV, um dos maiores empreendimentos do Setor Elétrico brasileiro. Serão 4.600 torres instaladas ao longo do trajeto que atravessará 65 municípios de quatro estados – Pará, Tocantins, Goiás e Minas Gerais  http://agencia.eletronorte.gov.br/site/2016/06/10/pioneiro-em-ultra-alta-tensao-no-brasil-linhao-de-belo-monte-ganha-primeiras-torres/	2016-06-16T23:29:58+0000	isso é investir no Brasil, colonisar, levar desenvolvimento, aconteceu a mesma coisa na construção da Itaipu Binacional, achavam um desperdicio, olha o que representa hoje para o pais, outras quandes construções, isso é distingue um pais em desenvolvimento de um apis estaguenado. É o nosso futuro.			Post
2016-06-14T12:25:05+0000	Juntas no consórcio Belo Monte Transmissora, Eletronorte, Furnas e a chinesa State Grid, começam a erguer as torres da primeira linha de Ultra Alta Tensão no Brasil. São 2.087 quilômetros de extensão em 800 kV, um dos maiores empreendimentos do Setor Elétrico brasileiro. Serão 4.600 torres instaladas ao longo do trajeto que atravessará 65 municípios de quatro estados – Pará, Tocantins, Goiás e Minas Gerais  http://agencia.eletronorte.gov.br/site/2016/06/10/pioneiro-em-ultra-alta-tensao-no-brasil-linhao-de-belo-monte-ganha-primeiras-torres/	2016-06-14T14:29:42+0000	Lá vai o tal do "interesse público"			Post
2016-06-14T12:25:05+0000	Juntas no consórcio Belo Monte Transmissora, Eletronorte, Furnas e a chinesa State Grid, começam a erguer as torres da primeira linha de Ultra Alta Tensão no Brasil. São 2.087 quilômetros de extensão em 800 kV, um dos maiores empreendimentos do Setor Elétrico brasileiro. Serão 4.600 torres instaladas ao longo do trajeto que atravessará 65 municípios de quatro estados – Pará, Tocantins, Goiás e Minas Gerais  http://agencia.eletronorte.gov.br/site/2016/06/10/pioneiro-em-ultra-alta-tensao-no-brasil-linhao-de-belo-monte-ganha-primeiras-torres/	2016-06-14T14:17:28+0000	Vamos ver se vcs geram emprego pro povo			Post
2016-06-14T12:25:05+0000	Juntas no consórcio Belo Monte Transmissora, Eletronorte, Furnas e a chinesa State Grid, começam a erguer as torres da primeira linha de Ultra Alta Tensão no Brasil. São 2.087 quilômetros de extensão em 800 kV, um dos maiores empreendimentos do Setor Elétrico brasileiro. Serão 4.600 torres instaladas ao longo do trajeto que atravessará 65 municípios de quatro estados – Pará, Tocantins, Goiás e Minas Gerais  http://agencia.eletronorte.gov.br/site/2016/06/10/pioneiro-em-ultra-alta-tensao-no-brasil-linhao-de-belo-monte-ganha-primeiras-torres/	2016-06-14T18:58:39+0000	Orgulho - me de ter trabalhado nesta empresa.			Post
2016-06-14T12:25:05+0000	Juntas no consórcio Belo Monte Transmissora, Eletronorte, Furnas e a chinesa State Grid, começam a erguer as torres da primeira linha de Ultra Alta Tensão no Brasil. São 2.087 quilômetros de extensão em 800 kV, um dos maiores empreendimentos do Setor Elétrico brasileiro. Serão 4.600 torres instaladas ao longo do trajeto que atravessará 65 municípios de quatro estados – Pará, Tocantins, Goiás e Minas Gerais  http://agencia.eletronorte.gov.br/site/2016/06/10/pioneiro-em-ultra-alta-tensao-no-brasil-linhao-de-belo-monte-ganha-primeiras-torres/	2016-06-14T12:29:57+0000	Ageu Silva			Post
2016-06-14T12:25:05+0000	Juntas no consórcio Belo Monte Transmissora, Eletronorte, Furnas e a chinesa State Grid, começam a erguer as torres da primeira linha de Ultra Alta Tensão no Brasil. São 2.087 quilômetros de extensão em 800 kV, um dos maiores empreendimentos do Setor Elétrico brasileiro. Serão 4.600 torres instaladas ao longo do trajeto que atravessará 65 municípios de quatro estados – Pará, Tocantins, Goiás e Minas Gerais  http://agencia.eletronorte.gov.br/site/2016/06/10/pioneiro-em-ultra-alta-tensao-no-brasil-linhao-de-belo-monte-ganha-primeiras-torres/					Post
2016-05-30T17:07:11+0000	#BeloMonte #MaisEnergia					Post
2016-05-17T15:33:58+0000	Primeiras torres  Juntas no Consórcio Belo Monte Transmissora de Energia SPE S.A. – BMTE, as empresas Eletronorte e Furnas, do grupo Eletrobras, e a chinesa State Grid  estão construindo um dos maiores empreendimentos do País: uma linha de transmissão de 2.100 quilômetros, com a tecnologia de ultra-alta tensão.   Além de levar a energia gerada na Usina de Belo Monte, no Pará, até à Subestação de Estreito, em Ibiraci, no Sudeste de Minas Gerais, a nova linha vai permitir que esse escoamento seja feito com redução de perda.  #TalentosEletronorte #MaisEnergia	2016-05-17T23:50:51+0000	Essa Eletronorte é tudo de bom. Talento+competência			Post, Comment
2016-05-17T15:33:58+0000	Primeiras torres  Juntas no Consórcio Belo Monte Transmissora de Energia SPE S.A. – BMTE, as empresas Eletronorte e Furnas, do grupo Eletrobras, e a chinesa State Grid  estão construindo um dos maiores empreendimentos do País: uma linha de transmissão de 2.100 quilômetros, com a tecnologia de ultra-alta tensão.   Além de levar a energia gerada na Usina de Belo Monte, no Pará, até à Subestação de Estreito, em Ibiraci, no Sudeste de Minas Gerais, a nova linha vai permitir que esse escoamento seja feito com redução de perda.  #TalentosEletronorte #MaisEnergia	2016-05-17T22:03:23+0000	Essa é a família Eletronorte,  orgulho...			Post, Comment
2016-05-17T15:33:58+0000	Primeiras torres  Juntas no Consórcio Belo Monte Transmissora de Energia SPE S.A. – BMTE, as empresas Eletronorte e Furnas, do grupo Eletrobras, e a chinesa State Grid  estão construindo um dos maiores empreendimentos do País: uma linha de transmissão de 2.100 quilômetros, com a tecnologia de ultra-alta tensão.   Além de levar a energia gerada na Usina de Belo Monte, no Pará, até à Subestação de Estreito, em Ibiraci, no Sudeste de Minas Gerais, a nova linha vai permitir que esse escoamento seja feito com redução de perda.  #TalentosEletronorte #MaisEnergia	2016-05-18T08:20:49+0000	Tenho orgulho de fazer parte dessa grande empresa há 34 anos.			Post, Comment
2016-05-17T15:33:58+0000	Primeiras torres  Juntas no Consórcio Belo Monte Transmissora de Energia SPE S.A. – BMTE, as empresas Eletronorte e Furnas, do grupo Eletrobras, e a chinesa State Grid  estão construindo um dos maiores empreendimentos do País: uma linha de transmissão de 2.100 quilômetros, com a tecnologia de ultra-alta tensão.   Além de levar a energia gerada na Usina de Belo Monte, no Pará, até à Subestação de Estreito, em Ibiraci, no Sudeste de Minas Gerais, a nova linha vai permitir que esse escoamento seja feito com redução de perda.  #TalentosEletronorte #MaisEnergia	2016-05-18T23:25:35+0000	E o nosso kWh mais caro do Brasil ninguém resolve			Post, Comment
2016-05-17T15:33:58+0000	Primeiras torres  Juntas no Consórcio Belo Monte Transmissora de Energia SPE S.A. – BMTE, as empresas Eletronorte e Furnas, do grupo Eletrobras, e a chinesa State Grid  estão construindo um dos maiores empreendimentos do País: uma linha de transmissão de 2.100 quilômetros, com a tecnologia de ultra-alta tensão.   Além de levar a energia gerada na Usina de Belo Monte, no Pará, até à Subestação de Estreito, em Ibiraci, no Sudeste de Minas Gerais, a nova linha vai permitir que esse escoamento seja feito com redução de perda.  #TalentosEletronorte #MaisEnergia	2016-05-17T17:01:05+0000	Orgulho de fazer parte desta excelente empresa.			Post, Comment
2016-05-17T15:33:58+0000	Primeiras torres  Juntas no Consórcio Belo Monte Transmissora de Energia SPE S.A. – BMTE, as empresas Eletronorte e Furnas, do grupo Eletrobras, e a chinesa State Grid  estão construindo um dos maiores empreendimentos do País: uma linha de transmissão de 2.100 quilômetros, com a tecnologia de ultra-alta tensão.   Além de levar a energia gerada na Usina de Belo Monte, no Pará, até à Subestação de Estreito, em Ibiraci, no Sudeste de Minas Gerais, a nova linha vai permitir que esse escoamento seja feito com redução de perda.  #TalentosEletronorte #MaisEnergia	2016-05-19T11:31:58+0000	Empresas que vão afundar esse país na lama e na devastação. Belo monte de merda.			Post, Comment
2016-05-17T15:33:58+0000	Primeiras torres  Juntas no Consórcio Belo Monte Transmissora de Energia SPE S.A. – BMTE, as empresas Eletronorte e Furnas, do grupo Eletrobras, e a chinesa State Grid  estão construindo um dos maiores empreendimentos do País: uma linha de transmissão de 2.100 quilômetros, com a tecnologia de ultra-alta tensão.   Além de levar a energia gerada na Usina de Belo Monte, no Pará, até à Subestação de Estreito, em Ibiraci, no Sudeste de Minas Gerais, a nova linha vai permitir que esse escoamento seja feito com redução de perda.  #TalentosEletronorte #MaisEnergia	2016-05-18T16:15:58+0000	Muito bom mesmo!!!			Post, Comment
2016-05-17T15:33:58+0000	Primeiras torres  Juntas no Consórcio Belo Monte Transmissora de Energia SPE S.A. – BMTE, as empresas Eletronorte e Furnas, do grupo Eletrobras, e a chinesa State Grid  estão construindo um dos maiores empreendimentos do País: uma linha de transmissão de 2.100 quilômetros, com a tecnologia de ultra-alta tensão.   Além de levar a energia gerada na Usina de Belo Monte, no Pará, até à Subestação de Estreito, em Ibiraci, no Sudeste de Minas Gerais, a nova linha vai permitir que esse escoamento seja feito com redução de perda.  #TalentosEletronorte #MaisEnergia	2016-05-17T15:48:29+0000	Quero saber dos trampo			Post, Comment
2016-05-17T15:33:58+0000	Primeiras torres  Juntas no Consórcio Belo Monte Transmissora de Energia SPE S.A. – BMTE, as empresas Eletronorte e Furnas, do grupo Eletrobras, e a chinesa State Grid  estão construindo um dos maiores empreendimentos do País: uma linha de transmissão de 2.100 quilômetros, com a tecnologia de ultra-alta tensão.   Além de levar a energia gerada na Usina de Belo Monte, no Pará, até à Subestação de Estreito, em Ibiraci, no Sudeste de Minas Gerais, a nova linha vai permitir que esse escoamento seja feito com redução de perda.  #TalentosEletronorte #MaisEnergia	2016-05-17T17:50:55+0000	👏👏👏			Post, Comment
2016-05-17T15:33:58+0000	Primeiras torres  Juntas no Consórcio Belo Monte Transmissora de Energia SPE S.A. – BMTE, as empresas Eletronorte e Furnas, do grupo Eletrobras, e a chinesa State Grid  estão construindo um dos maiores empreendimentos do País: uma linha de transmissão de 2.100 quilômetros, com a tecnologia de ultra-alta tensão.   Além de levar a energia gerada na Usina de Belo Monte, no Pará, até à Subestação de Estreito, em Ibiraci, no Sudeste de Minas Gerais, a nova linha vai permitir que esse escoamento seja feito com redução de perda.  #TalentosEletronorte #MaisEnergia					Post, Comment
2016-05-10T12:46:16+0000	#BeloMonte #EletrobrasEletronorte  Vídeo feito para exibição na cerimônia de início da geração comercial de energia da UHE Belo Monte  https://www.youtube.com/watch?v=26odewmWOs0	2016-05-10T20:53:11+0000	Olha aí Mariadne Jares			Post
2016-05-10T12:46:16+0000	#BeloMonte #EletrobrasEletronorte  Vídeo feito para exibição na cerimônia de início da geração comercial de energia da UHE Belo Monte  https://www.youtube.com/watch?v=26odewmWOs0	2016-05-17T12:21:36+0000	Tenho interesse em adquirir (doação ou compra) um exemplar do livro "O Rio Tocantins no Olhar dos Viajantes", editado pela Eletrobras. (EDMILSON SANCHES - www.edmilsonsanches.com - edmilsonsanches@uol.com.br)			Post
2016-05-10T12:46:16+0000	#BeloMonte #EletrobrasEletronorte  Vídeo feito para exibição na cerimônia de início da geração comercial de energia da UHE Belo Monte  https://www.youtube.com/watch?v=26odewmWOs0					Post
2016-05-06T03:04:18+0000	A presidenta Dilma Rousseff inaugurou, nesta quinta-feira (5), a usina hidrelétrica de Belo Monte, localizada no município de Altamira, sudoeste do Pará. Construída no rio Xingu, a usina é a maior hidrelétrica 100% nacional e a terceira maior do mundo. Com capacidade instalada de 11.233,1 megawatts (MW).  Isso significa carga suficiente para atender 60 milhões de pessoas em 17 Estados, o que representa cerca de 40% do consumo residencial de todo o País. E a #EletrobrasEletronorte faz parte dessa história. #TalentosEletronorte #EmpresasEletrobras #BeloMonte	2016-05-07T13:53:24+0000	E é com orgulho q hoje faço parte da equipe de operação desta usina...😊			Post
2016-05-06T03:04:18+0000	A presidenta Dilma Rousseff inaugurou, nesta quinta-feira (5), a usina hidrelétrica de Belo Monte, localizada no município de Altamira, sudoeste do Pará. Construída no rio Xingu, a usina é a maior hidrelétrica 100% nacional e a terceira maior do mundo. Com capacidade instalada de 11.233,1 megawatts (MW).  Isso significa carga suficiente para atender 60 milhões de pessoas em 17 Estados, o que representa cerca de 40% do consumo residencial de todo o País. E a #EletrobrasEletronorte faz parte dessa história. #TalentosEletronorte #EmpresasEletrobras #BeloMonte	2016-05-07T18:05:55+0000	Parabéns mano, se vc faz parte dessa equipe é porque vc é  competente !			Post
2016-05-06T03:04:18+0000	A presidenta Dilma Rousseff inaugurou, nesta quinta-feira (5), a usina hidrelétrica de Belo Monte, localizada no município de Altamira, sudoeste do Pará. Construída no rio Xingu, a usina é a maior hidrelétrica 100% nacional e a terceira maior do mundo. Com capacidade instalada de 11.233,1 megawatts (MW).  Isso significa carga suficiente para atender 60 milhões de pessoas em 17 Estados, o que representa cerca de 40% do consumo residencial de todo o País. E a #EletrobrasEletronorte faz parte dessa história. #TalentosEletronorte #EmpresasEletrobras #BeloMonte	2016-05-09T00:14:18+0000	Muito linda....			Post
2016-05-06T03:04:18+0000	A presidenta Dilma Rousseff inaugurou, nesta quinta-feira (5), a usina hidrelétrica de Belo Monte, localizada no município de Altamira, sudoeste do Pará. Construída no rio Xingu, a usina é a maior hidrelétrica 100% nacional e a terceira maior do mundo. Com capacidade instalada de 11.233,1 megawatts (MW).  Isso significa carga suficiente para atender 60 milhões de pessoas em 17 Estados, o que representa cerca de 40% do consumo residencial de todo o País. E a #EletrobrasEletronorte faz parte dessa história. #TalentosEletronorte #EmpresasEletrobras #BeloMonte					Post
2016-04-28T18:23:17+0000	#BeloMonte #EmpresasEletrobras	2016-04-29T00:02:51+0000	Estou fazendo parte de tudo isso...			Post
2016-04-28T18:23:17+0000	#BeloMonte #EmpresasEletrobras					Post
2016-04-25T13:49:40+0000	Um dos programas de sucesso é o de redução dos casos de malária em 98%, entre 2011 e 2016, nos cinco municípios da região, com Anapu e Vitória do Xingu, zerando o número de registros em fevereiro deste ano. #BeloMonte					Post
2016-04-25T13:48:03+0000	20 de abril de 2016. Exatos seis anos depois da realização do leilão, é publicada no Diário Oficial da União a liberação da Aneel para o início da Operação Comercial da UG 01 da Casa de Força Principal Belo Monte. Isso significa iniciar a gigantesca contribuição de mais 611MW para o Sistema Interligado Nacional. A caminhada continua para colocar em operação a primeira Unidade Geradora da Casa de Força Complementar Pimental e as outras 22 máquinas das duas casas de força. #BeloMonte #Eletronorte #MaisEnergia #NorteEnergia	2016-04-25T17:18:57+0000	Estou fazendo parte...			Post
2016-04-25T13:48:03+0000	20 de abril de 2016. Exatos seis anos depois da realização do leilão, é publicada no Diário Oficial da União a liberação da Aneel para o início da Operação Comercial da UG 01 da Casa de Força Principal Belo Monte. Isso significa iniciar a gigantesca contribuição de mais 611MW para o Sistema Interligado Nacional. A caminhada continua para colocar em operação a primeira Unidade Geradora da Casa de Força Complementar Pimental e as outras 22 máquinas das duas casas de força. #BeloMonte #Eletronorte #MaisEnergia #NorteEnergia	2016-04-27T01:08:41+0000	Eu também.			Post
2016-04-25T13:48:03+0000	20 de abril de 2016. Exatos seis anos depois da realização do leilão, é publicada no Diário Oficial da União a liberação da Aneel para o início da Operação Comercial da UG 01 da Casa de Força Principal Belo Monte. Isso significa iniciar a gigantesca contribuição de mais 611MW para o Sistema Interligado Nacional. A caminhada continua para colocar em operação a primeira Unidade Geradora da Casa de Força Complementar Pimental e as outras 22 máquinas das duas casas de força. #BeloMonte #Eletronorte #MaisEnergia #NorteEnergia	2016-04-28T04:27:42+0000	Bacana amigo.			Post
2016-04-25T13:48:03+0000	20 de abril de 2016. Exatos seis anos depois da realização do leilão, é publicada no Diário Oficial da União a liberação da Aneel para o início da Operação Comercial da UG 01 da Casa de Força Principal Belo Monte. Isso significa iniciar a gigantesca contribuição de mais 611MW para o Sistema Interligado Nacional. A caminhada continua para colocar em operação a primeira Unidade Geradora da Casa de Força Complementar Pimental e as outras 22 máquinas das duas casas de força. #BeloMonte #Eletronorte #MaisEnergia #NorteEnergia					Post
2016-02-23T18:09:22+0000	A Casa de Força Principal, da UHE Belo Monte, já tem água o suficiente para iniciar as atividades de comissionamento das unidades geradoras, culminando com a geração comercial em março e cumprindo o cronograma.  #BeloMonte #MaisEnergia	2016-02-24T00:36:33+0000	Vc esteve ou está na Usina?	2016-02-24T00:43:53+0000	ainda nao vi ao vivo isso tudo....só em março....ansiosa ja	Post
2016-02-23T18:09:22+0000	A Casa de Força Principal, da UHE Belo Monte, já tem água o suficiente para iniciar as atividades de comissionamento das unidades geradoras, culminando com a geração comercial em março e cumprindo o cronograma.  #BeloMonte #MaisEnergia	2016-02-24T00:36:33+0000	Vc esteve ou está na Usina?			Post
2016-02-23T18:09:22+0000	A Casa de Força Principal, da UHE Belo Monte, já tem água o suficiente para iniciar as atividades de comissionamento das unidades geradoras, culminando com a geração comercial em março e cumprindo o cronograma.  #BeloMonte #MaisEnergia	2016-02-23T23:13:49+0000	olha q lindo Allyrio Omodei			Post
2016-02-23T18:09:22+0000	A Casa de Força Principal, da UHE Belo Monte, já tem água o suficiente para iniciar as atividades de comissionamento das unidades geradoras, culminando com a geração comercial em março e cumprindo o cronograma.  #BeloMonte #MaisEnergia					Post
2015-11-19T10:53:35+0000	A Norte Energia investiu R$ 37,2 milhões em 62 projetos de saúde por meio do Plano de Desenvolvimento Regional Sustentável do Xingu (PDRSX). Trata-se de uma proposta do governo federal financiada pela empresa para executar ações em 11 municípios da região ao redor da área de construção da hidrelétrica de Belo Monte, no Pará.  As principais propostas selecionadas resultaram na aquisição e reforma de um hospital em Brasil Novo, além de melhoria nos hospitais de Placas, Uruará e Medicilândia. Os investimentos nas unidades hospitalares somam R$ 6,7 milhões e qualificam 180 leitos, beneficiando 118 mil pessoas nesses quatro municípios.  http://www.brasil.gov.br/saude/2015/11/belo-monte-viabiliza-62-projetos-de-saude-no-para					Post
2015-10-28T19:56:20+0000	#MitoseVerdades #BeloMonte	2015-12-10T11:50:41+0000	Legal!			Post
2015-10-28T19:56:20+0000	#MitoseVerdades #BeloMonte					Post
2015-09-02T12:14:46+0000	Especialistas que monitoram desde 2013 a presença de espécimes de uma das maiores aves de rapina da América do Sul constataram recentemente o nascimento de um filhote e dois jovens gaviões-reais (Harpia harpyja), em três dos seis ninhos monitorados na região do rio Xingu, no Pará. Quatro ninhos estão localizados no Município de Vitória do Xingu e dois, no município de Brasil Novo.  A ação tem apoio logístico da Norte Energia, responsável pela construção da Usina Hidrelétrica Belo Monte e pela implantação de 15 projetos de conservação ambiental na região.  A espécie é tida como a ave de rapina mais possante das Américas. Pode carregar um peso igual ao seu, cuja média é de 9 quilos. Ganhou este nome na Amazônia graças à conformação das penas na cabeça, em formato que lembra uma coroa, e ao porte da realeza.  Saiba mais em http://blogbelomonte.com.br/					Post
2015-07-20T19:19:02+0000	A UHE Belo Monte é um projeto essencial para melhorar a qualidade de vida de todos os brasileiros. Vai gerar 11.233 MW para beneficiar 60 milhões de pessoas em 17 estados, além de garantir investimentos de R$ 3,7 bilhões em ações socioambientais para 11 municípios da área de influência direta e indireta do empreendimento, incluindo o pioneiro Projeto Básico Ambiental de Componente Indígena (PBA-CI).  https://www.youtube.com/watch?v=UREtg_JVP1k					Post
2015-07-03T19:31:53+0000	"Merenilton Gomes da Silva, 30 anos, sente saudade da antiga casa – esta, afinal, tinha à frente o verde escuro do Xingu. Mas a saudade não significa reclamação: sua vida atual melhorou mais do que ele esperava. O produtor hoje está instalado com a família em 55 hectares no Assurini, área rural de Altamira. Poderia ter ficado com seu cacau e seus bois para ganhar a vida, mas ele foi além e rompeu com o convencional: hoje tem uma produção diversificada, moderna e que serve de exemplo aos produtores vizinhos."  http://blogbelomonte.com.br/2015/06/24/semeador-de-novidades/					Post
2015-05-28T13:30:59+0000	O novo vídeo institucional da Usina Hidrelétrica Belo Monte está disponível no Youtube. Nele, é possível compreender a magnitude da obra da maior hidrelétrica 100% nacional em construção no rio Xingu, no Pará, e os benefícios que os investimentos socioambientais estão trazendo à região.   https://www.youtube.com/watch?v=UREtg_JVP1k	2015-05-29T19:27:55+0000	David Gomes De Oliveira Santos			Post
2015-05-28T13:30:59+0000	O novo vídeo institucional da Usina Hidrelétrica Belo Monte está disponível no Youtube. Nele, é possível compreender a magnitude da obra da maior hidrelétrica 100% nacional em construção no rio Xingu, no Pará, e os benefícios que os investimentos socioambientais estão trazendo à região.   https://www.youtube.com/watch?v=UREtg_JVP1k					Post
2014-06-09T15:14:04+0000	“O Centro Ambiental da Norte Energia nada mais é que um esforço de marketing para amenizar as críticas ao holocausto animal promovido pela construção da usina de Belo Monte”. (Olhar Animal) - Uau, essa doeu fundo. Mas vamos lá. Como parte das condicionantes para a UHE Belo Monte, a Norte Energia desenvolve 14 planos voltados para conservação do meio ambiente na região do Xingu. Algo que vai muito além de efetuar levantamentos e resgates de flora e fauna. O trabalho permite reunir dados importantes para o conhecimento sobre plantas e animais da região, mitigar impactos decorrentes da implantação no empreendimento na região da Volta Grande do Xingu.  http://blogbelomonte.com.br/2014/06/08/preservacao-da-fauna-e-da-flora-mito-ou-verdade/#more-3652					Post
2014-04-25T19:15:10+0000	Especial Belo Monte I: O genocídio que não houve – Por Fábio Pannuzio  http://blogbelomonte.com.br/2014/04/24/especial-belo-monte-i-o-genocidio-que-nao-houve-por-fabio-pannuzio/					Post
2014-03-26T13:38:29+0000	Em Belo Monte, programa de comunicação indígena reduz conflitos. Medição das emissões de gases de efeito estufa também são destaque    http://agencia.eletronorte.gov.br/site/2014/03/26/vi-smars-a-valorizacao-da-cidadania/					Post
2014-02-10T10:12:52+0000	Cronograma das obras de transmissão de Belo Monte é compatível ao de geração  http://mme.gov.br/mme/noticias/destaque_foto/destaque_426.html					Post
2014-02-07T12:33:50+0000	Com State Grid e Furnas, Eletronorte vence leilão de transmissão de Belo Monte  A Eletrobras Eletronorte acaba de vencer, junto com Furnas e State Grid, o Leilão de Transmissão Nº 11/2013 para contratação de serviço público de transmissão de energia elétrica de Belo Monte.  As instalações devem entrar em operação no prazo de 44 a 46 meses da assinatura dos contratos, com a criação de mais de 15 mil empregos diretos. . Foram licitadas a linha de transmissão, em 800 kV, de 2.092 quilômetros de extensão e as estações conversoras de Xingu e Estreito. Os investimentos previstos são da ordem de R$ 5 bilhões.   O Consórcio IE Belo Monte é formado pela State Grid (51%), Furnas (24,5%) e Eletronorte (24,5%). Com deságio de 38%, o lance oferecido pelas empresas foi de R$ 434.647.038 para o conjunto dos lotes A e B.	2014-02-07T12:40:21+0000	Juntos e fortalecidos!!			Post
2014-02-07T12:33:50+0000	Com State Grid e Furnas, Eletronorte vence leilão de transmissão de Belo Monte  A Eletrobras Eletronorte acaba de vencer, junto com Furnas e State Grid, o Leilão de Transmissão Nº 11/2013 para contratação de serviço público de transmissão de energia elétrica de Belo Monte.  As instalações devem entrar em operação no prazo de 44 a 46 meses da assinatura dos contratos, com a criação de mais de 15 mil empregos diretos. . Foram licitadas a linha de transmissão, em 800 kV, de 2.092 quilômetros de extensão e as estações conversoras de Xingu e Estreito. Os investimentos previstos são da ordem de R$ 5 bilhões.   O Consórcio IE Belo Monte é formado pela State Grid (51%), Furnas (24,5%) e Eletronorte (24,5%). Com deságio de 38%, o lance oferecido pelas empresas foi de R$ 434.647.038 para o conjunto dos lotes A e B.	2014-02-07T12:49:51+0000	Parabéns pra nós! E muito sucesso nesse empreendimento!!!!			Post
2014-02-07T12:33:50+0000	Com State Grid e Furnas, Eletronorte vence leilão de transmissão de Belo Monte  A Eletrobras Eletronorte acaba de vencer, junto com Furnas e State Grid, o Leilão de Transmissão Nº 11/2013 para contratação de serviço público de transmissão de energia elétrica de Belo Monte.  As instalações devem entrar em operação no prazo de 44 a 46 meses da assinatura dos contratos, com a criação de mais de 15 mil empregos diretos. . Foram licitadas a linha de transmissão, em 800 kV, de 2.092 quilômetros de extensão e as estações conversoras de Xingu e Estreito. Os investimentos previstos são da ordem de R$ 5 bilhões.   O Consórcio IE Belo Monte é formado pela State Grid (51%), Furnas (24,5%) e Eletronorte (24,5%). Com deságio de 38%, o lance oferecido pelas empresas foi de R$ 434.647.038 para o conjunto dos lotes A e B.	2014-02-07T12:54:49+0000	Parabéns a Eletrobras Eletronorte!!			Post
2014-02-07T12:33:50+0000	Com State Grid e Furnas, Eletronorte vence leilão de transmissão de Belo Monte  A Eletrobras Eletronorte acaba de vencer, junto com Furnas e State Grid, o Leilão de Transmissão Nº 11/2013 para contratação de serviço público de transmissão de energia elétrica de Belo Monte.  As instalações devem entrar em operação no prazo de 44 a 46 meses da assinatura dos contratos, com a criação de mais de 15 mil empregos diretos. . Foram licitadas a linha de transmissão, em 800 kV, de 2.092 quilômetros de extensão e as estações conversoras de Xingu e Estreito. Os investimentos previstos são da ordem de R$ 5 bilhões.   O Consórcio IE Belo Monte é formado pela State Grid (51%), Furnas (24,5%) e Eletronorte (24,5%). Com deságio de 38%, o lance oferecido pelas empresas foi de R$ 434.647.038 para o conjunto dos lotes A e B.	2014-02-07T15:39:45+0000	Onde deixo o cv Marcelo Leite rsrsrs..			Post
2014-02-07T12:33:50+0000	Com State Grid e Furnas, Eletronorte vence leilão de transmissão de Belo Monte  A Eletrobras Eletronorte acaba de vencer, junto com Furnas e State Grid, o Leilão de Transmissão Nº 11/2013 para contratação de serviço público de transmissão de energia elétrica de Belo Monte.  As instalações devem entrar em operação no prazo de 44 a 46 meses da assinatura dos contratos, com a criação de mais de 15 mil empregos diretos. . Foram licitadas a linha de transmissão, em 800 kV, de 2.092 quilômetros de extensão e as estações conversoras de Xingu e Estreito. Os investimentos previstos são da ordem de R$ 5 bilhões.   O Consórcio IE Belo Monte é formado pela State Grid (51%), Furnas (24,5%) e Eletronorte (24,5%). Com deságio de 38%, o lance oferecido pelas empresas foi de R$ 434.647.038 para o conjunto dos lotes A e B.	2014-02-07T20:01:05+0000	Ops			Post
2014-02-07T12:33:50+0000	Com State Grid e Furnas, Eletronorte vence leilão de transmissão de Belo Monte  A Eletrobras Eletronorte acaba de vencer, junto com Furnas e State Grid, o Leilão de Transmissão Nº 11/2013 para contratação de serviço público de transmissão de energia elétrica de Belo Monte.  As instalações devem entrar em operação no prazo de 44 a 46 meses da assinatura dos contratos, com a criação de mais de 15 mil empregos diretos. . Foram licitadas a linha de transmissão, em 800 kV, de 2.092 quilômetros de extensão e as estações conversoras de Xingu e Estreito. Os investimentos previstos são da ordem de R$ 5 bilhões.   O Consórcio IE Belo Monte é formado pela State Grid (51%), Furnas (24,5%) e Eletronorte (24,5%). Com deságio de 38%, o lance oferecido pelas empresas foi de R$ 434.647.038 para o conjunto dos lotes A e B.	2014-02-07T20:14:23+0000	Que beleza....!!!!			Post
2014-02-07T12:33:50+0000	Com State Grid e Furnas, Eletronorte vence leilão de transmissão de Belo Monte  A Eletrobras Eletronorte acaba de vencer, junto com Furnas e State Grid, o Leilão de Transmissão Nº 11/2013 para contratação de serviço público de transmissão de energia elétrica de Belo Monte.  As instalações devem entrar em operação no prazo de 44 a 46 meses da assinatura dos contratos, com a criação de mais de 15 mil empregos diretos. . Foram licitadas a linha de transmissão, em 800 kV, de 2.092 quilômetros de extensão e as estações conversoras de Xingu e Estreito. Os investimentos previstos são da ordem de R$ 5 bilhões.   O Consórcio IE Belo Monte é formado pela State Grid (51%), Furnas (24,5%) e Eletronorte (24,5%). Com deságio de 38%, o lance oferecido pelas empresas foi de R$ 434.647.038 para o conjunto dos lotes A e B.	2014-02-07T21:28:02+0000	To sentindo orgulho da minha empresa			Post
2014-02-07T12:33:50+0000	Com State Grid e Furnas, Eletronorte vence leilão de transmissão de Belo Monte  A Eletrobras Eletronorte acaba de vencer, junto com Furnas e State Grid, o Leilão de Transmissão Nº 11/2013 para contratação de serviço público de transmissão de energia elétrica de Belo Monte.  As instalações devem entrar em operação no prazo de 44 a 46 meses da assinatura dos contratos, com a criação de mais de 15 mil empregos diretos. . Foram licitadas a linha de transmissão, em 800 kV, de 2.092 quilômetros de extensão e as estações conversoras de Xingu e Estreito. Os investimentos previstos são da ordem de R$ 5 bilhões.   O Consórcio IE Belo Monte é formado pela State Grid (51%), Furnas (24,5%) e Eletronorte (24,5%). Com deságio de 38%, o lance oferecido pelas empresas foi de R$ 434.647.038 para o conjunto dos lotes A e B.	2014-02-07T21:57:37+0000	Vamos crescer e fortalecer cada vez mais nossa Empresa.			Post
2014-02-07T12:33:50+0000	Com State Grid e Furnas, Eletronorte vence leilão de transmissão de Belo Monte  A Eletrobras Eletronorte acaba de vencer, junto com Furnas e State Grid, o Leilão de Transmissão Nº 11/2013 para contratação de serviço público de transmissão de energia elétrica de Belo Monte.  As instalações devem entrar em operação no prazo de 44 a 46 meses da assinatura dos contratos, com a criação de mais de 15 mil empregos diretos. . Foram licitadas a linha de transmissão, em 800 kV, de 2.092 quilômetros de extensão e as estações conversoras de Xingu e Estreito. Os investimentos previstos são da ordem de R$ 5 bilhões.   O Consórcio IE Belo Monte é formado pela State Grid (51%), Furnas (24,5%) e Eletronorte (24,5%). Com deságio de 38%, o lance oferecido pelas empresas foi de R$ 434.647.038 para o conjunto dos lotes A e B.	2014-02-07T22:13:04+0000	Q beleza, noticia ótima.			Post
2014-02-07T12:33:50+0000	Com State Grid e Furnas, Eletronorte vence leilão de transmissão de Belo Monte  A Eletrobras Eletronorte acaba de vencer, junto com Furnas e State Grid, o Leilão de Transmissão Nº 11/2013 para contratação de serviço público de transmissão de energia elétrica de Belo Monte.  As instalações devem entrar em operação no prazo de 44 a 46 meses da assinatura dos contratos, com a criação de mais de 15 mil empregos diretos. . Foram licitadas a linha de transmissão, em 800 kV, de 2.092 quilômetros de extensão e as estações conversoras de Xingu e Estreito. Os investimentos previstos são da ordem de R$ 5 bilhões.   O Consórcio IE Belo Monte é formado pela State Grid (51%), Furnas (24,5%) e Eletronorte (24,5%). Com deságio de 38%, o lance oferecido pelas empresas foi de R$ 434.647.038 para o conjunto dos lotes A e B.	2014-02-07T22:47:50+0000	Parabéns a todos os envolvidos direta ou indiretamente nesta conquista.			Post
2014-02-07T12:33:50+0000	Com State Grid e Furnas, Eletronorte vence leilão de transmissão de Belo Monte  A Eletrobras Eletronorte acaba de vencer, junto com Furnas e State Grid, o Leilão de Transmissão Nº 11/2013 para contratação de serviço público de transmissão de energia elétrica de Belo Monte.  As instalações devem entrar em operação no prazo de 44 a 46 meses da assinatura dos contratos, com a criação de mais de 15 mil empregos diretos. . Foram licitadas a linha de transmissão, em 800 kV, de 2.092 quilômetros de extensão e as estações conversoras de Xingu e Estreito. Os investimentos previstos são da ordem de R$ 5 bilhões.   O Consórcio IE Belo Monte é formado pela State Grid (51%), Furnas (24,5%) e Eletronorte (24,5%). Com deságio de 38%, o lance oferecido pelas empresas foi de R$ 434.647.038 para o conjunto dos lotes A e B.	2014-02-07T23:50:04+0000	É por isso que tenho orgulho de trabalhar na ELETROBRÁS ELETRONORTE. Parabéns a todas e a todos por mais essa conquista!			Post
2014-02-07T12:33:50+0000	Com State Grid e Furnas, Eletronorte vence leilão de transmissão de Belo Monte  A Eletrobras Eletronorte acaba de vencer, junto com Furnas e State Grid, o Leilão de Transmissão Nº 11/2013 para contratação de serviço público de transmissão de energia elétrica de Belo Monte.  As instalações devem entrar em operação no prazo de 44 a 46 meses da assinatura dos contratos, com a criação de mais de 15 mil empregos diretos. . Foram licitadas a linha de transmissão, em 800 kV, de 2.092 quilômetros de extensão e as estações conversoras de Xingu e Estreito. Os investimentos previstos são da ordem de R$ 5 bilhões.   O Consórcio IE Belo Monte é formado pela State Grid (51%), Furnas (24,5%) e Eletronorte (24,5%). Com deságio de 38%, o lance oferecido pelas empresas foi de R$ 434.647.038 para o conjunto dos lotes A e B.	2014-02-08T01:29:47+0000	Viva Furnas!!!!			Post
2014-02-07T12:33:50+0000	Com State Grid e Furnas, Eletronorte vence leilão de transmissão de Belo Monte  A Eletrobras Eletronorte acaba de vencer, junto com Furnas e State Grid, o Leilão de Transmissão Nº 11/2013 para contratação de serviço público de transmissão de energia elétrica de Belo Monte.  As instalações devem entrar em operação no prazo de 44 a 46 meses da assinatura dos contratos, com a criação de mais de 15 mil empregos diretos. . Foram licitadas a linha de transmissão, em 800 kV, de 2.092 quilômetros de extensão e as estações conversoras de Xingu e Estreito. Os investimentos previstos são da ordem de R$ 5 bilhões.   O Consórcio IE Belo Monte é formado pela State Grid (51%), Furnas (24,5%) e Eletronorte (24,5%). Com deságio de 38%, o lance oferecido pelas empresas foi de R$ 434.647.038 para o conjunto dos lotes A e B.	2014-02-08T10:12:13+0000	Vitória da competência dos trabalhadores da Eln e de Furnas. Sempre a serviço do desenvolvimento de Brasil.			Post
2014-02-07T12:33:50+0000	Com State Grid e Furnas, Eletronorte vence leilão de transmissão de Belo Monte  A Eletrobras Eletronorte acaba de vencer, junto com Furnas e State Grid, o Leilão de Transmissão Nº 11/2013 para contratação de serviço público de transmissão de energia elétrica de Belo Monte.  As instalações devem entrar em operação no prazo de 44 a 46 meses da assinatura dos contratos, com a criação de mais de 15 mil empregos diretos. . Foram licitadas a linha de transmissão, em 800 kV, de 2.092 quilômetros de extensão e as estações conversoras de Xingu e Estreito. Os investimentos previstos são da ordem de R$ 5 bilhões.   O Consórcio IE Belo Monte é formado pela State Grid (51%), Furnas (24,5%) e Eletronorte (24,5%). Com deságio de 38%, o lance oferecido pelas empresas foi de R$ 434.647.038 para o conjunto dos lotes A e B.	2014-02-08T12:39:08+0000	Grande Conquista em tempos dificeis. Parabéns!			Post
2014-02-07T12:33:50+0000	Com State Grid e Furnas, Eletronorte vence leilão de transmissão de Belo Monte  A Eletrobras Eletronorte acaba de vencer, junto com Furnas e State Grid, o Leilão de Transmissão Nº 11/2013 para contratação de serviço público de transmissão de energia elétrica de Belo Monte.  As instalações devem entrar em operação no prazo de 44 a 46 meses da assinatura dos contratos, com a criação de mais de 15 mil empregos diretos. . Foram licitadas a linha de transmissão, em 800 kV, de 2.092 quilômetros de extensão e as estações conversoras de Xingu e Estreito. Os investimentos previstos são da ordem de R$ 5 bilhões.   O Consórcio IE Belo Monte é formado pela State Grid (51%), Furnas (24,5%) e Eletronorte (24,5%). Com deságio de 38%, o lance oferecido pelas empresas foi de R$ 434.647.038 para o conjunto dos lotes A e B.					Post