post_message	post_created_time	comment_message	comment_created_time	reply_message	reply_created_time	where	number
Você já deve ter visto uma onda gigante quando foi à praia - mas o quê você sabe sobre elas? No nosso Medium você confere dois pontos de vista: o de um surfista e da nossa oceanógrafa. Olha só: https://goo.gl/F1SgPA	2018-02-06T21:42:59+0000	Como um posto da Petrobrás no Paraguai consegue vender nossa gasolina mais barata que no Brasil?	2018-02-08T17:22:48+0000	Simples,  com menos impostos cobrados. Lá 10%, aqui 59%.	2018-02-08T21:25:33+0000	Reply	1
Você já deve ter visto uma onda gigante quando foi à praia - mas o quê você sabe sobre elas? No nosso Medium você confere dois pontos de vista: o de um surfista e da nossa oceanógrafa. Olha só: https://goo.gl/F1SgPA	2018-02-06T21:42:59+0000	Como um posto da Petrobrás no Paraguai consegue vender nossa gasolina mais barata que no Brasil?	2018-02-08T17:22:48+0000	Fora o rombo que deixaram, não só de um governo, mas, de uma vida inteira, e que nós estamos pagando e sempre iremos pagar!!	2018-02-10T03:30:29+0000	Reply	1
Você já deve ter visto uma onda gigante quando foi à praia - mas o quê você sabe sobre elas? No nosso Medium você confere dois pontos de vista: o de um surfista e da nossa oceanógrafa. Olha só: https://goo.gl/F1SgPA	2018-02-06T21:42:59+0000	Como um posto da Petrobrás no Paraguai consegue vender nossa gasolina mais barata que no Brasil?	2018-02-08T17:22:48+0000	Pagando como ?  Os impostos vão para os governos estadual/federal, a Petrobras não recebe e sim, também paga impostos.	2018-02-10T03:47:11+0000	Reply	1
Você já deve ter visto uma onda gigante quando foi à praia - mas o quê você sabe sobre elas? No nosso Medium você confere dois pontos de vista: o de um surfista e da nossa oceanógrafa. Olha só: https://goo.gl/F1SgPA	2018-02-06T21:42:59+0000	Como um posto da Petrobrás no Paraguai consegue vender nossa gasolina mais barata que no Brasil?	2018-02-08T17:22:48+0000	Tarcisio, pare de relinchar...	2018-02-14T18:01:56+0000	Reply	1
Você já deve ter visto uma onda gigante quando foi à praia - mas o quê você sabe sobre elas? No nosso Medium você confere dois pontos de vista: o de um surfista e da nossa oceanógrafa. Olha só: https://goo.gl/F1SgPA	2018-02-06T21:42:59+0000	Como um posto da Petrobrás no Paraguai consegue vender nossa gasolina mais barata que no Brasil?	2018-02-08T17:22:48+0000	Olá, como vai? Existem diferenças entre o preço dos combustíveis comercializados no exterior. Uma delas é a tributação: a lei brasileira estabelece que as vendas ao exterior devem ser feitas sem tributação. Aqui no Brasil incidem tributos como o ICMS, CIDE e PIS/COFINS."	2018-02-15T19:10:21+0000	Reply	1
Você já deve ter visto uma onda gigante quando foi à praia - mas o quê você sabe sobre elas? No nosso Medium você confere dois pontos de vista: o de um surfista e da nossa oceanógrafa. Olha só: https://goo.gl/F1SgPA	2018-02-06T21:42:59+0000	Como um posto da Petrobrás no Paraguai consegue vender nossa gasolina mais barata que no Brasil?	2018-02-08T17:22:48+0000	Tarcisio Monteiro Florencio Vc é um jegue mesmo incapaz sequer de raciocinar!!  Raciocine jumento!!! Por que a Petrobras venderia mais caro aqui, seu animal? Ainda que ela desejasse fazer tal insanidade, saiba que petróleo é commodity e o preço é globalizado e dolarizado e como não há salvaguardas à importação, esta cresceria vertiginosamente.  Entendeu, sua mula??? Pode voltar a relinchar em paz... rsrs	2018-02-16T01:56:02+0000	Reply	1
Você já deve ter visto uma onda gigante quando foi à praia - mas o quê você sabe sobre elas? No nosso Medium você confere dois pontos de vista: o de um surfista e da nossa oceanógrafa. Olha só: https://goo.gl/F1SgPA	2018-02-06T21:42:59+0000	Como um posto da Petrobrás no Paraguai consegue vender nossa gasolina mais barata que no Brasil?	2018-02-08T17:22:48+0000	Fatality!!! Kkkk	2018-02-17T02:26:13+0000	Reply	1
Você já deve ter visto uma onda gigante quando foi à praia - mas o quê você sabe sobre elas? No nosso Medium você confere dois pontos de vista: o de um surfista e da nossa oceanógrafa. Olha só: https://goo.gl/F1SgPA	2018-02-06T21:42:59+0000	Como um posto da Petrobrás no Paraguai consegue vender nossa gasolina mais barata que no Brasil?	2018-02-08T17:22:48+0000	Sim, a Petrobras só vende mais caro aqui, por causa dos elevados impostos e taxas tributárias do país	2018-02-17T03:40:45+0000	Reply	1
Você já deve ter visto uma onda gigante quando foi à praia - mas o quê você sabe sobre elas? No nosso Medium você confere dois pontos de vista: o de um surfista e da nossa oceanógrafa. Olha só: https://goo.gl/F1SgPA	2018-02-06T21:42:59+0000	Como um posto da Petrobrás no Paraguai consegue vender nossa gasolina mais barata que no Brasil?	2018-02-08T17:22:48+0000	Luiz Silva educação mandou lembranças!	2018-02-18T11:33:00+0000	Reply	1
Você já deve ter visto uma onda gigante quando foi à praia - mas o quê você sabe sobre elas? No nosso Medium você confere dois pontos de vista: o de um surfista e da nossa oceanógrafa. Olha só: https://goo.gl/F1SgPA	2018-02-06T21:42:59+0000	Como um posto da Petrobrás no Paraguai consegue vender nossa gasolina mais barata que no Brasil?	2018-02-08T17:22:48+0000	Mel Nogueira Vc está acompanhando agora a história. Outras postagens do Tarcísio foram deletadas, possivelmente pelo próprio. Embora eu tenha educação, não me sinto na obrigação de usá-la com quem não tem e ainda por cima é presunçoso.  Mas Mel, fique tranquila! Eu lhe chamo quando precisar da sua opinião... rs	2018-02-18T16:03:27+0000	Reply	1
Você já deve ter visto uma onda gigante quando foi à praia - mas o quê você sabe sobre elas? No nosso Medium você confere dois pontos de vista: o de um surfista e da nossa oceanógrafa. Olha só: https://goo.gl/F1SgPA	2018-02-06T21:42:59+0000	Como um posto da Petrobrás no Paraguai consegue vender nossa gasolina mais barata que no Brasil?	2018-02-08T17:22:48+0000	Luiz Silva se vc postou em modo público em uma página aberta sinto te dizer que querendo ou não vc receberá opiniões! Mas deu para entender com sua explicação. Mas, realmente quem entra e olha tem a visão que vc é um completo mal educado!	2018-02-18T16:11:39+0000	Reply	1
Você já deve ter visto uma onda gigante quando foi à praia - mas o quê você sabe sobre elas? No nosso Medium você confere dois pontos de vista: o de um surfista e da nossa oceanógrafa. Olha só: https://goo.gl/F1SgPA	2018-02-06T21:42:59+0000	Como um posto da Petrobrás no Paraguai consegue vender nossa gasolina mais barata que no Brasil?	2018-02-08T17:22:48+0000	Mel Nogueira, sim postei em uma página aberta, assim como o Tarcisio e vc tbm. Não me incomodo de receber opiniões e recomendo que vc siga seu próprio conselho e tbm não se incomode. E vou responder na medida que ache necessário.  Sim, eu fui propositalmente mal educado com ele, pois mereceu!	2018-02-19T04:15:03+0000	Reply	1
Você já deve ter visto uma onda gigante quando foi à praia - mas o quê você sabe sobre elas? No nosso Medium você confere dois pontos de vista: o de um surfista e da nossa oceanógrafa. Olha só: https://goo.gl/F1SgPA	2018-02-06T21:42:59+0000	Como um posto da Petrobrás no Paraguai consegue vender nossa gasolina mais barata que no Brasil?	2018-02-08T17:22:48+0000	Luiz Silva, você come capim, de quatro, assistindo Jornal Nacional e relinchando kkk	2018-02-19T04:39:38+0000	Reply	1
Você já deve ter visto uma onda gigante quando foi à praia - mas o quê você sabe sobre elas? No nosso Medium você confere dois pontos de vista: o de um surfista e da nossa oceanógrafa. Olha só: https://goo.gl/F1SgPA	2018-02-06T21:42:59+0000	Como um posto da Petrobrás no Paraguai consegue vender nossa gasolina mais barata que no Brasil?	2018-02-08T17:22:48+0000	Cobrança de impostos muito mais justos!!	2018-02-19T08:58:34+0000	Reply	1
Você já deve ter visto uma onda gigante quando foi à praia - mas o quê você sabe sobre elas? No nosso Medium você confere dois pontos de vista: o de um surfista e da nossa oceanógrafa. Olha só: https://goo.gl/F1SgPA	2018-02-06T21:42:59+0000	Como um posto da Petrobrás no Paraguai consegue vender nossa gasolina mais barata que no Brasil?	2018-02-08T17:22:48+0000	Kkkkk	2018-02-19T09:58:00+0000	Reply	1
Você já deve ter visto uma onda gigante quando foi à praia - mas o quê você sabe sobre elas? No nosso Medium você confere dois pontos de vista: o de um surfista e da nossa oceanógrafa. Olha só: https://goo.gl/F1SgPA	2018-02-06T21:42:59+0000	Como um posto da Petrobrás no Paraguai consegue vender nossa gasolina mais barata que no Brasil?	2018-02-08T17:22:48+0000	Bruno Souto, quer ser xingado, seu equino? Mas não vou lhe xingar, imagina o seu chororô na internet... hahaha	2018-02-19T11:56:02+0000	Reply	1
Você já deve ter visto uma onda gigante quando foi à praia - mas o quê você sabe sobre elas? No nosso Medium você confere dois pontos de vista: o de um surfista e da nossa oceanógrafa. Olha só: https://goo.gl/F1SgPA	2018-02-06T21:42:59+0000	Como um posto da Petrobrás no Paraguai consegue vender nossa gasolina mais barata que no Brasil?	2018-02-08T17:22:48+0000	Privatiza	2018-02-21T23:49:45+0000	Reply	1
Você já deve ter visto uma onda gigante quando foi à praia - mas o quê você sabe sobre elas? No nosso Medium você confere dois pontos de vista: o de um surfista e da nossa oceanógrafa. Olha só: https://goo.gl/F1SgPA	2018-02-06T21:42:59+0000	Como um posto da Petrobrás no Paraguai consegue vender nossa gasolina mais barata que no Brasil?	2018-02-08T17:22:48+0000	Retirando os impostos e os custos como transporte, a margem sobre o combustível exportado é a mesma? Essa é uma pergunta importante a ser respondida. No próprio site está descrito que a margem de realização corresponde a 27% do valor total da gasolina vendida no país e os impostos 45%. Se retirarmos os impostos e a margem de lucro sobre o produto for menor aqui do que em outros países, eu acredito na Petrobras, caso não, não tem desculpa para uma estatal, que deveria zelar em primeiro lugar por prestar um serviço de qualidade e barato para o povo agir contra ele. Colocar a culpa simplesmente nos impostos não é justificável, se a margem de lucro da empresa aqui representar vamos dizer 15%, falando sempre em percentuais referentes ao produto vendido aqui, o que eu acho muito difícil, deve ficar entre 18 e 22% e em outros locais 10%. Já que a empresa está solicita em nos responder, me diz aí Petrobras, qual é o percentual de lucro da empresa por litro aqui no país, e em outros países abatidos os impostos? Há como saber? Se a empresa é estatal, posso consultar esses valores? Quando vamos receber nossa parte nessa venda sem impostos? Ou apenas pagaremos os impostos para os outros países poderem usufruir do combustível produzido aqui? Talvez fosse melhor vender a gasolina produzida somente aqui, assim não se adicionava o custo do etanol anidro, e não pagávamos o custo dos impostos dos compradores externos (porque alguém paga, se o governo diz que não se pode tributar produto vendido para fora, o correspondente é aplicado ao mercado interno) e teríamos gasolina de verdade, visto que quando se exporta a gasolina é pura, e não essa sopa que é vendida aqui.	2018-02-23T03:55:28+0000	Reply	1
Você já deve ter visto uma onda gigante quando foi à praia - mas o quê você sabe sobre elas? No nosso Medium você confere dois pontos de vista: o de um surfista e da nossa oceanógrafa. Olha só: https://goo.gl/F1SgPA	2018-02-06T21:42:59+0000	Como um posto da Petrobrás no Paraguai consegue vender nossa gasolina mais barata que no Brasil?	2018-02-08T17:22:48+0000	Esse Luiz Silva deve ser um coitado, que vive esquecido por todos, só entrou aqui pra xingar as pessoas, dizer que somos animais, deve ser uma pessoa sem amor pelo próximo, vai orar cara, vai rezar, procura uma fé para acreditar que sua vida pode melhorar. Em relação à Petrobrás, se não fosse a nossa pressão ela não teria tornado público, o seus valores reais. Postou uma página de transparência para que saibamos os seus valores de combustível em suas usinas!! Educação mandou um abraço!!	2018-02-23T10:07:06+0000	Reply	1
Você já deve ter visto uma onda gigante quando foi à praia - mas o quê você sabe sobre elas? No nosso Medium você confere dois pontos de vista: o de um surfista e da nossa oceanógrafa. Olha só: https://goo.gl/F1SgPA	2018-02-06T21:42:59+0000	Como um posto da Petrobrás no Paraguai consegue vender nossa gasolina mais barata que no Brasil?	2018-02-08T17:22:48+0000	Ulisses Vinícios, o que Vc escreve é o que todo leigo no mercado escreve. Vc desconhece princípios básicos de tributação e tbm do mercado de óleo.  Respondendo a sua primeira pergunta: o preço na saída da refinaria da Petrobras é 1,50 BRL e vale para importação e exportação, logo a margem é a mesma.  Outro ponto que Vc desconsidera e é fundamental é que petróleo é commodity, o que significa que o barril de petróleo tem valor globalizado e dolarizado, o qual é definido pela curva oferta vs demanda mundial. Ou seja, nenhuma empresa venderá o petróleo abaixo do valor (e nem acima) global. Hj o barril vale 65 USD. Entretanto, a margem de lucro entre as petroleiras varia bastante e depende do custo de extração do petróleo. Mas o preço de venda é o mesmo! A Saudi Aramco ( Arábia Saudita) vende o barril a 65 USD e produz a 5 USD. Isso porque a produção é em terra e em grandes volumes. O custo de extração (considerando tbm investimentos) da Petrobras está em torno de 30 USd.   E por fim, pesquise tributação. Nenhum país aplica impostos de consumo interno em produtos que serão EXPORTADOS, pois se fosse assim dificilmente teríamos comercio exterior. Isso vale para automóveis, alimentos, calçados, equipamentos...	2018-02-23T12:19:05+0000	Reply	1
Você já deve ter visto uma onda gigante quando foi à praia - mas o quê você sabe sobre elas? No nosso Medium você confere dois pontos de vista: o de um surfista e da nossa oceanógrafa. Olha só: https://goo.gl/F1SgPA	2018-02-06T21:42:59+0000	Como um posto da Petrobrás no Paraguai consegue vender nossa gasolina mais barata que no Brasil?	2018-02-08T17:22:48+0000	Tarcisio Monteiro Florencio, raciocinou??? Finalmente!!!!!!  Não preciso ser educado com quem não tem educação! Vou rezar sim, pela sua inteligência... rsrs	2018-02-23T12:20:47+0000	Reply	1
Você já deve ter visto uma onda gigante quando foi à praia - mas o quê você sabe sobre elas? No nosso Medium você confere dois pontos de vista: o de um surfista e da nossa oceanógrafa. Olha só: https://goo.gl/F1SgPA	2018-02-06T21:42:59+0000	Como um posto da Petrobrás no Paraguai consegue vender nossa gasolina mais barata que no Brasil?	2018-02-08T17:22:48+0000	NO EXTERIOR NAO PAGA TRIBUTO. PARQUE OS BRASILEIROS PAGAM EM DOBRO PARA CA EL PRA FORA. PAGAMOS TRIBUTOS PARA OUTROS PAISES	2018-02-25T03:35:47+0000	Reply	1
Você já deve ter visto uma onda gigante quando foi à praia - mas o quê você sabe sobre elas? No nosso Medium você confere dois pontos de vista: o de um surfista e da nossa oceanógrafa. Olha só: https://goo.gl/F1SgPA	2018-02-06T21:42:59+0000	Como um posto da Petrobrás no Paraguai consegue vender nossa gasolina mais barata que no Brasil?	2018-02-08T17:22:48+0000	Acho um afronta venderem mais caro a gasolina aqui , revoltante 😠	2018-02-25T04:47:43+0000	Reply	1
Você já deve ter visto uma onda gigante quando foi à praia - mas o quê você sabe sobre elas? No nosso Medium você confere dois pontos de vista: o de um surfista e da nossa oceanógrafa. Olha só: https://goo.gl/F1SgPA	2018-02-06T21:42:59+0000	Como um posto da Petrobrás no Paraguai consegue vender nossa gasolina mais barata que no Brasil?	2018-02-08T17:22:48+0000	Vão estudar tributação, suas toupeiras!	2018-02-27T22:42:36+0000	Reply	1
Você já deve ter visto uma onda gigante quando foi à praia - mas o quê você sabe sobre elas? No nosso Medium você confere dois pontos de vista: o de um surfista e da nossa oceanógrafa. Olha só: https://goo.gl/F1SgPA	2018-02-06T21:42:59+0000	Como um posto da Petrobrás no Paraguai consegue vender nossa gasolina mais barata que no Brasil?	2018-02-08T17:22:48+0000			Reply	1
Você já deve ter visto uma onda gigante quando foi à praia - mas o quê você sabe sobre elas? No nosso Medium você confere dois pontos de vista: o de um surfista e da nossa oceanógrafa. Olha só: https://goo.gl/F1SgPA	2018-02-06T21:42:59+0000	Aqui no Rio de janeiro já tem gasolina sendo vendida a 6.49 em postos da Petrobrás!!	2018-02-08T17:25:14+0000	Olá Tarcisio, você sabia que nossa parcela corresponde a apenas 29% do preço final ao consumidor? Saiba mais: http://gasolina.hotsitespetrobras.com.br/10-respostas-para-suas-duvidas/#8	2018-02-08T17:42:11+0000	Reply	1
Você já deve ter visto uma onda gigante quando foi à praia - mas o quê você sabe sobre elas? No nosso Medium você confere dois pontos de vista: o de um surfista e da nossa oceanógrafa. Olha só: https://goo.gl/F1SgPA	2018-02-06T21:42:59+0000	Aqui no Rio de janeiro já tem gasolina sendo vendida a 6.49 em postos da Petrobrás!!	2018-02-08T17:25:14+0000	É o "livre mercado"...hehehe	2018-02-09T22:26:54+0000	Reply	1
Você já deve ter visto uma onda gigante quando foi à praia - mas o quê você sabe sobre elas? No nosso Medium você confere dois pontos de vista: o de um surfista e da nossa oceanógrafa. Olha só: https://goo.gl/F1SgPA	2018-02-06T21:42:59+0000	Aqui no Rio de janeiro já tem gasolina sendo vendida a 6.49 em postos da Petrobrás!!	2018-02-08T17:25:14+0000	Quem dera fosse livre o mercado mesmo Yoko	2018-02-09T22:49:13+0000	Reply	1
Você já deve ter visto uma onda gigante quando foi à praia - mas o quê você sabe sobre elas? No nosso Medium você confere dois pontos de vista: o de um surfista e da nossa oceanógrafa. Olha só: https://goo.gl/F1SgPA	2018-02-06T21:42:59+0000	Aqui no Rio de janeiro já tem gasolina sendo vendida a 6.49 em postos da Petrobrás!!	2018-02-08T17:25:14+0000	Hagner Oliveira , então explique se existe regulação de preços entre os postos de gasolina, qual o motivo de em um mesmo estado existirem preços tão diferentes, chegando a exorbitante diferença para o mínimo ( segundo a ANP a R$ 3,88 em São João de Meriti ) ?	2018-02-10T03:59:54+0000	Reply	1
Você já deve ter visto uma onda gigante quando foi à praia - mas o quê você sabe sobre elas? No nosso Medium você confere dois pontos de vista: o de um surfista e da nossa oceanógrafa. Olha só: https://goo.gl/F1SgPA	2018-02-06T21:42:59+0000	Aqui no Rio de janeiro já tem gasolina sendo vendida a 6.49 em postos da Petrobrás!!	2018-02-08T17:25:14+0000			Reply	1
Você já deve ter visto uma onda gigante quando foi à praia - mas o quê você sabe sobre elas? No nosso Medium você confere dois pontos de vista: o de um surfista e da nossa oceanógrafa. Olha só: https://goo.gl/F1SgPA	2018-02-06T21:42:59+0000	Essa petrobras foi o motivo de chacota no mundo todo, por corrupção, aí com raiva, deixa a gasolina mais cara mundo para os brasileiros e a própria gasolina brasileira que vai pra Argentina é metade do preço. É de que ficar revoltado com esta empresa, o monopólio dela neste setor é muito ruim para os brasileiros honestos.	2018-02-07T11:35:26+0000	Olá, como vai? Existem diferenças entre o preço dos combustíveis comercializados no exterior. Uma delas é a tributação: a lei brasileira estabelece que as vendas ao exterior devem ser feitas sem tributação. Aqui no Brasil incidem tributos como o ICMS, CIDE e PIS/COFINS.	2018-02-07T15:39:31+0000	Reply	1
Você já deve ter visto uma onda gigante quando foi à praia - mas o quê você sabe sobre elas? No nosso Medium você confere dois pontos de vista: o de um surfista e da nossa oceanógrafa. Olha só: https://goo.gl/F1SgPA	2018-02-06T21:42:59+0000	Essa petrobras foi o motivo de chacota no mundo todo, por corrupção, aí com raiva, deixa a gasolina mais cara mundo para os brasileiros e a própria gasolina brasileira que vai pra Argentina é metade do preço. É de que ficar revoltado com esta empresa, o monopólio dela neste setor é muito ruim para os brasileiros honestos.	2018-02-07T11:35:26+0000	Nem posso dizer que nunca li tanta besteira, pois aqui é o que mais tem. Chacota mundial é a ignorância da população.	2018-02-08T01:22:22+0000	Reply	1
Você já deve ter visto uma onda gigante quando foi à praia - mas o quê você sabe sobre elas? No nosso Medium você confere dois pontos de vista: o de um surfista e da nossa oceanógrafa. Olha só: https://goo.gl/F1SgPA	2018-02-06T21:42:59+0000	Essa petrobras foi o motivo de chacota no mundo todo, por corrupção, aí com raiva, deixa a gasolina mais cara mundo para os brasileiros e a própria gasolina brasileira que vai pra Argentina é metade do preço. É de que ficar revoltado com esta empresa, o monopólio dela neste setor é muito ruim para os brasileiros honestos.	2018-02-07T11:35:26+0000	Petrobrás, me chama de Exterior então e me vende a gasosa sem tributação	2018-02-12T09:45:08+0000	Reply	1
Você já deve ter visto uma onda gigante quando foi à praia - mas o quê você sabe sobre elas? No nosso Medium você confere dois pontos de vista: o de um surfista e da nossa oceanógrafa. Olha só: https://goo.gl/F1SgPA	2018-02-06T21:42:59+0000	Essa petrobras foi o motivo de chacota no mundo todo, por corrupção, aí com raiva, deixa a gasolina mais cara mundo para os brasileiros e a própria gasolina brasileira que vai pra Argentina é metade do preço. É de que ficar revoltado com esta empresa, o monopólio dela neste setor é muito ruim para os brasileiros honestos.	2018-02-07T11:35:26+0000	PTdobras	2018-02-12T18:42:58+0000	Reply	1
Você já deve ter visto uma onda gigante quando foi à praia - mas o quê você sabe sobre elas? No nosso Medium você confere dois pontos de vista: o de um surfista e da nossa oceanógrafa. Olha só: https://goo.gl/F1SgPA	2018-02-06T21:42:59+0000	Essa petrobras foi o motivo de chacota no mundo todo, por corrupção, aí com raiva, deixa a gasolina mais cara mundo para os brasileiros e a própria gasolina brasileira que vai pra Argentina é metade do preço. É de que ficar revoltado com esta empresa, o monopólio dela neste setor é muito ruim para os brasileiros honestos.	2018-02-07T11:35:26+0000	Luis Rafael, não é a Petrobras, é a legislação tributária brasileira. Td que é exportado tem preço menor do que o vendido internamente, pela não incidência de impostos. Isso vale para carros, calcados, alimentos e também para o petróleo!	2018-02-13T13:42:58+0000	Reply	1
Você já deve ter visto uma onda gigante quando foi à praia - mas o quê você sabe sobre elas? No nosso Medium você confere dois pontos de vista: o de um surfista e da nossa oceanógrafa. Olha só: https://goo.gl/F1SgPA	2018-02-06T21:42:59+0000	Essa petrobras foi o motivo de chacota no mundo todo, por corrupção, aí com raiva, deixa a gasolina mais cara mundo para os brasileiros e a própria gasolina brasileira que vai pra Argentina é metade do preço. É de que ficar revoltado com esta empresa, o monopólio dela neste setor é muito ruim para os brasileiros honestos.	2018-02-07T11:35:26+0000	Hudielio Leal , não faça isso...vai afetar o orçamento da empresa com o seu boicote, ele depende desesperadamente do seu dinheiro...hehehe. Deveria fazer campanha para ressuscitar o Rio Doce, o maior desastre ambiental do país até hoje !	2018-02-24T01:11:20+0000	Reply	1
Você já deve ter visto uma onda gigante quando foi à praia - mas o quê você sabe sobre elas? No nosso Medium você confere dois pontos de vista: o de um surfista e da nossa oceanógrafa. Olha só: https://goo.gl/F1SgPA	2018-02-06T21:42:59+0000	Essa petrobras foi o motivo de chacota no mundo todo, por corrupção, aí com raiva, deixa a gasolina mais cara mundo para os brasileiros e a própria gasolina brasileira que vai pra Argentina é metade do preço. É de que ficar revoltado com esta empresa, o monopólio dela neste setor é muito ruim para os brasileiros honestos.	2018-02-07T11:35:26+0000			Reply	1
Você já deve ter visto uma onda gigante quando foi à praia - mas o quê você sabe sobre elas? No nosso Medium você confere dois pontos de vista: o de um surfista e da nossa oceanógrafa. Olha só: https://goo.gl/F1SgPA	2018-02-06T21:42:59+0000	É tipo a onda de aumento da gasolina né?	2018-02-06T21:50:48+0000	Olá Jeo, o preço da gasolina em nossas refinarias acompanha os preços internacionais, como acontece globalmente no mercado de commodities. Saiba mais: http://gasolina.hotsitespetrobras.com.br/10-respostas-para-suas-duvidas/#2	2018-02-07T15:37:31+0000	Reply	1
Você já deve ter visto uma onda gigante quando foi à praia - mas o quê você sabe sobre elas? No nosso Medium você confere dois pontos de vista: o de um surfista e da nossa oceanógrafa. Olha só: https://goo.gl/F1SgPA	2018-02-06T21:42:59+0000	É tipo a onda de aumento da gasolina né?	2018-02-06T21:50:48+0000	Petrobras Gasolina com etanol mais cara do mundo!’	2018-02-07T15:42:38+0000	Reply	1
Você já deve ter visto uma onda gigante quando foi à praia - mas o quê você sabe sobre elas? No nosso Medium você confere dois pontos de vista: o de um surfista e da nossa oceanógrafa. Olha só: https://goo.gl/F1SgPA	2018-02-06T21:42:59+0000	É tipo a onda de aumento da gasolina né?	2018-02-06T21:50:48+0000	Tem um vídeo no watts que Petrobras vende gasolina muito mais barata	2018-02-07T18:28:40+0000	Reply	1
Você já deve ter visto uma onda gigante quando foi à praia - mas o quê você sabe sobre elas? No nosso Medium você confere dois pontos de vista: o de um surfista e da nossa oceanógrafa. Olha só: https://goo.gl/F1SgPA	2018-02-06T21:42:59+0000	É tipo a onda de aumento da gasolina né?	2018-02-06T21:50:48+0000	No caso sempre aumenta e nunca diminui.	2018-02-07T21:25:22+0000	Reply	1
Você já deve ter visto uma onda gigante quando foi à praia - mas o quê você sabe sobre elas? No nosso Medium você confere dois pontos de vista: o de um surfista e da nossa oceanógrafa. Olha só: https://goo.gl/F1SgPA	2018-02-06T21:42:59+0000	É tipo a onda de aumento da gasolina né?	2018-02-06T21:50:48+0000	Jeo Faria , pois é, imagine alguém que se informa por whatsapp...qual a probabilidade de continuar ignorante ?	2018-02-08T01:24:12+0000	Reply	1
Você já deve ter visto uma onda gigante quando foi à praia - mas o quê você sabe sobre elas? No nosso Medium você confere dois pontos de vista: o de um surfista e da nossa oceanógrafa. Olha só: https://goo.gl/F1SgPA	2018-02-06T21:42:59+0000	É tipo a onda de aumento da gasolina né?	2018-02-06T21:50:48+0000	Vitor Barros, o disseminador de asneiras. A Petrobras produz álcool?? Usa esse caroço de ervilha que Vc gosta de chamar de cérebro e raciocina...  Vou te dar uma dica. A adição de álcool é obrigatório por Lei Federal. Vc acha que isso ajuda a Petrobras???	2018-02-08T01:27:14+0000	Reply	1
Você já deve ter visto uma onda gigante quando foi à praia - mas o quê você sabe sobre elas? No nosso Medium você confere dois pontos de vista: o de um surfista e da nossa oceanógrafa. Olha só: https://goo.gl/F1SgPA	2018-02-06T21:42:59+0000	É tipo a onda de aumento da gasolina né?	2018-02-06T21:50:48+0000	Vixi que apareceu os "intelectuais" defendendo o preço abusivo da Petrobrás kkkkkk. Que bom que tem gente que quando vai abastecer com o preço de 5 reais o litro e ficar feliz porque leu a cartilha do setor de desculpas padrão da Petrobrás.	2018-02-08T10:00:40+0000	Reply	1
Você já deve ter visto uma onda gigante quando foi à praia - mas o quê você sabe sobre elas? No nosso Medium você confere dois pontos de vista: o de um surfista e da nossa oceanógrafa. Olha só: https://goo.gl/F1SgPA	2018-02-06T21:42:59+0000	É tipo a onda de aumento da gasolina né?	2018-02-06T21:50:48+0000	Wellington Santos perto de vc, qualquer um vira intelectual...  Reclamar errado, desconhecendo o porque do preço é coisa de imbecil. Mas se vc se sente bem assim, esteja à vontade... rsrs	2018-02-08T14:15:22+0000	Reply	1
Você já deve ter visto uma onda gigante quando foi à praia - mas o quê você sabe sobre elas? No nosso Medium você confere dois pontos de vista: o de um surfista e da nossa oceanógrafa. Olha só: https://goo.gl/F1SgPA	2018-02-06T21:42:59+0000	É tipo a onda de aumento da gasolina né?	2018-02-06T21:50:48+0000	Todos os vendedores podem ter até um pouco mais de 25% de Etanol em sua gasolina, não, não é obrigatório, aliás, em altas quantidades, é extremamente prejudicial ao veículo, pois aumenta bastante o nível de octanagem, que em excesso também é horrível	2018-02-17T03:43:15+0000	Reply	1
Você já deve ter visto uma onda gigante quando foi à praia - mas o quê você sabe sobre elas? No nosso Medium você confere dois pontos de vista: o de um surfista e da nossa oceanógrafa. Olha só: https://goo.gl/F1SgPA	2018-02-06T21:42:59+0000	É tipo a onda de aumento da gasolina né?	2018-02-06T21:50:48+0000			Reply	1
Você já deve ter visto uma onda gigante quando foi à praia - mas o quê você sabe sobre elas? No nosso Medium você confere dois pontos de vista: o de um surfista e da nossa oceanógrafa. Olha só: https://goo.gl/F1SgPA	2018-02-06T21:42:59+0000	Queria saber o porque vcs vendem gasolina pura sem adição de etanol para Bolívia a R$ 1.59?, e aqui no Brasil estamos pagando quase cinco reais.	2018-02-09T09:29:09+0000	Porque para exportação não tem impostos , o preço é o mesmo para qualquer um, só que aqui pagamos 59% de impostos ( com custo etanol ).	2018-02-09T21:12:51+0000	Reply	1
Você já deve ter visto uma onda gigante quando foi à praia - mas o quê você sabe sobre elas? No nosso Medium você confere dois pontos de vista: o de um surfista e da nossa oceanógrafa. Olha só: https://goo.gl/F1SgPA	2018-02-06T21:42:59+0000	Queria saber o porque vcs vendem gasolina pura sem adição de etanol para Bolívia a R$ 1.59?, e aqui no Brasil estamos pagando quase cinco reais.	2018-02-09T09:29:09+0000	Tem haver com a grande quantidade de impostos e taxas que eles precisam pagar aqui	2018-02-17T03:49:25+0000	Reply	1
Você já deve ter visto uma onda gigante quando foi à praia - mas o quê você sabe sobre elas? No nosso Medium você confere dois pontos de vista: o de um surfista e da nossa oceanógrafa. Olha só: https://goo.gl/F1SgPA	2018-02-06T21:42:59+0000	Queria saber o porque vcs vendem gasolina pura sem adição de etanol para Bolívia a R$ 1.59?, e aqui no Brasil estamos pagando quase cinco reais.	2018-02-09T09:29:09+0000			Reply	1
Você já deve ter visto uma onda gigante quando foi à praia - mas o quê você sabe sobre elas? No nosso Medium você confere dois pontos de vista: o de um surfista e da nossa oceanógrafa. Olha só: https://goo.gl/F1SgPA	2018-02-06T21:42:59+0000	Parece que a Petrobrás foi considerada a segunda maior "onda" do mundo em esquemas de corrupçao.	2018-02-07T15:40:04+0000	É sim, mas a primeira "onda" do mundo é a ignorância da população brasileira.	2018-02-11T07:34:11+0000	Reply	1
Você já deve ter visto uma onda gigante quando foi à praia - mas o quê você sabe sobre elas? No nosso Medium você confere dois pontos de vista: o de um surfista e da nossa oceanógrafa. Olha só: https://goo.gl/F1SgPA	2018-02-06T21:42:59+0000	Parece que a Petrobrás foi considerada a segunda maior "onda" do mundo em esquemas de corrupçao.	2018-02-07T15:40:04+0000	É Vc foi considerado o campeão dos jegues!	2018-02-23T23:32:06+0000	Reply	1
Você já deve ter visto uma onda gigante quando foi à praia - mas o quê você sabe sobre elas? No nosso Medium você confere dois pontos de vista: o de um surfista e da nossa oceanógrafa. Olha só: https://goo.gl/F1SgPA	2018-02-06T21:42:59+0000	Parece que a Petrobrás foi considerada a segunda maior "onda" do mundo em esquemas de corrupçao.	2018-02-07T15:40:04+0000	E vc o campeao dos chupa rolas e do cuzinho arrombado. Eeeee,mlq vitorioso	2018-02-23T23:52:22+0000	Reply	1
Você já deve ter visto uma onda gigante quando foi à praia - mas o quê você sabe sobre elas? No nosso Medium você confere dois pontos de vista: o de um surfista e da nossa oceanógrafa. Olha só: https://goo.gl/F1SgPA	2018-02-06T21:42:59+0000	Parece que a Petrobrás foi considerada a segunda maior "onda" do mundo em esquemas de corrupçao.	2018-02-07T15:40:04+0000	Vai pesquisar seu animal	2018-02-23T23:52:42+0000	Reply	1
Você já deve ter visto uma onda gigante quando foi à praia - mas o quê você sabe sobre elas? No nosso Medium você confere dois pontos de vista: o de um surfista e da nossa oceanógrafa. Olha só: https://goo.gl/F1SgPA	2018-02-06T21:42:59+0000	Parece que a Petrobrás foi considerada a segunda maior "onda" do mundo em esquemas de corrupçao.	2018-02-07T15:40:04+0000	Isso é o q acontece com quem não lê. Agora nao tenha dúvida da sua intelijumencia seu animal.	2018-02-23T23:57:04+0000	Reply	1
Você já deve ter visto uma onda gigante quando foi à praia - mas o quê você sabe sobre elas? No nosso Medium você confere dois pontos de vista: o de um surfista e da nossa oceanógrafa. Olha só: https://goo.gl/F1SgPA	2018-02-06T21:42:59+0000	Parece que a Petrobrás foi considerada a segunda maior "onda" do mundo em esquemas de corrupçao.	2018-02-07T15:40:04+0000			Reply	1
Você já deve ter visto uma onda gigante quando foi à praia - mas o quê você sabe sobre elas? No nosso Medium você confere dois pontos de vista: o de um surfista e da nossa oceanógrafa. Olha só: https://goo.gl/F1SgPA	2018-02-06T21:42:59+0000	Só sei que nada sei não sei de nada não sei de nada vai lá saber quem sabe eu hein quando você descobrir me fala mas sei que também ninguém sabe de nada isso eu sei porque eu sei que nada sei sem vírgula sem ponto isso aí	2018-02-19T03:51:04+0000			Reply	1
Você já deve ter visto uma onda gigante quando foi à praia - mas o quê você sabe sobre elas? No nosso Medium você confere dois pontos de vista: o de um surfista e da nossa oceanógrafa. Olha só: https://goo.gl/F1SgPA	2018-02-06T21:42:59+0000	A única onda que tenho visto ultimamente é a onda de aumento da gasolina todos os dias, absurdamente cara.	2018-02-08T11:35:30+0000			Reply	1
Você já deve ter visto uma onda gigante quando foi à praia - mas o quê você sabe sobre elas? No nosso Medium você confere dois pontos de vista: o de um surfista e da nossa oceanógrafa. Olha só: https://goo.gl/F1SgPA	2018-02-06T21:42:59+0000	Muito orgulho de uma.empresa que exporta tecnologia e faz um trabalho memorável de pesquisa. Parabéns Petrobrás!	2018-02-17T03:28:27+0000			Reply	1
Você já deve ter visto uma onda gigante quando foi à praia - mas o quê você sabe sobre elas? No nosso Medium você confere dois pontos de vista: o de um surfista e da nossa oceanógrafa. Olha só: https://goo.gl/F1SgPA	2018-02-06T21:42:59+0000	De onda , gigante, eu não entendo  não mas de preços, da gasolina, que eu sei , é que ela sempre,  tá no preço  gigantesco. Como uma onda, né.	2018-02-15T21:10:49+0000			Reply	1
Você já deve ter visto uma onda gigante quando foi à praia - mas o quê você sabe sobre elas? No nosso Medium você confere dois pontos de vista: o de um surfista e da nossa oceanógrafa. Olha só: https://goo.gl/F1SgPA	2018-02-06T21:42:59+0000	Explorando o seu próprio povo, explorando o meu povo, os mafiosos que comandam essa empresa deveriam ser mortos!	2018-02-18T05:12:54+0000			Reply	1
Você já deve ter visto uma onda gigante quando foi à praia - mas o quê você sabe sobre elas? No nosso Medium você confere dois pontos de vista: o de um surfista e da nossa oceanógrafa. Olha só: https://goo.gl/F1SgPA	2018-02-06T21:42:59+0000	Onda : vai juntando água, juntando água...puxa os bobos que estão nadando na praia e forma um "paredão" d'água e depois vem o XUUUUUAAAA que faz um tanto de espuma!!!	2018-02-15T21:08:39+0000	Mais uma!	2018-02-16T12:32:48+0000	Reply	1
Você já deve ter visto uma onda gigante quando foi à praia - mas o quê você sabe sobre elas? No nosso Medium você confere dois pontos de vista: o de um surfista e da nossa oceanógrafa. Olha só: https://goo.gl/F1SgPA	2018-02-06T21:42:59+0000	Onda : vai juntando água, juntando água...puxa os bobos que estão nadando na praia e forma um "paredão" d'água e depois vem o XUUUUUAAAA que faz um tanto de espuma!!!	2018-02-15T21:08:39+0000	😂😂😂😂😂😂😂😂😂	2018-02-17T02:36:16+0000	Reply	1
Você já deve ter visto uma onda gigante quando foi à praia - mas o quê você sabe sobre elas? No nosso Medium você confere dois pontos de vista: o de um surfista e da nossa oceanógrafa. Olha só: https://goo.gl/F1SgPA	2018-02-06T21:42:59+0000	Onda : vai juntando água, juntando água...puxa os bobos que estão nadando na praia e forma um "paredão" d'água e depois vem o XUUUUUAAAA que faz um tanto de espuma!!!	2018-02-15T21:08:39+0000			Reply	1
Você já deve ter visto uma onda gigante quando foi à praia - mas o quê você sabe sobre elas? No nosso Medium você confere dois pontos de vista: o de um surfista e da nossa oceanógrafa. Olha só: https://goo.gl/F1SgPA	2018-02-06T21:42:59+0000	A única onda gigante que eu vejo é quando vou ao posto abastecer! E essa sim faz estrago no meu bolso. #GasolinaComPreçoDignoBr	2018-02-19T04:33:48+0000	Gremista vai a pé...tá no hino...hehehe	2018-02-24T01:16:04+0000	Reply	1
Você já deve ter visto uma onda gigante quando foi à praia - mas o quê você sabe sobre elas? No nosso Medium você confere dois pontos de vista: o de um surfista e da nossa oceanógrafa. Olha só: https://goo.gl/F1SgPA	2018-02-06T21:42:59+0000	A única onda gigante que eu vejo é quando vou ao posto abastecer! E essa sim faz estrago no meu bolso. #GasolinaComPreçoDignoBr	2018-02-19T04:33:48+0000			Reply	1
Você já deve ter visto uma onda gigante quando foi à praia - mas o quê você sabe sobre elas? No nosso Medium você confere dois pontos de vista: o de um surfista e da nossa oceanógrafa. Olha só: https://goo.gl/F1SgPA	2018-02-06T21:42:59+0000	Um população aqui da Bahia precisa de um patrocínio da petrobras p fazer o 5 Arráia de jatobá	2018-02-17T21:35:17+0000			Reply	1
Você já deve ter visto uma onda gigante quando foi à praia - mas o quê você sabe sobre elas? No nosso Medium você confere dois pontos de vista: o de um surfista e da nossa oceanógrafa. Olha só: https://goo.gl/F1SgPA	2018-02-06T21:42:59+0000	O Brasileiro está ferado de TDS os lados não tem mais jeito	2018-02-17T02:40:58+0000			Reply	1
Você já deve ter visto uma onda gigante quando foi à praia - mas o quê você sabe sobre elas? No nosso Medium você confere dois pontos de vista: o de um surfista e da nossa oceanógrafa. Olha só: https://goo.gl/F1SgPA	2018-02-06T21:42:59+0000	Onda gigante é a conta da lixobras roubando o brasileiro!!!!!!	2018-02-17T02:01:22+0000			Reply	1
Você já deve ter visto uma onda gigante quando foi à praia - mas o quê você sabe sobre elas? No nosso Medium você confere dois pontos de vista: o de um surfista e da nossa oceanógrafa. Olha só: https://goo.gl/F1SgPA	2018-02-06T21:42:59+0000	Qual a lógica da renúncia fiscal apenas para as operadoras estrangeiras do pré-sal? Alguém poderia explicar?	2018-02-20T12:57:23+0000	Sim, maracutaia desse governo golpista, qual a novidade ?	2018-02-24T01:14:36+0000	Reply	1
Você já deve ter visto uma onda gigante quando foi à praia - mas o quê você sabe sobre elas? No nosso Medium você confere dois pontos de vista: o de um surfista e da nossa oceanógrafa. Olha só: https://goo.gl/F1SgPA	2018-02-06T21:42:59+0000	Qual a lógica da renúncia fiscal apenas para as operadoras estrangeiras do pré-sal? Alguém poderia explicar?	2018-02-20T12:57:23+0000			Reply	1
Você já deve ter visto uma onda gigante quando foi à praia - mas o quê você sabe sobre elas? No nosso Medium você confere dois pontos de vista: o de um surfista e da nossa oceanógrafa. Olha só: https://goo.gl/F1SgPA	2018-02-06T21:42:59+0000	Um cismo forte no fundo do oceano ou ventania acima foi limite no oceano e que vai aumentando seus balanços d'água ate a costa ou outro fenômenos que faz ondas gigantes como tornados	2018-02-26T04:11:31+0000			Reply	1
Você já deve ter visto uma onda gigante quando foi à praia - mas o quê você sabe sobre elas? No nosso Medium você confere dois pontos de vista: o de um surfista e da nossa oceanógrafa. Olha só: https://goo.gl/F1SgPA	2018-02-06T21:42:59+0000	A maior onda que já vi foi o aumento da gasolina virei cliente quando o litro era 56 centavos e importávamos a gasolina agora custeamos a extração do pré-sal a quase 5 reais o litro	2018-02-21T01:48:58+0000			Reply	1
Você já deve ter visto uma onda gigante quando foi à praia - mas o quê você sabe sobre elas? No nosso Medium você confere dois pontos de vista: o de um surfista e da nossa oceanógrafa. Olha só: https://goo.gl/F1SgPA	2018-02-06T21:42:59+0000	Vcs n sabem nada de onda gigante. Um antigo gestor chamou isso em 2008 de marolinha...	2018-02-08T22:00:02+0000	E aqui foi mesmo, pois o mundo todo quebrou...	2018-02-09T21:13:23+0000	Reply	1
Você já deve ter visto uma onda gigante quando foi à praia - mas o quê você sabe sobre elas? No nosso Medium você confere dois pontos de vista: o de um surfista e da nossa oceanógrafa. Olha só: https://goo.gl/F1SgPA	2018-02-06T21:42:59+0000	Vcs n sabem nada de onda gigante. Um antigo gestor chamou isso em 2008 de marolinha...	2018-02-08T22:00:02+0000			Reply	1
Você já deve ter visto uma onda gigante quando foi à praia - mas o quê você sabe sobre elas? No nosso Medium você confere dois pontos de vista: o de um surfista e da nossa oceanógrafa. Olha só: https://goo.gl/F1SgPA	2018-02-06T21:42:59+0000	Ondas gigantes são aquelas coisas que a Petrobras faz com o preço dos combustíveis no Br?	2018-02-20T14:17:36+0000			Reply	1
Você já deve ter visto uma onda gigante quando foi à praia - mas o quê você sabe sobre elas? No nosso Medium você confere dois pontos de vista: o de um surfista e da nossa oceanógrafa. Olha só: https://goo.gl/F1SgPA	2018-02-06T21:42:59+0000	A verdadeira honda gigante é a onda de gasolina cara que a porcaria dessa petrobras vende para os brasileiros	2018-02-22T22:09:19+0000	Não é isso que vejo nas bombas	2018-02-23T00:17:15+0000	Reply	1
Você já deve ter visto uma onda gigante quando foi à praia - mas o quê você sabe sobre elas? No nosso Medium você confere dois pontos de vista: o de um surfista e da nossa oceanógrafa. Olha só: https://goo.gl/F1SgPA	2018-02-06T21:42:59+0000	A verdadeira honda gigante é a onda de gasolina cara que a porcaria dessa petrobras vende para os brasileiros	2018-02-22T22:09:19+0000	Ué e se acha que o dono do posto vai comprar por 1.52, pagar uma porrada de imposto e revender a 1.52?	2018-02-23T04:07:48+0000	Reply	1
Você já deve ter visto uma onda gigante quando foi à praia - mas o quê você sabe sobre elas? No nosso Medium você confere dois pontos de vista: o de um surfista e da nossa oceanógrafa. Olha só: https://goo.gl/F1SgPA	2018-02-06T21:42:59+0000	A verdadeira honda gigante é a onda de gasolina cara que a porcaria dessa petrobras vende para os brasileiros	2018-02-22T22:09:19+0000	Paulo Silva , leia novamente ele disse a Petrobras e não nos postos, desconhece impostos e margem de lucros ?	2018-02-24T01:12:37+0000	Reply	1
Você já deve ter visto uma onda gigante quando foi à praia - mas o quê você sabe sobre elas? No nosso Medium você confere dois pontos de vista: o de um surfista e da nossa oceanógrafa. Olha só: https://goo.gl/F1SgPA	2018-02-06T21:42:59+0000	A verdadeira honda gigante é a onda de gasolina cara que a porcaria dessa petrobras vende para os brasileiros	2018-02-22T22:09:19+0000	Não importa posso ter escrevido errado sei que tem imposto sei que o dono do posto tem que ter seu lucro sei também que que o valor 1,52 é na petrobras e não nos postos .mas que a gasolina tá cara tá	2018-02-24T01:34:11+0000	Reply	1
Você já deve ter visto uma onda gigante quando foi à praia - mas o quê você sabe sobre elas? No nosso Medium você confere dois pontos de vista: o de um surfista e da nossa oceanógrafa. Olha só: https://goo.gl/F1SgPA	2018-02-06T21:42:59+0000	A verdadeira honda gigante é a onda de gasolina cara que a porcaria dessa petrobras vende para os brasileiros	2018-02-22T22:09:19+0000	Paulo Silva , o seu erro principal foi acusar a Petrobras de algo que ela não tem culpa: "gasolina cara que a porcaria dessa petrobras ".	2018-02-24T11:19:29+0000	Reply	1
Você já deve ter visto uma onda gigante quando foi à praia - mas o quê você sabe sobre elas? No nosso Medium você confere dois pontos de vista: o de um surfista e da nossa oceanógrafa. Olha só: https://goo.gl/F1SgPA	2018-02-06T21:42:59+0000	A verdadeira honda gigante é a onda de gasolina cara que a porcaria dessa petrobras vende para os brasileiros	2018-02-22T22:09:19+0000			Reply	1
Você já deve ter visto uma onda gigante quando foi à praia - mas o quê você sabe sobre elas? No nosso Medium você confere dois pontos de vista: o de um surfista e da nossa oceanógrafa. Olha só: https://goo.gl/F1SgPA	2018-02-06T21:42:59+0000	Petrobrás devia informar a sociedade é sobre esses aumentos absurdos no combustivel e gas. Até quando seremos roubado	2018-02-22T15:39:01+0000			Reply	1
Você já deve ter visto uma onda gigante quando foi à praia - mas o quê você sabe sobre elas? No nosso Medium você confere dois pontos de vista: o de um surfista e da nossa oceanógrafa. Olha só: https://goo.gl/F1SgPA	2018-02-06T21:42:59+0000	Quero saber como denunciar um Posto Br, pois tenho percebido que, ao abastecer um valor x, o marcador do combustível não fica onde deveria ficar?  Não foi uma nem duas. Petrobras	2018-02-18T14:49:44+0000			Reply	1
Você já deve ter visto uma onda gigante quando foi à praia - mas o quê você sabe sobre elas? No nosso Medium você confere dois pontos de vista: o de um surfista e da nossa oceanógrafa. Olha só: https://goo.gl/F1SgPA	2018-02-06T21:42:59+0000	sobre o ultimo edital..O Pará esquecido como sempre!!!!!!.....	2018-02-11T03:55:53+0000			Reply	1
Você já deve ter visto uma onda gigante quando foi à praia - mas o quê você sabe sobre elas? No nosso Medium você confere dois pontos de vista: o de um surfista e da nossa oceanógrafa. Olha só: https://goo.gl/F1SgPA	2018-02-06T21:42:59+0000					Reply	1