post_message	post_created_time	comment_message	comment_created_time	reply_message	reply_created_time	where	number
The bank of the Belo Monte dam. A story to read... and share.	2016-05-05T06:45:59+0000	Help raise awareness & stop oil extraction in The Amazon! http://youtu.be/IUQcmczJUsY	2016-05-13T20:09:27+0000			Post	1
The bank of the Belo Monte dam. A story to read... and share.	2016-05-05T06:45:59+0000	Help raise awareness & stop oil extraction in The Amazon! http://youtu.be/IUQcmczJUsY	2016-05-13T20:09:27+0000			Post	1
The bank of the Belo Monte dam. A story to read... and share.	2016-05-05T06:45:59+0000	What happened in the meantime?	2018-01-10T02:54:32+0000			Post	1
The bank of the Belo Monte dam. A story to read... and share.	2016-05-05T06:45:59+0000	What happened in the meantime?	2018-01-10T02:54:32+0000			Post	1
The bank of the Belo Monte dam. A story to read... and share.	2016-05-05T06:45:59+0000					Post	1
ENOUGH of these companies that destroy the Amazon! SHARE AND VOTE MASSIVELY FOR FRENCH COMPANY GDF-SUEZ (Jirau Hydroelectric Mega Dam). Help them win the 2014 Friends of the Earth's Pinocchio Award, celebrating the most irresponsible or misleading companies: http://prix-pinocchio.org/en/nomines.php	2014-10-22T13:36:47+0000	Now Time : BIG CHANGES CAN MAKE ABIG DIFFERENCE FOR SAVE NATURAL ENVIRONMENT  “ NATURE “ is Everything for Life. Please Stop Global Warming. We are the Problem , Fortunately We are also The Solution of The Earth & Global  Warming. Think like a TREE & Live Like a TREE Water is a Life & Life is a God. ( Jal Hi Jeevan Hai , Jeevan Hi Khuda Hai )  Give Your Best to Best “Idea” for Save The Earth . Please tell us what can do for “Stop”The Global Warming  https://www.facebook.com/Plzsavetheearth/photos/a.327066127366863.63549393.326237497449726/349261281814014/?type=3&theater	2014-12-15T22:43:05+0000			Comment	2
ENOUGH of these companies that destroy the Amazon! SHARE AND VOTE MASSIVELY FOR FRENCH COMPANY GDF-SUEZ (Jirau Hydroelectric Mega Dam). Help them win the 2014 Friends of the Earth's Pinocchio Award, celebrating the most irresponsible or misleading companies: http://prix-pinocchio.org/en/nomines.php	2014-10-22T13:36:47+0000	Alerta Enlace Continental de Mujeres Indígenas de las AméricasMujeres Aborigenistas del UruguayMujeres Waorani We are The Wabanaki Confederacy Of First Nation We are here to support the Amazon Women's Coordinating Committee for a Free Wallmapu [Toronto]Women of the Navajo/Women Unidas of The Four Worlds International Institute to Save Amazon Watch - Stop the Belo Monte Monster DamGuardianes del YasuníPUEL ZUGUN muestra multimedial Mapuche de JUAN Carlos CarrilafDesaparecidos En EcuadorDemocracia Directa PerúEl Perú unido exige paz y seguridad ciudadana	2014-10-22T14:20:35+0000			Comment	2
ENOUGH of these companies that destroy the Amazon! SHARE AND VOTE MASSIVELY FOR FRENCH COMPANY GDF-SUEZ (Jirau Hydroelectric Mega Dam). Help them win the 2014 Friends of the Earth's Pinocchio Award, celebrating the most irresponsible or misleading companies: http://prix-pinocchio.org/en/nomines.php	2014-10-22T13:36:47+0000	FARE A MENO DELLA CARNE SI PUò E CONVIENE ALLA NOSTRA SALUTE  https://www.facebook.com/vegan.massimobrunaccioni/photos/a.536661399796813.1073741828.534388136690806/726973900765561/?type=3&theater	2016-02-27T18:43:24+0000			Comment	2
ENOUGH of these companies that destroy the Amazon! SHARE AND VOTE MASSIVELY FOR FRENCH COMPANY GDF-SUEZ (Jirau Hydroelectric Mega Dam). Help them win the 2014 Friends of the Earth's Pinocchio Award, celebrating the most irresponsible or misleading companies: http://prix-pinocchio.org/en/nomines.php	2014-10-22T13:36:47+0000					Comment	2
CAPTAIN PAUL WATSON SUPPORT CHIEF RAONI'S CAMPAIGN: 'S.O.S. AMAZÔNIA / STOP BELO MONTE' Watch and share : http://youtu.be/yYzrpFQfcYE  Use the green and red hands ( http://raoni.com/mao-verde.jpg / http://raoni.com/mao-vermelha.jpg) as your profile picture to show your support to the indigenous people of Brazil, gardians of the Amazon rainforest, green lung of the Earth.	2014-07-10T17:09:12+0000	Moi je suis d"accord avec toi Mandi Ayers, a 100%, bon chance,au chef Raoni, et son peuple! S.O.S. AMAZONIA !  <3	2014-07-10T22:16:06+0000			Post	3
CAPTAIN PAUL WATSON SUPPORT CHIEF RAONI'S CAMPAIGN: 'S.O.S. AMAZÔNIA / STOP BELO MONTE' Watch and share : http://youtu.be/yYzrpFQfcYE  Use the green and red hands ( http://raoni.com/mao-verde.jpg / http://raoni.com/mao-vermelha.jpg) as your profile picture to show your support to the indigenous people of Brazil, gardians of the Amazon rainforest, green lung of the Earth.	2014-07-10T17:09:12+0000	Through much of modern history, oil and mining have been a curse on the lands of indigenous peoples in general and peoples in the Amazon in particular:  FREE educational video PROPHECY&POLLUTION  Our Anniversary GIFT for education: FREE historical documentary and docudrama PROPHECY&POLLUTION  INDIGENOUS RESISTANCE NEWSFEED First Anniversary reporting the endless flood of stories about human and environmental devastation from oil and mining all around the Third World presents as a FREE Gift for education our historical and environmental video PROPHECY&POLLUTION, which first presented such unreported news to the public.   On Vimeo:  https://vimeo.com/101422677  INDIGENOUS RESISTANCE NEWSFEED https://www.facebook.com/EarthSpiritmovie EARTHSPIRIT docudrama supports indigenous resistance: http://www.indiereign.com/video/earthspirit http://amzn.to/1ifaQN5  PROPHECY & POLLUTION (80 minutes) Trailer: http://youtu.be/R9Kt7ncLVf8 Honors at 2014 International Film Festival of Health, Environment, and Culture. http://internationalfilmfestivals.org/EHC/winners.htm: Honors at the GreenScreen Environmental Film Festival Honors at the Al Jazeera International Film Festival Honors at the SURGE International Film Festival Honors at the Third World Indie International Film Festival Download: https://www.indiereign.com/video/prophecy-pollution DVD: http://amzn.to/1nLco1i  Our educational video entitled PROPHECY and POLLUTION (80 minutes) is a trilogy of three videos which developed one by one over the course of almost fifty years following ndigenous resistance against oil and mining. http://prophecyandpollution.wordpress.com i  The story of our involvement with the Hopi traditionals is told in the historical biography ENCOUNTERS WITH ABORIGINAL PHILOSOPHERS: http://encounterswithaboriginalphilosophers.wordpress.com  PROPHECY & POLLUTION trilogy:  >AUTOBIOGRAPHY OF A HOPI (1970) documentary (9 minutes) This opening video in the trilogy is a documentary which has received numerous festival Honors and was a National Short Film Finalist.                                                                                                    DVDs at                                                                     http://www.amazon.com/Autobiography-Hopi-Alan-Gorg/dp/B001R23G3S/ref=sr_1_1?s=movies-tv&ie=UTF8&qid=1340742225&sr=1-1&keywords=autobiography+of+a+hopi  >EARTH SPIRIT  (2008) docudrama (35 minutes) The second film in the trilogy PROPHECY&POLLUTION is an abbreviated version of our 83-minute feature EARTH SPIRIT.  http://earthspiritmovie.wordpress.com http://www.indiereign.com/video/earthspirit http://amzn.to/1ifaQN5   >THIRD WORLD INVESTMENT SEMINAR (2010) animation & doc (36 min.) This third and final video in the trilogy completed production in 2010 as a short: http://thirdworldinvestmentseminar.wordpress.com These three movies developed out of almost fifty years of involvement with civil rights and rights of indigenous peoples and the coming true of their prophecy that oil and mining will bring disaster.  Read a review: http://www.independentfilmreviews.com/prophecy-and-pollution/ review in Film Threat: http://www.filmthreat.com/reviews/43859/ independentfilmreview http://www.independentfilmreviews.com/prophecy-and-pollution/ educational media reviews: http://libweb.lib.buffalo.edu/emro/emroDetail.asp?Number=475 Prophecykeepers radio interview: http://www.blogtalkradio.com/prophecykeepers/2013/06/13/prophecykeepers--alan-kent-gorg-hopi-prophecy-pollution-1  View the TRAILER http://youtu.be/R9Kt7ncLVf8 Stills available at http://www.flickr.com/photos/20238357@N06/?saved=1 Downloads: https://www.indiereign.com/prophecy-pollution https://earthspirit.pivotshare.com/media/prophecy-%26-pollution/5949 http://indieflix.com/indie-films/prophecy-pollution-32759/ https://www.thewatchbox.com/movies/296-prophecy-and-pollution http://www.amazon.com/Prophecy-Pollution/dp/B005UGXA7O/ref=sr_1_1?s=movies-tv&ie=UTF8&qid=1319088035&sr=1-1 http://www.amazon.com/Prophecy-Pollution/dp/B007KB04HQ/ref=sr_1_sc_1?s=movies-tv&ie=UTF8&qid=1344025100&sr=1-1-spell&keywords=Proophecy+%26+Pollution dvds at http://www.amazon.com/Prophecy-Pollution/dp/B007KB04HQ/ref=sr_1_1?s=movies-tv&ie=UTF8&qid=1340742751&sr=1-1&keywords=prophecy%26pollution For more background, see also: http://alangorg.wordpress.com http://prophecyandpollution.wordpress.com/2010/07/06/hello-world/	2014-08-02T08:52:43+0000			Post	3
CAPTAIN PAUL WATSON SUPPORT CHIEF RAONI'S CAMPAIGN: 'S.O.S. AMAZÔNIA / STOP BELO MONTE' Watch and share : http://youtu.be/yYzrpFQfcYE  Use the green and red hands ( http://raoni.com/mao-verde.jpg / http://raoni.com/mao-vermelha.jpg) as your profile picture to show your support to the indigenous people of Brazil, gardians of the Amazon rainforest, green lung of the Earth.	2014-07-10T17:09:12+0000	shared... I keep hoping one day to see a post from this site which tells me that Chief Raoni and his people have won their battle to keep their lands... maybe one day! sending much love!	2014-07-10T17:12:36+0000	Hector says that he agrees with you 100% and good luck to the chief Raoni and his people.  FYI :)	2015-04-05T04:47:54+0000	Post	3
CAPTAIN PAUL WATSON SUPPORT CHIEF RAONI'S CAMPAIGN: 'S.O.S. AMAZÔNIA / STOP BELO MONTE' Watch and share : http://youtu.be/yYzrpFQfcYE  Use the green and red hands ( http://raoni.com/mao-verde.jpg / http://raoni.com/mao-vermelha.jpg) as your profile picture to show your support to the indigenous people of Brazil, gardians of the Amazon rainforest, green lung of the Earth.	2014-07-10T17:09:12+0000	shared... I keep hoping one day to see a post from this site which tells me that Chief Raoni and his people have won their battle to keep their lands... maybe one day! sending much love!	2014-07-10T17:12:36+0000			Post	3
CAPTAIN PAUL WATSON SUPPORT CHIEF RAONI'S CAMPAIGN: 'S.O.S. AMAZÔNIA / STOP BELO MONTE' Watch and share : http://youtu.be/yYzrpFQfcYE  Use the green and red hands ( http://raoni.com/mao-verde.jpg / http://raoni.com/mao-vermelha.jpg) as your profile picture to show your support to the indigenous people of Brazil, gardians of the Amazon rainforest, green lung of the Earth.	2014-07-10T17:09:12+0000	Article about Chief Raoni and the release of Raoni's Song on CD Article about Chief Raoni concerning Raoni's song release on CD http://gonzo-multimedia.blogspot.com.br/2014/07/gonzo-weekly-85.html	2014-07-27T21:04:03+0000			Post	3
CAPTAIN PAUL WATSON SUPPORT CHIEF RAONI'S CAMPAIGN: 'S.O.S. AMAZÔNIA / STOP BELO MONTE' Watch and share : http://youtu.be/yYzrpFQfcYE  Use the green and red hands ( http://raoni.com/mao-verde.jpg / http://raoni.com/mao-vermelha.jpg) as your profile picture to show your support to the indigenous people of Brazil, gardians of the Amazon rainforest, green lung of the Earth.	2014-07-10T17:09:12+0000					Post	3
A VERY GOOD NEWS ! BUT BEWARE, THE WAR AGAINST BELO SUN IS NOT OVER.	2014-07-03T13:06:05+0000	United Nations Permanent Forum on Indigenous Issues Out of UNO Self Goverment is the only choice.	2015-04-09T19:10:44+0000			Comment	4
A VERY GOOD NEWS ! BUT BEWARE, THE WAR AGAINST BELO SUN IS NOT OVER.	2014-07-03T13:06:05+0000	good, but i´m wondering where is Brasil´s concern for indigenous culture and heritage in the face of the Belo Monte dam?	2014-07-03T20:32:50+0000			Comment	4
A VERY GOOD NEWS ! BUT BEWARE, THE WAR AGAINST BELO SUN IS NOT OVER.	2014-07-03T13:06:05+0000	I remember this happening with the Belo Monte Dam decision but in the end the Government just made it happen anyway, this will all come down to how much the government members will make from it personally.. remember the top election campaign contributors got the contracts to make the Belo monte dams...	2014-07-13T18:54:39+0000			Comment	4
A VERY GOOD NEWS ! BUT BEWARE, THE WAR AGAINST BELO SUN IS NOT OVER.	2014-07-03T13:06:05+0000	Omg	2014-07-03T16:01:21+0000			Comment	4
A VERY GOOD NEWS ! BUT BEWARE, THE WAR AGAINST BELO SUN IS NOT OVER.	2014-07-03T13:06:05+0000	Money money money, for some people its God, for most its the devil humanized...	2014-07-04T00:09:49+0000			Comment	4
A VERY GOOD NEWS ! BUT BEWARE, THE WAR AGAINST BELO SUN IS NOT OVER.	2014-07-03T13:06:05+0000					Comment	4
Watch Chiefs Raoni and Megaron on Channel 4 : http://blogs.channel4.com/paul-mason-blog/tribe-leaders-message-england-team-save-forest/973#sthash.qulueCoc.dpuf  Comment from Amy Jade Butcher : "Im just an ordinary teenage girl so this comment probably won’t be recognised, but the world we live in today is corrupt. Decisions are clearly being made by the higher power with a greedy thirst for wealth and resources. The new age is happening quicker each day, our earth is dying. Air, water and land pollution being a main factor in all of this. Species are becoming rare and even extinct, animals and plants that have flourished on our planet for hundreds of years.. Just gone.. And no ammount of money would ever bring them back. We need to take a step backwards, and the people of the amazon are a prime example. Society has changed unbelievably, where has human nature disappeard to? Its in our hearts and distractions prevent us from seeking it. Love is the answer, to all of the worlds issues, love for our planet. Natural disasters are happening more frequently every day, pollution, famine, war, poverty, disease, corrupt governments and GREED. This is the devil itself. We need to wake up, take a stand and change for the better before its too late, and it will be. Nothing can ever change until the people of the world unite against this pure wickedness often reffered to as ‘living the dream’ which oneday is all it will be. Wake up, theirs more to it than what meets the eye."	2014-06-12T19:58:50+0000	INUMAGINFO.com Le premier magazine d’information du web  « Belo Monte, Symbole d'un Ecocide - 1/4» www.inumaginfo.com/belomotesymboledunecocide03062014-721.html les compléments vidéo... et très bientôt la PARTIE 2 de  "Belo Monte, Symbole d'un Ecocide".	2014-06-13T06:43:04+0000			Comment	5
Watch Chiefs Raoni and Megaron on Channel 4 : http://blogs.channel4.com/paul-mason-blog/tribe-leaders-message-england-team-save-forest/973#sthash.qulueCoc.dpuf  Comment from Amy Jade Butcher : "Im just an ordinary teenage girl so this comment probably won’t be recognised, but the world we live in today is corrupt. Decisions are clearly being made by the higher power with a greedy thirst for wealth and resources. The new age is happening quicker each day, our earth is dying. Air, water and land pollution being a main factor in all of this. Species are becoming rare and even extinct, animals and plants that have flourished on our planet for hundreds of years.. Just gone.. And no ammount of money would ever bring them back. We need to take a step backwards, and the people of the amazon are a prime example. Society has changed unbelievably, where has human nature disappeard to? Its in our hearts and distractions prevent us from seeking it. Love is the answer, to all of the worlds issues, love for our planet. Natural disasters are happening more frequently every day, pollution, famine, war, poverty, disease, corrupt governments and GREED. This is the devil itself. We need to wake up, take a stand and change for the better before its too late, and it will be. Nothing can ever change until the people of the world unite against this pure wickedness often reffered to as ‘living the dream’ which oneday is all it will be. Wake up, theirs more to it than what meets the eye."	2014-06-12T19:58:50+0000	Well spoken Amy Jade Butcher. Your words were very inspiring from a young girl. I hope to hear more from you in the future. People like you are our future........	2014-06-13T15:42:02+0000			Comment	5
Watch Chiefs Raoni and Megaron on Channel 4 : http://blogs.channel4.com/paul-mason-blog/tribe-leaders-message-england-team-save-forest/973#sthash.qulueCoc.dpuf  Comment from Amy Jade Butcher : "Im just an ordinary teenage girl so this comment probably won’t be recognised, but the world we live in today is corrupt. Decisions are clearly being made by the higher power with a greedy thirst for wealth and resources. The new age is happening quicker each day, our earth is dying. Air, water and land pollution being a main factor in all of this. Species are becoming rare and even extinct, animals and plants that have flourished on our planet for hundreds of years.. Just gone.. And no ammount of money would ever bring them back. We need to take a step backwards, and the people of the amazon are a prime example. Society has changed unbelievably, where has human nature disappeard to? Its in our hearts and distractions prevent us from seeking it. Love is the answer, to all of the worlds issues, love for our planet. Natural disasters are happening more frequently every day, pollution, famine, war, poverty, disease, corrupt governments and GREED. This is the devil itself. We need to wake up, take a stand and change for the better before its too late, and it will be. Nothing can ever change until the people of the world unite against this pure wickedness often reffered to as ‘living the dream’ which oneday is all it will be. Wake up, theirs more to it than what meets the eye."	2014-06-12T19:58:50+0000	You're a very wise girl!	2014-06-13T08:43:30+0000			Comment	5
Watch Chiefs Raoni and Megaron on Channel 4 : http://blogs.channel4.com/paul-mason-blog/tribe-leaders-message-england-team-save-forest/973#sthash.qulueCoc.dpuf  Comment from Amy Jade Butcher : "Im just an ordinary teenage girl so this comment probably won’t be recognised, but the world we live in today is corrupt. Decisions are clearly being made by the higher power with a greedy thirst for wealth and resources. The new age is happening quicker each day, our earth is dying. Air, water and land pollution being a main factor in all of this. Species are becoming rare and even extinct, animals and plants that have flourished on our planet for hundreds of years.. Just gone.. And no ammount of money would ever bring them back. We need to take a step backwards, and the people of the amazon are a prime example. Society has changed unbelievably, where has human nature disappeard to? Its in our hearts and distractions prevent us from seeking it. Love is the answer, to all of the worlds issues, love for our planet. Natural disasters are happening more frequently every day, pollution, famine, war, poverty, disease, corrupt governments and GREED. This is the devil itself. We need to wake up, take a stand and change for the better before its too late, and it will be. Nothing can ever change until the people of the world unite against this pure wickedness often reffered to as ‘living the dream’ which oneday is all it will be. Wake up, theirs more to it than what meets the eye."	2014-06-12T19:58:50+0000	Please help save the lungs of the earth, help save Pachamama, save the Amazon!	2014-06-13T01:54:31+0000			Comment	5
Watch Chiefs Raoni and Megaron on Channel 4 : http://blogs.channel4.com/paul-mason-blog/tribe-leaders-message-england-team-save-forest/973#sthash.qulueCoc.dpuf  Comment from Amy Jade Butcher : "Im just an ordinary teenage girl so this comment probably won’t be recognised, but the world we live in today is corrupt. Decisions are clearly being made by the higher power with a greedy thirst for wealth and resources. The new age is happening quicker each day, our earth is dying. Air, water and land pollution being a main factor in all of this. Species are becoming rare and even extinct, animals and plants that have flourished on our planet for hundreds of years.. Just gone.. And no ammount of money would ever bring them back. We need to take a step backwards, and the people of the amazon are a prime example. Society has changed unbelievably, where has human nature disappeard to? Its in our hearts and distractions prevent us from seeking it. Love is the answer, to all of the worlds issues, love for our planet. Natural disasters are happening more frequently every day, pollution, famine, war, poverty, disease, corrupt governments and GREED. This is the devil itself. We need to wake up, take a stand and change for the better before its too late, and it will be. Nothing can ever change until the people of the world unite against this pure wickedness often reffered to as ‘living the dream’ which oneday is all it will be. Wake up, theirs more to it than what meets the eye."	2014-06-12T19:58:50+0000	Do the pharmaceutical companies across the world have a responsibility to protect the rain forest? Set up hubs for local natives to name, protect , re generate and re plenish any plant harvested for drugs. The natives are paid more for these roles than burning the forest to rear cattle putting an end to that. A regulated and supported protection programme as well as using the forest for its wonderful resources. Surely this is the logical future and the pharmaceutical industry could easily fund this with support from governments . The UK is the second country in the world for the highest reported cases of cancer and the amazonians one of the lowest I am sure they have the greatest comodit	2014-06-15T19:51:30+0000			Comment	5
Watch Chiefs Raoni and Megaron on Channel 4 : http://blogs.channel4.com/paul-mason-blog/tribe-leaders-message-england-team-save-forest/973#sthash.qulueCoc.dpuf  Comment from Amy Jade Butcher : "Im just an ordinary teenage girl so this comment probably won’t be recognised, but the world we live in today is corrupt. Decisions are clearly being made by the higher power with a greedy thirst for wealth and resources. The new age is happening quicker each day, our earth is dying. Air, water and land pollution being a main factor in all of this. Species are becoming rare and even extinct, animals and plants that have flourished on our planet for hundreds of years.. Just gone.. And no ammount of money would ever bring them back. We need to take a step backwards, and the people of the amazon are a prime example. Society has changed unbelievably, where has human nature disappeard to? Its in our hearts and distractions prevent us from seeking it. Love is the answer, to all of the worlds issues, love for our planet. Natural disasters are happening more frequently every day, pollution, famine, war, poverty, disease, corrupt governments and GREED. This is the devil itself. We need to wake up, take a stand and change for the better before its too late, and it will be. Nothing can ever change until the people of the world unite against this pure wickedness often reffered to as ‘living the dream’ which oneday is all it will be. Wake up, theirs more to it than what meets the eye."	2014-06-12T19:58:50+0000	Damn, Ms. Butcher, your words give me chills!  I hope other "ordinary" teenagers and all people can adopt this view of the world you explain so eloquently.  Power to the Earth Defenders, the Earth Lovers.	2014-06-13T01:41:20+0000			Comment	5
Watch Chiefs Raoni and Megaron on Channel 4 : http://blogs.channel4.com/paul-mason-blog/tribe-leaders-message-england-team-save-forest/973#sthash.qulueCoc.dpuf  Comment from Amy Jade Butcher : "Im just an ordinary teenage girl so this comment probably won’t be recognised, but the world we live in today is corrupt. Decisions are clearly being made by the higher power with a greedy thirst for wealth and resources. The new age is happening quicker each day, our earth is dying. Air, water and land pollution being a main factor in all of this. Species are becoming rare and even extinct, animals and plants that have flourished on our planet for hundreds of years.. Just gone.. And no ammount of money would ever bring them back. We need to take a step backwards, and the people of the amazon are a prime example. Society has changed unbelievably, where has human nature disappeard to? Its in our hearts and distractions prevent us from seeking it. Love is the answer, to all of the worlds issues, love for our planet. Natural disasters are happening more frequently every day, pollution, famine, war, poverty, disease, corrupt governments and GREED. This is the devil itself. We need to wake up, take a stand and change for the better before its too late, and it will be. Nothing can ever change until the people of the world unite against this pure wickedness often reffered to as ‘living the dream’ which oneday is all it will be. Wake up, theirs more to it than what meets the eye."	2014-06-12T19:58:50+0000	very true - now we need to do something concrete!	2014-06-13T21:05:02+0000			Comment	5
Watch Chiefs Raoni and Megaron on Channel 4 : http://blogs.channel4.com/paul-mason-blog/tribe-leaders-message-england-team-save-forest/973#sthash.qulueCoc.dpuf  Comment from Amy Jade Butcher : "Im just an ordinary teenage girl so this comment probably won’t be recognised, but the world we live in today is corrupt. Decisions are clearly being made by the higher power with a greedy thirst for wealth and resources. The new age is happening quicker each day, our earth is dying. Air, water and land pollution being a main factor in all of this. Species are becoming rare and even extinct, animals and plants that have flourished on our planet for hundreds of years.. Just gone.. And no ammount of money would ever bring them back. We need to take a step backwards, and the people of the amazon are a prime example. Society has changed unbelievably, where has human nature disappeard to? Its in our hearts and distractions prevent us from seeking it. Love is the answer, to all of the worlds issues, love for our planet. Natural disasters are happening more frequently every day, pollution, famine, war, poverty, disease, corrupt governments and GREED. This is the devil itself. We need to wake up, take a stand and change for the better before its too late, and it will be. Nothing can ever change until the people of the world unite against this pure wickedness often reffered to as ‘living the dream’ which oneday is all it will be. Wake up, theirs more to it than what meets the eye."	2014-06-12T19:58:50+0000	so true	2014-06-12T22:06:20+0000			Comment	5
Watch Chiefs Raoni and Megaron on Channel 4 : http://blogs.channel4.com/paul-mason-blog/tribe-leaders-message-england-team-save-forest/973#sthash.qulueCoc.dpuf  Comment from Amy Jade Butcher : "Im just an ordinary teenage girl so this comment probably won’t be recognised, but the world we live in today is corrupt. Decisions are clearly being made by the higher power with a greedy thirst for wealth and resources. The new age is happening quicker each day, our earth is dying. Air, water and land pollution being a main factor in all of this. Species are becoming rare and even extinct, animals and plants that have flourished on our planet for hundreds of years.. Just gone.. And no ammount of money would ever bring them back. We need to take a step backwards, and the people of the amazon are a prime example. Society has changed unbelievably, where has human nature disappeard to? Its in our hearts and distractions prevent us from seeking it. Love is the answer, to all of the worlds issues, love for our planet. Natural disasters are happening more frequently every day, pollution, famine, war, poverty, disease, corrupt governments and GREED. This is the devil itself. We need to wake up, take a stand and change for the better before its too late, and it will be. Nothing can ever change until the people of the world unite against this pure wickedness often reffered to as ‘living the dream’ which oneday is all it will be. Wake up, theirs more to it than what meets the eye."	2014-06-12T19:58:50+0000	well Amy, you might 'only be a teenage girl' but you are wise beyond your years....what you say is true!!	2014-06-13T01:26:47+0000			Comment	5
Watch Chiefs Raoni and Megaron on Channel 4 : http://blogs.channel4.com/paul-mason-blog/tribe-leaders-message-england-team-save-forest/973#sthash.qulueCoc.dpuf  Comment from Amy Jade Butcher : "Im just an ordinary teenage girl so this comment probably won’t be recognised, but the world we live in today is corrupt. Decisions are clearly being made by the higher power with a greedy thirst for wealth and resources. The new age is happening quicker each day, our earth is dying. Air, water and land pollution being a main factor in all of this. Species are becoming rare and even extinct, animals and plants that have flourished on our planet for hundreds of years.. Just gone.. And no ammount of money would ever bring them back. We need to take a step backwards, and the people of the amazon are a prime example. Society has changed unbelievably, where has human nature disappeard to? Its in our hearts and distractions prevent us from seeking it. Love is the answer, to all of the worlds issues, love for our planet. Natural disasters are happening more frequently every day, pollution, famine, war, poverty, disease, corrupt governments and GREED. This is the devil itself. We need to wake up, take a stand and change for the better before its too late, and it will be. Nothing can ever change until the people of the world unite against this pure wickedness often reffered to as ‘living the dream’ which oneday is all it will be. Wake up, theirs more to it than what meets the eye."	2014-06-12T19:58:50+0000	exactement <3 merci :-)	2014-06-12T23:49:19+0000			Comment	5
Watch Chiefs Raoni and Megaron on Channel 4 : http://blogs.channel4.com/paul-mason-blog/tribe-leaders-message-england-team-save-forest/973#sthash.qulueCoc.dpuf  Comment from Amy Jade Butcher : "Im just an ordinary teenage girl so this comment probably won’t be recognised, but the world we live in today is corrupt. Decisions are clearly being made by the higher power with a greedy thirst for wealth and resources. The new age is happening quicker each day, our earth is dying. Air, water and land pollution being a main factor in all of this. Species are becoming rare and even extinct, animals and plants that have flourished on our planet for hundreds of years.. Just gone.. And no ammount of money would ever bring them back. We need to take a step backwards, and the people of the amazon are a prime example. Society has changed unbelievably, where has human nature disappeard to? Its in our hearts and distractions prevent us from seeking it. Love is the answer, to all of the worlds issues, love for our planet. Natural disasters are happening more frequently every day, pollution, famine, war, poverty, disease, corrupt governments and GREED. This is the devil itself. We need to wake up, take a stand and change for the better before its too late, and it will be. Nothing can ever change until the people of the world unite against this pure wickedness often reffered to as ‘living the dream’ which oneday is all it will be. Wake up, theirs more to it than what meets the eye."	2014-06-12T19:58:50+0000	sos	2014-07-04T13:48:08+0000			Comment	5