﻿Reported Actors;Reported Actor Category;Appearance
01.Government;Government;43
02.Ribeirinhos;Non-Indigenous Residents;34
03.Norte Energia;Private Companies;33
04.Supreme Federal Court;Judiciary;28
05.Eletrobr√°s;Private Companies;27
06.IBAMA;Government;16
07.Brazilian Development Bank;Financiers;15
08.Dilma Rousseff;Political Groups;15
09.Luiz In√°cio Lula da Silva;Political Groups;14
10.Eletronorte;Private Companies;11
11.Vale S.A.;Private Companies;11
12.Odebrecht;Private Companies;10
13.ANEEL (Ag√™ncia Nacional de Energia El√©trica);Government;9
14.Inter-American Human Rights Commission;Human Rights Organisations;9
15.Workers' Party;Political Groups;9
16.Grupo Camargo Corr√™a;Private Companies;9
17.Funcef;Financiers;8
18.Petros;Financiers;8
19.FUNAI (Funda√ß√£o Nacional do √çndio);Indigenous Rights Organisations;8
20.Regional Federal Court;Judiciary;8
21.James Cameron;Celebrities;7
22.Sting;Celebrities;7
23.Raoni;Indigenous People;7
24.Grupo Andrade Gutierrez;Private Companies;7
25.Greenpeace;Environmental Organisations;6
26.International Rivers;Environmental Organisations;6
27.Ministry of Mines and Energy;Government;6
28.Juruna;Indigenous People;6
29.Munduruku;Indigenous People;6
30.Grupo J. Malucelli;Private Companies;6
31.Xingu Vivo;Environmental Organisations;5
32.Michel Temer;Political Groups;5
33.Arara;Indigenous People;5
34.Arawet√©;Indigenous People;5
35.Kayapo;Indigenous People;5
36.Brazilian public prosecutor;Judiciary;5
37.Companhia Energ√©tica de Minas Gerais;Private Companies;5
38.Light S.A.;Private Companies;5
39.Neoenergia;Private Companies;5
40.Sinobras;Private Companies;5