{
    "key": "interamerican",
    "Title": "Inter-American Human Rights Commission",
    "Text": "IACHR is one of the bodies that comprise the inter-American system for the promotion and protection of human rights.",
    "Link": "https://en.wikipedia.org/wiki/Inter-American_Commission_on_Human_Rights",
    "Source": "Source&#8594;Wikipedia"
  },
  {
    "key": "nortenergia",
    "Title": "Consórcio Norte Energia",
    "Text": "Consórcio Norte Energia is a group formed by several companies involved in the construction of the Belo Monte Hydroelectric Power Plant",
    "Link": "https://pt.wikipedia.org/wiki/Cons%C3%B3rcio_Norte_Energia",
    "Source": "Source&#8594;Wikipedia"
  },
  {
    "key": "eletrobras",
    "Title": "Eletrobras",
    "Text": "Eletrobras is a major Brazilian electric utilities company. It's also Latin America's biggest power utility company.",
    "Link": "https://en.wikipedia.org/wiki/Eletrobras",
    "Source": "Source&#8594;Wikipedia"
  },
  {
    "key": "eletronorte",
    "Title": "Eletrobras Eletronorte",
    "Text": "Centrais Elétricas do Norte do Brasil SA, known as Eletronorte is a company in the electric sector in Brazil, owned by Eletrobras.",
    "Link": "https://pt.wikipedia.org/wiki/Eletrobras_Eletronorte",
    "Source": "Source&#8594;Wikipedia"
  },
  {
    "key": "vale",
    "Title": "Vale S.A.",
    "Text": "Vale S.A. is a Brazilian multinational corporation engaged in metals and mining and one of the largest logistics operators in Brazil.",
    "Link": "https://en.wikipedia.org/wiki/Vale_(company)",
    "Source": "Source&#8594;Wikipedia"
  },
  {
    "key": "camargo",
    "Title": "Camargo Corrêa",
    "Text": "Camargo Corrêa is one of the biggest Brazilian private conglomerates, composed of publicly traded and closed companies.",
    "Link": "https://en.wikipedia.org/wiki/Camargo_Corr%C3%AAa",
    "Source": "Source&#8594;Wikipedia"
  },
  {
    "key": "andrade",
    "Title": "Andrade Gutierrez",
    "Text": "Andrade Gutierrez is a Brazilian private multinational conglomerate headquartered in Belo Horizonte.",
    "Link": "https://en.wikipedia.org/wiki/Andrade_Gutierrez",
    "Source": "Source&#8594;Wikipedia"
  },
  {
    "key": "malucelli",
    "Title": "Grupo JMalucelli",
    "Text": "The JMalucelli Group is a business group and media conglomerate from Paraná, founded in 1966.",
    "Link": "https://pt.wikipedia.org/wiki/Grupo_JMalucelli",
    "Source": "Source&#8594;Wikipedia"
  },
  {
    "key": "minasgerais",
    "Title": "Companhia Energetica de Minas Gerais",
    "Text": "CEMIG is a Brazilian power company headquartered in Belo Horizonte capital of the state of Minas Gerais. It is one of the largest power generators in Brazil.",
    "Link": "https://en.wikipedia.org/wiki/CEMIG",
    "Source": "Source&#8594;Wikipedia"
  },
  {
    "key": "light",
    "Title": "Light S.A.",
    "Text": "Light S.A. is a private public utility company of Rio de Janeiro, Brazil.C urrently the controlling stake in Light is owned by CEMIG",
    "Link": "https://en.wikipedia.org/wiki/Light_S.A.",
    "Source": "Source&#8594;Wikipedia"
  },
  {
    "key": "neoenergia",
    "Title": "Neoenergia",
    "Text": "Neoenergia is the holding company of Neoenergia Group, the largest private group in the Brazilian electric sector in terms of number of customers.",
    "Link": "https://pt.wikipedia.org/wiki/Neoenergia",
    "Source": "Source&#8594;Wikipedia"
  },
  {
    "key": "sinobras",
    "Title": "Siderúrgica Norte Brasil",
    "Text": "Siderúrgica Norte Brasil (SINOBRAS) is the largest steel industry in operation in the North and Northeast of Brazil.",
    "Link": "https://pt.wikipedia.org/wiki/Sider%C3%BArgica_Norte_Brasil",
    "Source": "Source&#8594;Wikipedia"
  },
  {
    "key": "odebrecht",
    "Title": "Odebrecht",
    "Text": "Odebrecht S.A. is a Brazilian conglomerate consisting of diversified businesses in the fields of engineering, construction, chemicals and petrochemicals. ",
    "Link": "https://en.wikipedia.org/wiki/Odebrecht",
    "Source": "Source&#8594;Wikipedia"
  },
  {
    "key": "greenpeace",
    "Title": "Greenpeace",
    "Text": "Greenpeace is a non-governmental environmental organization with offices in over 39 countries, described as the most visible environmental organization in the world.",
    "Link": "https://en.wikipedia.org/wiki/Greenpeace",
    "Source": "Source&#8594;Wikipedia"
  },
  {
    "key": "rivers",
    "Title": "International Rivers",
    "Text": "International Rivers is a non-profit, non-governmental, environmental and human rights organization.",
    "Link": "https://en.wikipedia.org/wiki/International_Rivers",
    "Source": "Source&#8594;Wikipedia"
  },
  {
    "key": "bndes",
    "Title": "Brazilian Development Bank",
    "Text": "O Banco Nacional do Desenvolvimento (abbreviated: BNDES) is a federal public company associated with the Ministry of Development, Industry, and Trade of Brazil.",
    "Link": "https://en.wikipedia.org/wiki/Brazilian_Development_Bank",
    "Source": "Source&#8594;Wikipedia"
  },
  {
    "key": "funcef",
    "Title": "FUNCEF",
    "Text": "A Fundação dos Economiários Federais is the third largest pension fund in Brazil and one of the largest in Latin America.",
    "Link": "https://pt.wikipedia.org/wiki/Funda%C3%A7%C3%A3o_dos_Economi%C3%A1rios_Federais",
    "Source": "Source&#8594;Wikipedia"
  },
  {
    "key": "petros",
    "Title": "Petros",
    "Text": "Fundação Petrobras de Seguridade Social (Petros) is the second largest pension fund in Latin America",
    "Link": "https://www.petros.com.br/PortalPetros/faces/Petros/apetros/qms?_adf.ctrl-state=9h84qak4b_4&_afrLoop=144324088633470",
    "Source": "Source&#8594;Official Website"
  },
  {
    "key": "ribeirinhos",
    "Title": "Ribeirinhos",
    "Text": "The Ribeirinhos are a traditional population in South America, who lives near rivers. Their main activities are fishing and farming on a small scale, for their own use.",
    "Link": "https://en.wikipedia.org/wiki/Ribeirinhos",
    "Source": "Source&#8594;Wikipedia"
  },
  {
    "key": "dilma",
    "Title": "Dilma Rousseff",
    "Text": "Dilma Vana Rousseff is a Brazilian economist and politician who served as the 36th President of Brazil, holding the position from 2011 until her impeachment in 2016.",
    "Link": "https://en.wikipedia.org/wiki/Dilma_Rousseff",
    "Source": "Source&#8594;Wikipedia"
  },
  {
    "key": "lula",
    "Title": "Luiz Inácio Lula da Silva",
    "Text": "Luiz Inácio Lula da Silva is a Brazilian politician and former union leader who served as the 35th President of Brazil from 2003 to 2010.",
    "Link": "https://en.wikipedia.org/wiki/Luiz_In%C3%A1cio_Lula_da_Silva",
    "Source": "Source&#8594;Wikipedia"
  },
  {
    "key": "workers",
    "Title": "Workers' Party",
    "Text": "The 'Partido dos Trabalhadores' is a democratic socialist political party in Brazil. Launched in 1980, it is one of the largest movements of Latin America.",
    "Link": "https://en.wikipedia.org/wiki/Workers%27_Party_(Brazil)",
    "Source": "Source&#8594;Wikipedia"
  },
  {
    "key": "temer",
    "Title": "Michel Temer",
    "Text": "Michel Miguel Elias Temer Lulia is a Brazilian lawyer and politician serving as the 37th and current President of Brazil since 2016. He is due to be succeeded by President-elect Jair Bolsonaro on January 1, 2019.",
    "Link": "https://en.wikipedia.org/wiki/Michel_Temer",
    "Source": "Source&#8594;Wikipedia"
  },
  {
    "key": "sting",
    "Title": "Sting",
    "Text": "Gordon Matthew Thomas Sumner CBE (born 2 October 1951), known as Sting, is an English musician, singer, songwriter, and actor.",
    "Link": "https://en.wikipedia.org/wiki/Sting_(musician)",
    "Source": "Source&#8594;Wikipedia"
  },
  {
    "key": "cameron",
    "Title": "James Cameron",
    "Text": "James Francis Cameron (born August 16, 1954) is a Canadian filmmaker, philanthropist, and deep-sea explorer.",
    "Link": "https://en.wikipedia.org/wiki/James_Cameron",
    "Source": "Source&#8594;Wikipedia"
  },
  {
    "key": "juruna",
    "Title": "Yudjá/Juruna",
    "Text": "The Juruna are an Indigenous people of Brazil, who live in the states of Mato Grosso and Pará. They live in two villages in the Xingu Indigenous Park.",
    "Link": "https://en.wikipedia.org/wiki/Yudj%C3%A1",
    "Source": "Source&#8594;Wikipedia"
  },
  {
    "key": "munduruku",
    "Title": "Munduruku",
    "Text": "The Munduruku, also known as Mundurucu or Wuy Jugu, are an indigenous people of Brazil living in the Amazon River basin.",
    "Link": "https://en.wikipedia.org/wiki/Munduruku",
    "Source": "Source&#8594;Wikipedia"
  },
  {
    "key": "arawete",
    "Title": "Araweté",
    "Text": "The Araweté (also Arawate, Araueté or Bïde) are an indigenous people of Brazil. They are swidden horticulturalists native to the state of Pará.",
    "Link": "https://en.wikipedia.org/wiki/Arawet%C3%A9",
    "Source": "Source&#8594;Wikipedia"
  },
  {
    "key": "kayapo",
    "Title": "Kayapo",
    "Text": "The Kayapo people are indigenous peoples in Brazil who inhabit a vast area spreading across the states of Pará and Mato Grosso, south of the Amazon Basin and along Rio Xingu and its tributaries.",
    "Link": "https://en.wikipedia.org/wiki/Kayapo",
    "Source": "Source&#8594;Wikipedia"
  },

  {
    "key": "raoni",
    "Title": "Raoni Metuktire",
    "Text": "Raoni Metuktire, also simply known as Chief Raoni, is an important chief of the Kayapo. He is famous internationally as a living symbol of the fight for the preservation of the Amazon rainforest.",
    "Link": "https://en.wikipedia.org/wiki/Raoni_Metuktire",
    "Source": "Source&#8594;Wikipedia"
  },
  {
    "key": "arara",
    "Title": "Arara",
    "Text": "The Arara people, also called Arara do Pará are an indigenous people of Brazil, living in the state of Pará, Brazil.",
    "Link": "https://en.wikipedia.org/wiki/Arara_(Par%C3%A1)",
    "Source": "Source&#8594;Wikipedia"
  },
  {
    "key": "supfederalcourt",
    "Title": "Supreme Federal Court",
    "Text": "The 'Supremo Tribunal Federal' is the supreme court of Brazil, serving primarily as the Constitutional Court of the country.",
    "Link": "https://en.wikipedia.org/wiki/Supreme_Federal_Court",
    "Source": "Source&#8594;Wikipedia"
  },
  {
    "key": "regfederalcourt",
    "Title": "Tribunal Regional Federal da 1ª Região",
    "Text": "The TRF1 is one of the appellate courts of Brazil's federal court system. It represents the second instance of the Brazilian Federal Justice system",
    "Link": "https://pt.wikipedia.org/wiki/Tribunal_Regional_Federal_da_1%C2%AA_Regi%C3%A3o",
    "Source": "Source&#8594;Wikipedia"
  },
  {
    "key": "prosecutor",
    "Title": "Brazilian Public Prosecutor",
    "Text": "The Brazilian Public Prosecutor is the head of the Brazilian Federal Prosecution Office, an autonomous agency in charge of criminal prosecution and the defense of society in general.",
    "Link": "https://en.wikipedia.org/wiki/Prosecutor_General_of_Brazil",
    "Source": "Source&#8594;Wikipedia"
  },
  {
    "key": "government",
    "Title": "Federal government of Brazil",
    "Text": "The federal government of Brazil is the national government of the Federative Republic of Brazil, a republic in South America divided in 26 states and a federal district.",
    "Link": "https://en.wikipedia.org/wiki/Federal_government_of_Brazil",
    "Source": "Source&#8594;Wikipedia"
  },
  {
    "key": "ibama",
    "Title": "IBAMA",
    "Text": "The 'Instituto Brasileiro do Meio Ambiente e dos Recursos Naturais Renováveis' is the Brazilian Ministry of the Environment's administrative arm.",
    "Link": "https://en.wikipedia.org/wiki/Brazilian_Institute_of_Environment_and_Renewable_Natural_Resources",
    "Source": "Source&#8594;Wikipedia"
  },
  {
    "key": "aneel",
    "Title": "ANEEL",
    "Text": "The 'Agência Nacional de Energia Elétrica' is an autarchy of the government of Brazil linked to the Ministry of Mines and Energy.",
    "Link": "https://en.wikipedia.org/wiki/Brazilian_Electricity_Regulatory_Agency",
    "Source": "Source&#8594;Wikipedia"
  },
  {
    "key": "funai",
    "Title": "FUNAI",
    "Text": "The 'Fundação Nacional do Índio' is a Brazilian governmental protection agency for Indian interests and their culture.",
    "Link": "https://en.wikipedia.org/wiki/Funda%C3%A7%C3%A3o_Nacional_do_%C3%8Dndio",
    "Source": "Source&#8594;Wikipedia"
  },
  {
    "key": "minas",
    "Title": "Ministério de Minas e Energia",
    "Text": "The 'Ministério de Minas e Energia' is a Brazilian government ministry established in 1960. It fosters investments in mining and energy-related activities.",
    "Link": "https://en.wikipedia.org/wiki/Ministry_of_Mines_and_Energy_(Brazil)",
    "Source": "Source&#8594;Wikipedia"
  },  
  {
    "key": "xingu",
    "Title": "Movimento Xingu Vivo para Sempre",
    "Text": "Movimento Xingu Vivo para Sempre (MXVPS) is a collective of social and environmental organizations from the areas of influence of the Belo Monte hydroelectric project",
    "Link": "http://www.xinguvivo.org.br/quem-somos/",
    "Source": "Source&#8594;Official Website"
  }