Id	Label	Level	Seed	Topic
afghan-india friendship dam	Afghan-India Friendship Dam	0	TRUE	Dam Controversies
kamal khan dam	Kamal Khan Dam	0	TRUE	Dam Controversies
manapouri power station	Manapouri Power Station	0	TRUE	Dam Controversies
tapas hydroelectric complex	Tapas hydroelectric complex	0	TRUE	Dam Controversies
chowilla dam	Chowilla Dam	0	TRUE	Dam Controversies
don sahong dam	Don Sahong Dam	0	TRUE	Dam Controversies
elwha ecosystem restoration	Elwha Ecosystem Restoration	0	TRUE	Dam Controversies
franklin dam controversy	Franklin Dam controversy	0	TRUE	Dam Controversies
hatgyi dam	Hatgyi Dam	0	TRUE	Dam Controversies
hidroaysén	hidroaysén	0	TRUE	Dam Controversies
kaeng suea ten dam	Kaeng Suea Ten Dam	0	TRUE	Dam Controversies
mae wong dam	Mae Wong Dam	0	TRUE	Dam Controversies
myitsone dam	Myitsone Dam	0	TRUE	Dam Controversies
oldman river dam	Oldman River Dam	0	TRUE	Dam Controversies
risks to the glen canyon dam	Risks to the Glen Canyon Dam	0	TRUE	Dam Controversies
rogun dam	Rogun Dam	0	TRUE	Dam Controversies
São Luiz do Tapajós Dam	São Luiz do Tapajós Dam	0	TRUE	Dam Controversies
sanmenxia dam	Sanmenxia Dam	0	TRUE	Dam Controversies
sivens dam	Sivens Dam	0	TRUE	Dam Controversies
snail darter controversy	Snail darter controversy	0	TRUE	Dam Controversies
stung treng dam	Stung Treng Dam	0	TRUE	Dam Controversies
tamil nadu-kerala dam row	Tamil Nadu-Kerala dam row	0	TRUE	Dam Controversies
tasang dam	Tasang Dam	0	TRUE	Dam Controversies
tillegra dam proposal	Tillegra Dam proposal	0	TRUE	Dam Controversies
tocks island dam controversy	Tocks Island Dam controversy	0	TRUE	Dam Controversies
xayaburi dam	Xayaburi Dam	0	TRUE	Dam Controversies
xiaonanhai dam	Xiaonanhai Dam	0	TRUE	Dam Controversies
baram dam	Baram Dam	0	TRUE	Dam Controversies
belo monte dam	Belo Monte Dam	0	TRUE	Dam Controversies
gilgel gibe iii dam	Gilgel Gibe III Dam	0	TRUE	Dam Controversies
grand ethiopian renaissance dam	Grand Ethiopian Renaissance Dam	0	TRUE	Dam Controversies
houay ho dam	Houay Ho Dam	0	TRUE	Dam Controversies
ilısu dam	ilısu dam	0	TRUE	Dam Controversies
kalabagh dam	Kalabagh Dam	0	TRUE	Dam Controversies
kishanganga hydroelectric plant	Kishanganga Hydroelectric Plant	0	TRUE	Dam Controversies
mesochora dam	Mesochora Dam	0	TRUE	Dam Controversies
mullaperiyar dam	Mullaperiyar Dam	-1	TRUE	Dam Controversies
o'shaughnessy dam (california)	O'Shaughnessy Dam (California)	0	TRUE	Dam Controversies
red sea dam	Red Sea Dam	0	TRUE	Dam Controversies
sambor dam	Sambor Dam	0	TRUE	Dam Controversies
san clemente dam	San Clemente Dam	0	TRUE	Dam Controversies
searsville dam	Searsville Dam	0	TRUE	Dam Controversies
sykia dam	Sykia Dam	0	TRUE	Dam Controversies
three gorges dam	Three Gorges Dam	0	TRUE	Dam Controversies
dinosaur national monument	Dinosaur National Monument	0	TRUE	Dam Controversies
tipaimukh dam	Tipaimukh Dam	0	TRUE	Dam Controversies
2009 brazil and paraguay blackout	2009 Brazil and Paraguay blackout	0	FALSE	Energy Economics
2018 in brazil	2018 in Brazil	0	FALSE	Energy Economics
agriculture in brazil	Agriculture in Brazil	2	FALSE	Energy Economics
alemayehu tegenu	Alemayehu Tegenu	0	FALSE	Energy Economics
cogeneration	Cogeneration	0	FALSE	Energy Economics
combined cycle	Combined cycle	0	FALSE	Energy Economics
control of the national grid	Control of the National Grid	2	FALSE	Energy Economics
cost of electricity by source	Cost of electricity by source	1	FALSE	Energy Economics
demand response	Demand response	0	FALSE	Energy Economics
desertec	Desertec	0	FALSE	Energy Economics
dispatchable generation	Dispatchable generation	0	FALSE	Energy Economics
distributed generation	Distributed generation	2	FALSE	Energy Economics
economics of new nuclear power plants	Economics of new nuclear power plants	2	FALSE	Energy Economics
economics of nuclear power plants	Economics of nuclear power plants	0	FALSE	Energy Economics
economy of brazil	Economy of Brazil	2	FALSE	Energy Economics
electric power distribution	Electric power distribution	0	FALSE	Energy Economics
electricity	Electricity	2	FALSE	Energy Economics
electricity generation	Electricity generation	0	FALSE	Energy Economics
electricity market	Electricity market	0	FALSE	Energy Economics
electricity pricing	Electricity pricing	0	FALSE	Energy Economics
electricity sector in brazil	Electricity sector in Brazil	1	FALSE	Energy Economics
electricity sector in china	Electricity sector in China	2	FALSE	Energy Economics
energy conversion efficiency	Energy conversion efficiency	0	FALSE	Energy Economics
energy development	Energy development	0	FALSE	Energy Economics
energy economics	Energy economics	0	FALSE	Energy Economics
energy in ethiopia	Energy in Ethiopia	0	FALSE	Energy Economics
energy in greece	Energy in Greece	1	FALSE	Energy Economics
energy policy of brazil	Energy policy of Brazil	1	FALSE	Energy Economics
energy policy of china	Energy policy of China	1	FALSE	Energy Economics
energy policy of the european union	Energy policy of the European Union	2	FALSE	Energy Economics
energy returned on energy invested	Energy returned on energy invested	0	FALSE	Energy Economics
energy security and renewable technology	Energy security and renewable technology	2	FALSE	Energy Economics
energy storage	Energy storage	0	FALSE	Energy Economics
european super grid	European super grid	2	FALSE	Energy Economics
financial incentives for photovoltaics	Financial incentives for photovoltaics	0	FALSE	Energy Economics
geothermal heat pump	Geothermal heat pump	2	FALSE	Energy Economics
grid energy storage	Grid energy storage	0	FALSE	Energy Economics
grid parity	Grid parity	0	FALSE	Energy Economics
grid-tied electrical system	Grid-tied electrical system	0	FALSE	Energy Economics
high-voltage direct current	High-voltage direct current	2	FALSE	Energy Economics
hydraulic engineering	Hydraulic engineering	2	FALSE	Energy Economics
hydraulic fracturing in the united kingdom	Hydraulic fracturing in the United Kingdom	0	FALSE	Energy Economics
hydroelectricity	Hydroelectricity	1	FALSE	Energy Economics
intermittent energy source	Intermittent energy source	1	FALSE	Energy Economics
load management	Load management	0	FALSE	Energy Economics
load profile	Load profile	0	FALSE	Energy Economics
low-carbon economy	Low-carbon economy	2	FALSE	Energy Economics
macro-engineering	Macro-engineering	0	FALSE	Energy Economics
mekong river basin hydropower	Mekong River Basin Hydropower	1	FALSE	Energy Economics
national grid (great britain)	National Grid (Great Britain)	0	FALSE	Energy Economics
national grid (uk)	National Grid (UK)	2	FALSE	Energy Economics
national grid reserve service	National Grid Reserve Service	0	FALSE	Energy Economics
paris convention on third party liability in the field of nuclear energy	Paris Convention on Third Party Liability in the Field of Nuclear Energy	0	FALSE	Energy Economics
photovoltaics	Photovoltaics	0	FALSE	Energy Economics
plant efficiency	Plant efficiency	0	FALSE	Energy Economics
power station	Power station	0	FALSE	Energy Economics
relative cost of electricity generated by different sources	Relative cost of electricity generated by different sources	2	FALSE	Energy Economics
smart grid	Smart grid	2	FALSE	Energy Economics
spark spread	Spark spread	2	FALSE	Energy Economics
thermal power station	Thermal power station	0	FALSE	Energy Economics
three-phase electric power	Three-phase electric power	2	FALSE	Energy Economics
watt+volt	Watt+Volt	0	FALSE	Energy Economics
world energy consumption	World energy consumption	2	FALSE	Energy Economics
northeast blackout of 2003	Northeast Blackout of 2003	2	FALSE	Energy Economics
admie	ADMIE	0	FALSE	Energy Economics
taesa s.a.	Taesa S.A.	0	FALSE	Energy Economics
tennessee valley authority	Tennessee Valley Authority	0	FALSE	Energy Economics
aegean marine petroleum network inc.	Aegean Marine Petroleum Network Inc.	0	FALSE	Energy Economics
aegean oil	Aegean Oil	0	FALSE	Energy Economics
allai khwar hydropower project	Allai Khwar Hydropower Project	2	FALSE	Energy Economics
avin international	Avin International	0	FALSE	Energy Economics
bbc news	BBC News	1	FALSE	Energy Economics
china energy conservation investment corporation	China Energy Conservation Investment Corporation	2	FALSE	Energy Economics
colbún s.a.	Colbún S.A.	-1	FALSE	Energy Economics
depa	DEPA	0	FALSE	Energy Economics
desfa	DESFA	0	FALSE	Energy Economics
enel generación chile	Enel Generación Chile	-1	FALSE	Energy Economics
gek terna	GEK Terna	0	FALSE	Energy Economics
hellenic electricity distribution network operator	Hellenic Electricity Distribution Network Operator	0	FALSE	Energy Economics
hellenic petroleum	Hellenic Petroleum	0	FALSE	Energy Economics
heron s.a.	Heron S.A.	0	FALSE	Energy Economics
motor oil hellas	Motor Oil Hellas	0	FALSE	Energy Economics
pae / rae	PAE / RAE	0	FALSE	Energy Economics
project gaia	Project Gaia	2	FALSE	Energy Economics
public power corporation	Public Power Corporation	0	FALSE	Energy Economics
seka (oil company)	SEKA (oil company)	0	FALSE	Energy Economics
southwest energy	SouthWest Energy	0	FALSE	Energy Economics
tarek bin laden	Tarek bin Laden	0	FALSE	Energy Economics
terna energy	Terna Energy	0	FALSE	Energy Economics
drama coal mine	Drama coal mine	0	FALSE	Energy Sources
epsilon oil field	Epsilon oil field	0	FALSE	Energy Sources
ethanol fuel energy balance	Ethanol fuel energy balance	2	FALSE	Energy Sources
ethanol fuel in brazil	Ethanol fuel in Brazil	2	FALSE	Energy Sources
kovykta field	Kovykta field	0	FALSE	Energy Sources
megalopoli mine	Megalopoli Mine	0	FALSE	Energy Sources
ogaden basin	Ogaden Basin	0	FALSE	Energy Sources
prinos oil field	Prinos oil field	0	FALSE	Energy Sources
prometheus gas	Prometheus Gas	0	FALSE	Energy Sources
ptolemaida-florina coal mine	Ptolemaida-Florina coal mine	0	FALSE	Energy Sources
bioethanol	Bioethanol	2	FALSE	Energy Sources
ammonia	Ammonia	0	FALSE	Energy Sources
alkali soils	Alkali soils	2	FALSE	Energy Sources
basalt	Basalt	2	FALSE	Energy Sources
cay (volcano)	Cay (volcano)	-1	FALSE	Energy Sources
fossil fuel	Fossil fuel	2	FALSE	Energy Sources
morrison formation	Morrison Formation	0	FALSE	Energy Sources
natural gas field	Natural gas field	2	FALSE	Energy Sources
paleobiota of the morrison formation	Paleobiota of the Morrison Formation	2	FALSE	Energy Sources
peak oil	Peak oil	2	FALSE	Energy Sources
nuclear energy in greece	Nuclear energy in Greece	0	FALSE	Energy Sources
nuclear power in china	Nuclear power in China	0	FALSE	Energy Sources
nuclear power in france	Nuclear power in France	2	FALSE	Energy Sources
Energy Sources	Energy Sources	2	FALSE	Energy Sources
Energy Sources commercialization	Energy Sources commercialization	0	FALSE	Energy Sources
Energy Sources in brazil	Energy Sources in Brazil	0	FALSE	Energy Sources
Energy Sources in china	Energy Sources in China	-1	FALSE	Energy Sources
Energy Sources in ethiopia	Energy Sources in Ethiopia	0	FALSE	Energy Sources
Energy Sources in greece	Energy Sources in Greece	0	FALSE	Energy Sources
solar power	Solar power	0	FALSE	Energy Sources
solar power in china	Solar power in China	2	FALSE	Energy Sources
v2g	V2G	2	FALSE	Energy Sources
variable Energy Sources	Variable Energy Sources	2	FALSE	Energy Sources
water turbine	Water turbine	0	FALSE	Energy Sources
water wheel	Water wheel	0	FALSE	Energy Sources
wind power	Wind power	0	FALSE	Energy Sources
wind power in china	Wind power in China	0	FALSE	Energy Sources
wind power in greece	Wind power in Greece	0	FALSE	Energy Sources
solar power in greece	Solar power in Greece	0	FALSE	Energy Sources
fish barrier	Fish barrier	2	FALSE	Environmental Issues and Campaigns
fish ladder	Fish ladder	2	FALSE	Environmental Issues and Campaigns
salmon run	Salmon run	0	FALSE	Environmental Issues and Campaigns
salt marsh harvest mouse	Salt marsh harvest mouse	2	FALSE	Environmental Issues and Campaigns
san mateo woolly sunflower	San Mateo woolly sunflower	2	FALSE	Environmental Issues and Campaigns
conservation in brazil	Conservation in Brazil	0	FALSE	Environmental Issues and Campaigns
dam removal	Dam removal	0	FALSE	Environmental Issues and Campaigns
habitat conservation	Habitat conservation	0	FALSE	Environmental Issues and Campaigns
riparian zone restoration	Riparian zone restoration	2	FALSE	Environmental Issues and Campaigns
jullien's golden carp	Jullien's golden carp	-1	FALSE	Environmental Issues and Campaigns
pycnodontoidea	Pycnodontoidea	1	FALSE	Environmental Issues and Campaigns
2012 aysén protests	2012 Aysén protests	-1	FALSE	Environmental Issues and Campaigns
alta controversy	Alta controversy	2	FALSE	Environmental Issues and Campaigns
ilisu dam campaign	ilisu dam campaign	-1	FALSE	Environmental Issues and Campaigns
jean-pierre dutilleux	Jean-Pierre Dutilleux	2	FALSE	Environmental Issues and Campaigns
mark thomas	Mark Thomas	0	FALSE	Environmental Issues and Campaigns
raoni metuktire	Raoni Metuktire	1	FALSE	Environmental Issues and Campaigns
environmental impact of electricity generation	Environmental impact of electricity generation	0	FALSE	Environmental Issues and Campaigns
1979 machchhu dam failure	1979 Machchhu dam failure	1	FALSE	Environmental Issues and Campaigns
2018 kerala floods	2018 Kerala floods	2	FALSE	Environmental Issues and Campaigns
aral sea	Aral Sea	2	FALSE	Environmental Issues and Campaigns
climate change in china	Climate change in China	2	FALSE	Environmental Issues and Campaigns
dam failure	Dam failure	2	FALSE	Environmental Issues and Campaigns
deforestation in brazil	Deforestation in Brazil	1	FALSE	Environmental Issues and Campaigns
deforestation in ethiopia	Deforestation in Ethiopia	2	FALSE	Environmental Issues and Campaigns
deforestation of the amazon rainforest	Deforestation of the Amazon Rainforest	-1	FALSE	Environmental Issues and Campaigns
effects of global warming	Effects of global warming	2	FALSE	Environmental Issues and Campaigns
environment of brazil	Environment of Brazil	0	FALSE	Environmental Issues and Campaigns
environment of china	Environment of China	2	FALSE	Environmental Issues and Campaigns
environmental concerns with electricity generation	Environmental concerns with electricity generation	2	FALSE	Environmental Issues and Campaigns
environmental impact of irrigation	Environmental impact of irrigation	2	FALSE	Environmental Issues and Campaigns
environmental impact of reservoirs	Environmental impact of reservoirs	1	FALSE	Environmental Issues and Campaigns
environmental issue	Environmental issue	0	FALSE	Environmental Issues and Campaigns
environmental issues in brazil	Environmental issues in Brazil	2	FALSE	Environmental Issues and Campaigns
environmental racism	Environmental racism	2	FALSE	Environmental Issues and Campaigns
indirect land use change impacts of biofuels	Indirect land use change impacts of biofuels	0	FALSE	Environmental Issues and Campaigns
mekong river massacre	Mekong River massacre	2	FALSE	Environmental Issues and Campaigns
pollution in china	Pollution in China	2	FALSE	Environmental Issues and Campaigns
Energy Sources debate	Energy Sources debate	2	FALSE	Environmental Issues and Campaigns
tasmania's wilderness battles	Tasmania's Wilderness Battles	-1	FALSE	Environmental Issues and Campaigns
xcel company fire	Xcel Company Fire	2	FALSE	Environmental Issues and Campaigns
soil salinity control	Soil salinity control	2	FALSE	Environmental Issues and Campaigns
endangered species act amendments of 1978	Endangered Species Act Amendments of 1978	0	FALSE	Environmental Issues and Campaigns
endangered species act of 1973	Endangered Species Act of 1973	0	FALSE	Environmental Issues and Campaigns
babbitt v. sweet home chapter of communities for a great oregon	Babbitt v. Sweet Home Chapter of Communities for a Great Oregon	0	FALSE	Environmental Issues and Campaigns
commonwealth v tasmania	Commonwealth v Tasmania	-1	FALSE	Environmental Issues and Campaigns
comparisons of life-cycle greenhouse gas emissions	Comparisons of life-cycle greenhouse gas emissions	2	FALSE	Environmental Issues and Campaigns
environmental governance in brazil	Environmental governance in Brazil	0	FALSE	Environmental Issues and Campaigns
selective logging in the amazon rainforest	Selective logging in the Amazon rainforest	0	FALSE	Environmental Issues and Campaigns
tennessee valley authority v. hill	Tennessee Valley Authority v. Hill	-1	FALSE	Environmental Issues and Campaigns
conservation (ethic)	Conservation (ethic)	2	FALSE	Environmental Issues and Campaigns
brazilian institute of environment and renewable natural resources	Brazilian Institute of Environment and Renewable Natural Resources	-1	FALSE	Environmental Issues and Campaigns
gms environment operations center	GMS Environment Operations Center	2	FALSE	Environmental Issues and Campaigns
greater mekong sub-region academic and research network	Greater Mekong Sub-region Academic and Research Network	2	FALSE	Environmental Issues and Campaigns
international union for conservation of nature	International Union for Conservation of Nature	2	FALSE	Environmental Issues and Campaigns
iucn red list	IUCN Red List	2	FALSE	Environmental Issues and Campaigns
lake pedder action committee	Lake Pedder Action Committee	-1	FALSE	Environmental Issues and Campaigns
mekong river commission	Mekong River Commission	2	FALSE	Environmental Issues and Campaigns
rainforest foundation fund	Rainforest Foundation Fund	0	FALSE	Environmental Issues and Campaigns
rainforest foundation us	Rainforest Foundation US	0	FALSE	Environmental Issues and Campaigns
lower elwha klallam tribe	Lower Elwha Klallam Tribe	-1	FALSE	Human Geography
al noor city	Al Noor City	0	FALSE	Human Geography
altamira, parà	Altamira, Parà	-1	FALSE	Human Geography
amazònia legal	Amazònia Legal	0	FALSE	Human Geography
batman province	Batman Province	0	FALSE	Human Geography
china	China	2	FALSE	Human Geography
coffee plantation	Coffee plantation	2	FALSE	Human Geography
coffee production in brazil	Coffee production in Brazil	2	FALSE	Human Geography
deerpark, new york	Deerpark, New York	0	FALSE	Human Geography
dinosaur, colorado	Dinosaur, Colorado	-1	FALSE	Human Geography
fuling district	Fuling District	0	FALSE	Human Geography
greater mekong subregion	Greater Mekong Subregion	2	FALSE	Human Geography
hasankeyf	Hasankeyf	0	FALSE	Human Geography
hisar (city)	Hisar (city)	2	FALSE	Human Geography
history of brazil	History of Brazil	2	FALSE	Human Geography
ilisu	ilisu	0	FALSE	Human Geography
indigenous peoples in brazil	Indigenous peoples in Brazil	-1	FALSE	Human Geography
indochina	Indochina	2	FALSE	Human Geography
kachin state	Kachin State	-1	FALSE	Human Geography
kalabagh	Kalabagh	-1	FALSE	Human Geography
ladakh	Ladakh	0	FALSE	Human Geography
lagie	LAGIE	0	FALSE	Human Geography
laguna creek (san mateo county)	Laguna Creek (San Mateo County)	0	FALSE	Human Geography
mae wong district	Mae Wong District	-1	FALSE	Human Geography
mekong	Mekong	0	FALSE	Human Geography
mekong expedition of 1866-1868	Mekong Expedition of 1866-1868	2	FALSE	Human Geography
narmada district	Narmada district	0	FALSE	Human Geography
ohlone	Ohlone	2	FALSE	Human Geography
orange county, new york	Orange County, New York	0	FALSE	Human Geography
Paris	Paris	-1	FALSE	Human Geography
pinjore	Pinjore	2	FALSE	Human Geography
qattara depression	Qattara Depression	2	FALSE	Human Geography
ramban district	Ramban district	0	FALSE	Human Geography
roghun	Roghun	-1	FALSE	Human Geography
sapta sindhu	Sapta Sindhu	2	FALSE	Human Geography
searsville, california	Searsville, California	-1	FALSE	Human Geography
surajkund	Surajkund	2	FALSE	Human Geography
vernal, utah	Vernal, Utah	-1	FALSE	Human Geography
water supply terrorism	Water supply terrorism	2	FALSE	Hydropolitics and Water Issues
ashwander v. tennessee valley authority	Ashwander v. Tennessee Valley Authority	0	FALSE	Hydropolitics and Water Issues
balimela reservoir	Balimela Reservoir	2	FALSE	Hydropolitics and Water Issues
blue gold	Blue Gold	0	FALSE	Hydropolitics and Water Issues
blue gold: world water wars	Blue Gold: World Water Wars	0	FALSE	Hydropolitics and Water Issues
drainage law	Drainage law	0	FALSE	Hydropolitics and Water Issues
fair river sharing	Fair river sharing	2	FALSE	Hydropolitics and Water Issues
geopolitics	Geopolitics	0	FALSE	Hydropolitics and Water Issues
godavari water disputes tribunal	Godavari Water Disputes Tribunal	1	FALSE	Hydropolitics and Water Issues
hydropolitics in the nile basin	Hydropolitics in the Nile Basin	2	FALSE	Hydropolitics and Water Issues
indus waters treaty	Indus Waters Treaty	-1	FALSE	Hydropolitics and Water Issues
internal waters	Internal waters	2	FALSE	Hydropolitics and Water Issues
international rivers	International Rivers	2	FALSE	Hydropolitics and Water Issues
international waters	International waters	2	FALSE	Hydropolitics and Water Issues
interstate river water disputes act	Interstate River Water Disputes Act	0	FALSE	Hydropolitics and Water Issues
irrigation in brazil	Irrigation in Brazil	2	FALSE	Hydropolitics and Water Issues
irrigation in india	Irrigation in India	2	FALSE	Hydropolitics and Water Issues
kaveri river water dispute	Kaveri River water dispute	0	FALSE	Hydropolitics and Water Issues
krishna water disputes tribunal	Krishna Water Disputes Tribunal	0	FALSE	Hydropolitics and Water Issues
national water policy	National Water Policy	0	FALSE	Hydropolitics and Water Issues
nile basin initiative	Nile Basin Initiative	0	FALSE	Hydropolitics and Water Issues
right to water	Right to water	2	FALSE	Hydropolitics and Water Issues
the helsinki rules on the uses of the waters of international rivers	The Helsinki Rules on the Uses of the Waters of International Rivers	0	FALSE	Hydropolitics and Water Issues
united states groundwater law	United States groundwater law	0	FALSE	Hydropolitics and Water Issues
water conflict	Water conflict	0	FALSE	Hydropolitics and Water Issues
water conflict between ethiopia and kenya	Water conflict between Ethiopia and Kenya	1	FALSE	Hydropolitics and Water Issues
water conflict in the middle east and north africa	Water conflict in the Middle East and North Africa	0	FALSE	Hydropolitics and Water Issues
water crisis in the democratic republic of the congo	Water crisis in the Democratic Republic of the Congo	0	FALSE	Hydropolitics and Water Issues
water diplomacy	Water diplomacy	0	FALSE	Hydropolitics and Water Issues
water exports	Water exports	2	FALSE	Hydropolitics and Water Issues
water law	Water law	2	FALSE	Hydropolitics and Water Issues
water management	Water management	2	FALSE	Hydropolitics and Water Issues
water politics	Water politics	1	FALSE	Hydropolitics and Water Issues
water politics in the nile basin	Water politics in the Nile Basin	1	FALSE	Hydropolitics and Water Issues
water right	Water right	2	FALSE	Hydropolitics and Water Issues
amir mohammad khan	Amir Mohammad Khan	-1	FALSE	Hydropolitics and Water Issues
awami national party	Awami National Party	-1	FALSE	Hydropolitics and Water Issues
howard baker	Howard Baker	-1	FALSE	Hydropolitics and Water Issues
india-Pakistan relations	india-Pakistan relations	2	FALSE	Hydropolitics and Water Issues
national youth organisation (pakistan)	National Youth Organisation (Pakistan)	-1	FALSE	Hydropolitics and Water Issues
water resources in india	Water Resources in India	2	FALSE	Hydropolitics and Water Issues
water resources management in brazil	Water resources management in Brazil	0	FALSE	Hydropolitics and Water Issues
water resources management in modern egypt	Water resources management in modern Egypt	2	FALSE	Hydropolitics and Water Issues
waterborne diseases	Waterborne diseases	2	FALSE	Hydropolitics and Water Issues
micro credit for Hydropolitics and Water Issues	Micro credit for Hydropolitics and Water Issues	2	FALSE	Hydropolitics and Water Issues
san francisco public utilities commission	San Francisco Public Utilities Commission	0	FALSE	Hydropolitics and Water Issues
water in ethiopia	Water in Ethiopia	1	FALSE	Hydropolitics and Water Issues
water resource management	Water resource management	0	FALSE	Hydropolitics and Water Issues
water scarcity in africa	Water scarcity in Africa	0	FALSE	Hydropolitics and Water Issues
Hydropolitics and Water Issues in brazil	Hydropolitics and Water Issues in Brazil	2	FALSE	Hydropolitics and Water Issues
Hydropolitics and Water Issues in ethiopia	Hydropolitics and Water Issues in Ethiopia	0	FALSE	Hydropolitics and Water Issues
Hydropolitics and Water Issues in sub-saharan africa	Hydropolitics and Water Issues in Sub-Saharan Africa	2	FALSE	Hydropolitics and Water Issues
gomal zam dam	Gomal Zam Dam	2	FALSE	Infrastructure
kulamavu dam	Kulamavu Dam	2	FALSE	Infrastructure
revithoussa lng terminal	Revithoussa LNG Terminal	0	FALSE	Infrastructure
akosombo dam	Akosombo Dam	2	FALSE	Infrastructure
aswan high dam	Aswan High Dam	2	FALSE	Infrastructure
bhakra dam	Bhakra Dam	2	FALSE	Infrastructure
satpara dam	Satpara Dam	2	FALSE	Infrastructure
srisailam dam	Srisailam Dam	2	FALSE	Infrastructure
banqiao dam	Banqiao Dam	2	FALSE	Infrastructure
indira gandhi canal	Indira Gandhi Canal	2	FALSE	Infrastructure
nagarjuna sagar dam	Nagarjuna Sagar Dam	2	FALSE	Infrastructure
nam ngum dam	Nam Ngum Dam	2	FALSE	Infrastructure
nizam sagar	Nizam Sagar	2	FALSE	Infrastructure
ranjit sagar dam project	Ranjit Sagar Dam Project	2	FALSE	Infrastructure
salt water barrier (delaware river)	Salt Water Barrier (Delaware River)	1	FALSE	Infrastructure
sunda strait bridge	Sunda Strait Bridge	2	FALSE	Infrastructure
tarbela dam	Tarbela Dam	2	FALSE	Infrastructure
yali falls dam	Yali Falls Dam	2	FALSE	Infrastructure
agios dimitrios power plant	Agios Dimitrios Power Plant	0	FALSE	Infrastructure
amyntaio power plant	Amyntaio Power Plant	0	FALSE	Infrastructure
aswan dam	Aswan Dam	0	FALSE	Infrastructure
atlantropa	Atlantropa	-1	FALSE	Infrastructure
baglihar dam	Baglihar Dam	-1	FALSE	Infrastructure
baiheliang	Baiheliang	0	FALSE	Infrastructure
baku-tbilisi-ceyhan pipeline	Baku-Tbilisi-Ceyhan pipeline	2	FALSE	Infrastructure
beles hydroelectric power plant	Beles Hydroelectric Power Plant	0	FALSE	Infrastructure
bridge of the horns	Bridge of the Horns	1	FALSE	Infrastructure
central asia-china gas pipeline	Central Asia-China gas pipeline	0	FALSE	Infrastructure
chania power station	Chania Power Station	0	FALSE	Infrastructure
cheruthoni dam	Cheruthoni Dam	0	FALSE	Infrastructure
cuddebackville dam	Cuddebackville Dam	-1	FALSE	Infrastructure
dam 999	Dam 999	-1	FALSE	Infrastructure
dams and reservoirs in ethiopia	Dams and reservoirs in Ethiopia	0	FALSE	Infrastructure
dowleswaram barrage	Dowleswaram Barrage	0	FALSE	Infrastructure
dul hasti hydroelectric plant	Dul Hasti Hydroelectric Plant	0	FALSE	Infrastructure
elwha dam	Elwha Dam	0	FALSE	Infrastructure
fincha hydroelectric power station	Fincha Hydroelectric Power Station	0	FALSE	Infrastructure
ganges canal	Ganges Canal	2	FALSE	Infrastructure
ganges canal (rajasthan)	Ganges Canal (Rajasthan)	2	FALSE	Infrastructure
gibraltar bridge	Gibraltar Bridge	2	FALSE	Infrastructure
gilgel gibe ii power station	Gilgel Gibe II Power Station	0	FALSE	Infrastructure
godavari river basin irrigation projects	Godavari River Basin Irrigation Projects	0	FALSE	Infrastructure
hathni kund barrage	Hathni Kund Barrage	2	FALSE	Infrastructure
icchampally project	Icchampally Project	0	FALSE	Infrastructure
idukki dam	Idukki Dam	1	FALSE	Infrastructure
indian rivers inter-link	Indian Rivers Inter-link	0	FALSE	infrastructure
inland waterways of india	Inland waterways of India	2	FALSE	Infrastructure
intercontinental and transoceanic fixed links	Intercontinental and transoceanic fixed links	0	FALSE	Infrastructure
itaipu dam	Itaipu Dam	-1	FALSE	Infrastructure
jalaput dam	Jalaput Dam	0	FALSE	Infrastructure
kalamata-pyrgos-patras line	Kalamata-Pyrgos-Patras Line	0	FALSE	Infrastructure
kastraki dam	Kastraki Dam	0	FALSE	Infrastructure
kremasta dam	Kremasta Dam	0	FALSE	Infrastructure
lisle-sur-tarn	Lisle-sur-Tarn	-1	FALSE	Infrastructure
megalopoli power plant	Megalopoli Power Plant	0	FALSE	Infrastructure
megaproject	Megaproject	2	FALSE	Infrastructure
melka wakena hydroelectric power station	Melka Wakena Hydroelectric Power Station	0	FALSE	Infrastructure
motor-generator	Motor-generator	2	FALSE	Infrastructure
national water carrier of israel	National Water Carrier of Israel	0	FALSE	Infrastructure
neelum-jhelum hydropower plant	Neelum-Jhelum Hydropower Plant	1	FALSE	Infrastructure
oldman river hydroelectric plant	Oldman River Hydroelectric Plant	-1	FALSE	Infrastructure
pakal dul dam	Pakal Dul Dam	0	FALSE	Infrastructure
plastiras dam	Plastiras Dam	0	FALSE	Infrastructure
polavaram project	Polavaram Project	0	FALSE	Infrastructure
qatar‚bahrain friendship bridge	qatar‚bahrain friendship bridge	2	FALSE	Infrastructure
qattara depression project	Qattara Depression Project	1	FALSE	Infrastructure
ratle hydroelectric plant	Ratle Hydroelectric Plant	0	FALSE	Infrastructure
salal hydroelectric power station	Salal Hydroelectric Power Station	-1	FALSE	Infrastructure
sarawak corridor of Energy Sources	Sarawak Corridor of Energy Sources	-1	FALSE	Infrastructure
saudi-egypt causeway	Saudi-Egypt Causeway	2	FALSE	Infrastructure
saudi-egypt causeway	Saudi-Egypt Causeway	0	FALSE	Infrastructure
seneca dam	Seneca Dam	-1	FALSE	Infrastructure
sivand dam	Sivand Dam	-1	FALSE	Infrastructure
sodo-moyale-suswa high voltage power line	Sodo-Moyale-Suswa High Voltage Power Line	0	FALSE	Infrastructure
southeastern anatolia project	Southeastern Anatolia Project	0	FALSE	Infrastructure
sriram sagar project	Sriram Sagar Project	0	FALSE	Infrastructure
strait of gibraltar crossing	Strait of Gibraltar crossing	0	FALSE	Infrastructure
strait of messina bridge	Strait of Messina Bridge	2	FALSE	Infrastructure
stratos dam	Stratos Dam	0	FALSE	Infrastructure
sunol water temple	Sunol Water Temple	0	FALSE	Infrastructure
sutlej yamuna link canal	Sutlej Yamuna link canal	1	FALSE	Infrastructure
"Tekezé Dam
"	"Tekezé Dam
"	0	FALSE	Infrastructure
tellico dam	Tellico Dam	-1	FALSE	Infrastructure
thisavros dam	Thisavros Dam	0	FALSE	Infrastructure
transport in djibouti	Transport in Djibouti	2	FALSE	Infrastructure
tungabhadra dam	Tungabhadra Dam	2	FALSE	Infrastructure
ubol ratana dam	Ubol Ratana Dam	0	FALSE	Infrastructure
upper ganges canal expressway	Upper Ganges Canal Expressway	2	FALSE	Infrastructure
xingu-estreito hvdc transmission line	Xingu-Estreito HVDC transmission line	1	FALSE	Infrastructure
kaushalya dam	Kaushalya Dam	2	FALSE	Infrastructure
kaveri-vaigai link canal	kaveri-vaigai link canal	2	FALSE	Infrastructure
se san	Se San	2	FALSE	Natural Water Resources and Protected Areas
hetch hetchy valley	Hetch Hetchy Valley	2	FALSE	Natural Water Resources and Protected Areas
narmada river	Narmada River	1	FALSE	Natural Water Resources and Protected Areas
palar river	Palar River	2	FALSE	Natural Water Resources and Protected Areas
pulicat lake	Pulicat Lake	2	FALSE	Natural Water Resources and Protected Areas
rivers of india	Rivers of India	2	FALSE	Natural Water Resources and Protected Areas
stung sen river	Stung Sen River	2	FALSE	Natural Water Resources and Protected Areas
vamsadhara river	Vamsadhara River	2	FALSE	Natural Water Resources and Protected Areas
yamuna	Yamuna	2	FALSE	Natural Water Resources and Protected Areas
amazon rainforest	Amazon rainforest	2	FALSE	Natural Water Resources and Protected Areas
bab-el-mandeb	Bab-el-Mandeb	-1	FALSE	Natural Water Resources and Protected Areas
blue bird lake	Blue Bird Lake	2	FALSE	Natural Water Resources and Protected Areas
cauvery river	Cauvery river	2	FALSE	Natural Water Resources and Protected Areas
chenab river	Chenab River	0	FALSE	Natural Water Resources and Protected Areas
corte madera creek (san mateo county, california)	Corte Madera Creek (San Mateo County, California)	-1	FALSE	Natural Water Resources and Protected Areas
crystal springs park, california	Crystal Springs Park, California	2	FALSE	Natural Water Resources and Protected Areas
fossil butte national monument	Fossil Butte National Monument	-1	FALSE	Natural Water Resources and Protected Areas
gidabo river	Gidabo River	0	FALSE	Natural Water Resources and Protected Areas
godavari river	Godavari River	0	FALSE	Natural Water Resources and Protected Areas
green river (colorado river tributary)	Green River (Colorado River tributary)	-1	FALSE	Natural Water Resources and Protected Areas
helmand river	Helmand River	-1	FALSE	Natural Water Resources and Protected Areas
hetch hetchy	Hetch Hetchy	0	FALSE	Natural Water Resources and Protected Areas
indus river	Indus River	0	FALSE	Natural Water Resources and Protected Areas
jhelum river	Jhelum River	0	FALSE	Natural Water Resources and Protected Areas
kong river	Kong River	2	FALSE	Natural Water Resources and Protected Areas
little rann of kutch	Little Rann of Kutch	2	FALSE	Natural Water Resources and Protected Areas
machchhu river	Machchhu River	0	FALSE	Natural Water Resources and Protected Areas
mekong delta	Mekong Delta	2	FALSE	Natural Water Resources and Protected Areas
nagavali river	Nagavali River	2	FALSE	Natural Water Resources and Protected Areas
neversink preserve	Neversink Preserve	0	FALSE	Natural Water Resources and Protected Areas
neversink river	Neversink River	0	FALSE	Natural Water Resources and Protected Areas
nile	Nile	0	FALSE	Natural Water Resources and Protected Areas
okhla sanctuary	Okhla Sanctuary	2	FALSE	Natural Water Resources and Protected Areas
penner river	Penner River	2	FALSE	Natural Water Resources and Protected Areas
ravi river	Ravi River	0	FALSE	Natural Water Resources and Protected Areas
red sea	Red Sea	-1	FALSE	Natural Water Resources and Protected Areas
rivers of jammu and kashmir	Rivers of Jammu and Kashmir	1	FALSE	Natural Water Resources and Protected Areas
sahara sea	Sahara Sea	2	FALSE	Natural Water Resources and Protected Areas
salton sea	Salton Sea	2	FALSE	Natural Water Resources and Protected Areas
san andreas creek	San Andreas Creek	0	FALSE	Natural Water Resources and Protected Areas
san francisquito creek	San Francisquito Creek	1	FALSE	Natural Water Resources and Protected Areas
san mateo creek (san francisco bay area)	San Mateo Creek (San Francisco Bay Area)	1	FALSE	Natural Water Resources and Protected Areas
strait of gibraltar	Strait of Gibraltar	0	FALSE	Natural Water Resources and Protected Areas
tajewala barrage	Tajewala Barrage	2	FALSE	Natural Water Resources and Protected Areas
territorial waters	Territorial waters	2	FALSE	Natural Water Resources and Protected Areas
three gorges	Three Gorges	0	FALSE	Natural Water Resources and Protected Areas
tonlé sap	Tonlé Sap	0	FALSE	Natural Water Resources and Protected Areas
tonle sap	Tonle Sap	2	FALSE	Natural Water Resources and Protected Areas
raoni	Raoni	0	FALSE	Other
baiheliang underwater museum	Baiheliang Underwater Museum	1	FALSE	Other
chongqing science and technology museum	Chongqing Science and Technology Museum	0	FALSE	Other
chongqing zoo	Chongqing Zoo	2	FALSE	Other
pulgas water temple	Pulgas Water Temple	1	FALSE	Other
three gorges museum	Three Gorges Museum	0	FALSE	Other
academy award	Academy Award	2	FALSE	Other
academy award for documentary feature	Academy Award for Documentary Feature	2	FALSE	Other
brittle power	Brittle Power	2	FALSE	Other
documentary film	documentary film	2	FALSE	Other
dong (film)	Dong (film)	-1	FALSE	Other
invasion of the sea	Invasion of the Sea	0	FALSE	Other
luiz carlos saldanha	Luiz Carlos Saldanha	2	FALSE	Other
damnation	DamNation	2	FALSE	Other