source	target	depth
2009 brazil and paraguay blackout	electricity sector in brazil	1
2012 aysén protests	hidroaysén	0
2018 in brazil	deforestation in brazil	1
admie	energy in greece	1
aegean marine petroleum network inc.	energy in greece	1
aegean oil	energy in greece	1
agios dimitrios power plant	energy in greece	1
al noor city	bridge of the horns	1
alemayehu tegenu	energy in ethiopia	1
altamira, pará	belo monte dam	0
amazónia legal	deforestation in brazil	1
amir mohammad khan	kalabagh dam	0
ammonia	cost of electricity by source	1
amyntaio power plant	energy in greece	1
ashwander v. tennessee valley authority	tennessee valley authority v. hill	1
aswan dam	water politics in the nile basin	1
atlantropa	red sea dam	2
atlantropa	aral sea	2
atlantropa	strait of gibraltar crossing	2
atlantropa	megaproject	2
atlantropa	three gorges dam	2
atlantropa	intercontinental and transoceanic fixed links	2
avin international	energy in greece	1
awami national party	kalabagh dam	0
bab-el-mandeb	red sea dam	0
babbitt v. sweet home chapter of communities for a great oregon	tennessee valley authority v. hill	1
baglihar dam	ratle hydroelectric plant	2
baglihar dam	kishanganga hydroelectric plant	2
baglihar dam	salal hydroelectric power station	2
baglihar dam	rivers of jammu and kashmir	2
baiheliang	baiheliang underwater museum	1
baiheliang underwater museum	baiheliang	2
baram dam	environmental impact of reservoirs	1
batman province	ilısu dam campaign	1
batman province	southeastern anatolia project	1
beles hydroelectric power plant	water politics in the nile basin	1
beles hydroelectric power plant	energy in ethiopia	1
beles hydroelectric power plant	water in ethiopia	1
belo monte dam	cost of electricity by source	1
belo monte dam	deforestation in brazil	1
belo monte dam	energy policy of brazil	1
belo monte dam	electricity sector in brazil	1
belo monte dam	hydroelectricity	1
belo monte dam	intermittent energy source	1
belo monte dam	raoni metuktire	1
belo monte dam	xingu-estreito hvdc transmission line	1
blue gold	water politics	1
blue gold: world water wars	water politics	1
brazilian institute of environment and renewable natural resources	belo monte dam	0
bridge of the horns	al noor city	2
bridge of the horns	transport in djibouti	2
bridge of the horns	saudi-egypt causeway	2
bridge of the horns	qatar-bahrain friendship bridge	2
bridge of the horns	gibraltar bridge	2
bridge of the horns	sunda strait bridge	2
bridge of the horns	strait of messina bridge	2
bridge of the horns	intercontinental and transoceanic fixed links	2
cay (volcano)	hidroaysén	0
central asia-china gas pipeline	energy policy of china	1
chania power station	energy in greece	1
chenab river	ravi river	1
chenab river	rivers of jammu and kashmir	1
cheruthoni dam	idukki dam	1
chongqing science and technology museum	three gorges museum	1
cogeneration	cost of electricity by source	1
colbún s.a.	hidroaysén	0
combined cycle	cost of electricity by source	1
commonwealth v tasmania	franklin dam controversy	0
conservation in brazil	deforestation in brazil	1
corte madera creek (san mateo county, california)	searsville dam	0
cost of electricity by source	electricity pricing	2
cost of electricity by source	comparisons of life-cycle greenhouse gas emissions	2
cost of electricity by source	distributed generation	2
cost of electricity by source	economics of new nuclear power plants	2
cost of electricity by source	demand response	2
cost of electricity by source	intermittent energy source	2
cost of electricity by source	national grid reserve service	2
cost of electricity by source	nuclear power in france	2
cost of electricity by source	national grid (great britain)	2
cost of electricity by source	environmental concerns with electricity generation	2
cost of electricity by source	grid parity	2
cuddebackville dam	iucn red list	2
cuddebackville dam	neversink preserve	2
cuddebackville dam	international union for conservation of nature	2
cuddebackville dam	conservation (ethic)	2
cuddebackville dam	dam removal	2
cuddebackville dam	elwha ecosystem restoration	2
dam 999	mullaperiyar dam	0
dam 999	tamil nadu-kerala dam row	0
dam removal	dam failure	2
dam removal	environmental impact of reservoirs	2
dam removal	riparian zone restoration	2
dam removal	damnation	2
dams and reservoirs in ethiopia	energy in ethiopia	2
dams and reservoirs in ethiopia	water politics in the nile basin	2
dams and reservoirs in ethiopia	Hydropolitics and Water Issues in ethiopia	2
deerpark, new york	cuddebackville dam	1
deforestation in brazil	deforestation of the amazon rainforest	2
deforestation in brazil	amazon rainforest	2
deforestation in brazil	environment of brazil	2
deforestation in brazil	Environmental Issues and Campaigns in brazil	2
deforestation in brazil	2018 in brazil	2
deforestation in brazil	agriculture in brazil	2
deforestation in brazil	coffee plantation	2
deforestation in brazil	coffee production in brazil	2
deforestation of the amazon rainforest	belo monte dam	0
demand response	intermittent energy source	1
depa	energy in greece	1
desertec	intermittent energy source	1
desfa	energy in greece	1
dinosaur national monument	pycnodontoidea	1
dinosaur, colorado	dinosaur national monument	0
dispatchable generation	intermittent energy source	1
dong (film)	three gorges dam	0
dowleswaram barrage	godavari water disputes tribunal	1
drainage law	water politics	1
drama coal mine	energy in greece	1
dul hasti hydroelectric plant	ratle hydroelectric plant	1
economics of nuclear power plants	cost of electricity by source	1
electric power distribution	cost of electricity by source	1
electricity generation	cost of electricity by source	1
electricity market	cost of electricity by source	1
electricity pricing	cost of electricity by source	1
electricity sector in brazil	2009 brazil and paraguay blackout	2
electricity sector in brazil	economy of brazil	2
electricity sector in brazil	energy policy of brazil	2
electricity sector in brazil	ethanol fuel in brazil	2
electricity sector in brazil	Hydropolitics and Water Issues in brazil	2
electricity sector in brazil	water resources management in brazil	2
electricity sector in brazil	irrigation in brazil	2
electricity sector in brazil	environment of brazil	2
electricity sector in brazil	history of brazil	2
elwha dam	dam removal	1
elwha ecosystem restoration	cuddebackville dam	1
endangered species act amendments of 1978	tennessee valley authority v. hill	1
endangered species act of 1973	tennessee valley authority v. hill	1
enel generación chile	hidroaysén	0
energy conversion efficiency	cost of electricity by source	1
energy development	energy policy of china	1
energy development	energy policy of brazil	1
energy economics	cost of electricity by source	1
energy in ethiopia	cost of electricity by source	2
energy in ethiopia	energy returned on energy invested	2
energy in ethiopia	Energy Sources	2
energy in ethiopia	deforestation in ethiopia	2
energy in ethiopia	electricity	2
energy in ethiopia	Energy Sources in ethiopia	2
energy in ethiopia	dams and reservoirs in ethiopia	2
energy in ethiopia	bioethanol	2
energy in ethiopia	project gaia	2
energy in ethiopia	ethanol fuel energy balance	2
energy in ethiopia	fossil fuel	2
energy in ethiopia	natural gas field	2
energy in ethiopia	ogaden basin	2
energy in greece	energy policy of the european union	2
energy policy of china	climate change in china	2
energy policy of china	china energy conservation investment corporation	2
energy policy of china	environment of china	2
energy policy of china	electricity sector in china	2
energy policy of china	low-carbon economy	2
energy policy of china	peak oil	2
energy policy of china	pollution in china	2
energy policy of china	Energy Sources in china	2
energy policy of china	wind power in china	2
energy policy of china	solar power in china	2
energy policy of china	nuclear power in china	2
energy policy of china	economics of nuclear power plants	2
energy policy of china	world energy consumption	2
energy returned on energy invested	cost of electricity by source	1
energy storage	intermittent energy source	1
environment of brazil	deforestation in brazil	1
environmental governance in brazil	deforestation in brazil	1
environmental impact of electricity generation	cost of electricity by source	1
environmental impact of reservoirs	akosombo dam	2
environmental impact of reservoirs	alta controversy	2
environmental impact of reservoirs	environmental impact of irrigation	2
environmental impact of reservoirs	environmental racism	2
environmental impact of reservoirs	fish barrier	2
environmental impact of reservoirs	fish ladder	2
environmental impact of reservoirs	Energy Sources debate	2
environmental issue	environmental impact of reservoirs	1
epsilon oil field	energy in greece	1
financial incentives for photovoltaics	cost of electricity by source	1
fincha hydroelectric power station	energy in ethiopia	1
fossil butte national monument	dinosaur national monument	0
fuling district	baiheliang underwater museum	1
gek terna	energy in greece	1
geopolitics	water politics	1
gidabo river	dams and reservoirs in ethiopia	1
gilgel gibe ii power station	energy in ethiopia	1
gilgel gibe iii dam	energy in ethiopia	1
gilgel gibe iii dam	dams and reservoirs in ethiopia	1
gilgel gibe iii dam	water in ethiopia	1
gilgel gibe iii dam	water conflict between ethiopia and kenya	1
gilgel gibe iii dam	bbc news	1
godavari river	godavari water disputes tribunal	1
godavari river basin irrigation projects	godavari water disputes tribunal	1
godavari water disputes tribunal	indian rivers inter-link	2
godavari water disputes tribunal	icchampally project	2
godavari water disputes tribunal	godavari river basin irrigation projects	2
godavari water disputes tribunal	kaveri river water dispute	2
godavari water disputes tribunal	basalt	2
grand ethiopian renaissance dam	water politics	1
grand ethiopian renaissance dam	Energy Sources in ethiopia	1
grand ethiopian renaissance dam	dams and reservoirs in ethiopia	1
grand ethiopian renaissance dam	water politics in the nile basin	1
green river (colorado river tributary)	dinosaur national monument	0
grid energy storage	cost of electricity by source	1
grid parity	cost of electricity by source	1
grid-tied electrical system	cost of electricity by source	1
habitat conservation	environmental impact of reservoirs	1
hasankeyf	ilısu dam campaign	1
hasankeyf	southeastern anatolia project	1
hellenic electricity distribution network operator	energy in greece	1
hellenic petroleum	energy in greece	1
helmand river	kamal khan dam	0
heron s.a.	energy in greece	1
hetch hetchy	san francisco public utilities commission	1
houay ho dam	mekong	1
houay ho dam	mekong river basin hydropower	1
howard baker	snail darter controversy	0
hydraulic fracturing in the united kingdom	cost of electricity by source	1
hydroelectricity	hydraulic engineering	2
hydroelectricity	international rivers	2
hydroelectricity	xcel company fire	2
icchampally project	godavari water disputes tribunal	1
idukki dam	2018 kerala floods	2
idukki dam	kulamavu dam	2
idukki dam	cheruthoni dam	2
ilısu 	ilısu 	1
ilısu dam	ilısu dam campaign	1
ilısu dam	southeastern anatolia project	1
ilısu dam campaign	mark thomas	2
ilısu dam campaign	three gorges dam	2
ilısu dam campaign	china	2
ilısu dam campaign	southeastern anatolia project	2
ilısu dam campaign	aswan high dam	2
indian rivers inter-link	interstate river water disputes act	1
indigenous peoples in brazil	belo monte dam	0
indigenous peoples in brazil	raoni metuktire	1
indirect land use change impacts of biofuels	deforestation in brazil	1
indus river	rivers of jammu and kashmir	1
indus waters treaty	little rann of kutch	2
indus waters treaty	baglihar dam	2
indus waters treaty	effects of global warming	2
indus waters treaty	kishanganga hydroelectric plant	2
indus waters treaty	india-pakistan relations	2
intercontinental and transoceanic fixed links	atlantropa	1
intermittent energy source	brittle power	2
intermittent energy source	control of the national grid	2
intermittent energy source	national grid (uk)	2
intermittent energy source	demand response	2
intermittent energy source	energy security and renewable technology	2
intermittent energy source	energy storage	2
intermittent energy source	european super grid	2
intermittent energy source	geothermal heat pump	2
intermittent energy source	high-voltage direct current	2
intermittent energy source	load management	2
intermittent energy source	motor-generator	2
intermittent energy source	national grid reserve service	2
intermittent energy source	northeast blackout of 2003	2
intermittent energy source	relative cost of electricity generated by different sources	2
intermittent energy source	economics of new nuclear power plants	2
intermittent energy source	spark spread	2
intermittent energy source	three-phase electric power	2
intermittent energy source	smart grid	2
intermittent energy source	v2g	2
intermittent energy source	variable Energy Sources	2
interstate river water disputes act	the helsinki rules on the uses of the waters of international rivers	2
interstate river water disputes act	krishna water disputes tribunal	2
interstate river water disputes act	godavari water disputes tribunal	2
interstate river water disputes act	narmada river	2
interstate river water disputes act	kaveri river water dispute	2
interstate river water disputes act	water right	2
interstate river water disputes act	Hydropolitics and Water Issues	2
interstate river water disputes act	banqiao dam	2
interstate river water disputes act	alkali soils	2
interstate river water disputes act	soil salinity control	2
interstate river water disputes act	environmental impact of irrigation	2
interstate river water disputes act	national water policy	2
interstate river water disputes act	water resources in india	2
interstate river water disputes act	indian rivers inter-link	2
interstate river water disputes act	polavaram project	2
interstate river water disputes act	sriram sagar project	2
interstate river water disputes act	nizam sagar	2
interstate river water disputes act	balimela reservoir	2
interstate river water disputes act	tungabhadra dam	2
interstate river water disputes act	srisailam dam	2
interstate river water disputes act	nagarjuna sagar dam	2
interstate river water disputes act	jalaput dam	2
interstate river water disputes act	icchampally project	2
interstate river water disputes act	palar river	2
interstate river water disputes act	nagavali river	2
interstate river water disputes act	vamsadhara river	2
interstate river water disputes act	penner river	2
interstate river water disputes act	pulicat lake	2
invasion of the sea	qattara depression project	1
itaipu dam	three gorges dam	0
jalaput dam	godavari water disputes tribunal	1
jhelum river	ravi river	1
jhelum river	rivers of jammu and kashmir	1
jullien's golden carp	myitsone dam	0
jullien's golden carp	xayaburi dam	0
kachin state	myitsone dam	0
kalabagh	kalabagh dam	0
kalabagh dam	indus waters treaty	1
kalamata-pyrgos-patras line	energy in greece	1
kastraki dam	energy in greece	1
kastraki dam	Energy Sources in greece	1
kaveri river water dispute	cauvery river	2
kaveri river water dispute	interstate river water disputes act	2
kaveri river water dispute	the helsinki rules on the uses of the waters of international rivers	2
kaveri river water dispute	godavari water disputes tribunal	2
kaveri river water dispute	kaveri-vaigai link canal	2
kaveri river water dispute	krishna water disputes tribunal	2
kaveri river water dispute	water resources in india	2
kaveri river water dispute	right to water	2
kaveri river water dispute	water right	2
kaveri river water dispute	Hydropolitics and Water Issues	2
kaveri river water dispute	soil salinity control	2
kaveri river water dispute	alkali soils	2
kaveri river water dispute	palar river	2
kishanganga hydroelectric plant	ratle hydroelectric plant	1
kishanganga hydroelectric plant	baglihar dam	1
kishanganga hydroelectric plant	salal hydroelectric power station	1
kishanganga hydroelectric plant	neelum-jhelum hydropower plant	1
kishanganga hydroelectric plant	rivers of jammu and kashmir	1
kovykta field	energy policy of china	1
kremasta dam	energy in greece	1
kremasta dam	Energy Sources in greece	1
krishna water disputes tribunal	kaveri river water dispute	1
krishna water disputes tribunal	godavari water disputes tribunal	1
ladakh	rivers of jammu and kashmir	1
lagie	energy in greece	1
laguna creek (san mateo county)	san mateo creek (san francisco bay area)	1
lake pedder action committee	franklin dam controversy	0
lisle-sur-tarn	sivens dam	0
load management	cost of electricity by source	1
load profile	cost of electricity by source	1
lower elwha klallam tribe	elwha ecosystem restoration	0
machchhu river	1979 machchhu dam failure	1
macro-engineering	atlantropa	1
macro-engineering	qattara depression project	1
mae wong district	mae wong dam	0
mark thomas	ilısu dam campaign	1
mark thomas	southeastern anatolia project	1
megalopoli mine	energy in greece	1
megalopoli power plant	energy in greece	1
mekong	greater mekong subregion	2
mekong	greater mekong sub-region academic and research network	2
mekong	gms environment operations center	2
mekong	indochina	2
mekong	kong river	2
mekong	mekong delta	2
mekong	mekong river basin hydropower	2
mekong	mekong river commission	2
mekong	mekong river massacre	2
mekong	stung sen river	2
mekong	tonle sap	2
mekong	mekong expedition of 1866-1868	2
mekong	fair river sharing	2
mekong river basin hydropower	mekong	2
mekong river basin hydropower	mekong delta	2
mekong river basin hydropower	stung sen river	2
mekong river basin hydropower	se san	2
mekong river basin hydropower	tonle sap	2
mekong river basin hydropower	nam ngum dam	2
mekong river basin hydropower	international rivers	2
mekong river basin hydropower	mekong river commission	2
mekong river basin hydropower	yali falls dam	2
mekong river basin hydropower	greater mekong sub-region academic and research network	2
mekong river basin hydropower	gms environment operations center	2
melka wakena hydroelectric power station	energy in ethiopia	1
mesochora dam	energy in greece	1
mesochora dam	Energy Sources in greece	1
morrison formation	pycnodontoidea	1
motor oil hellas	energy in greece	1
mullaperiyar dam	idukki dam	2
mullaperiyar dam	interstate river water disputes act	2
mullaperiyar dam	tamil nadu-kerala dam row	2
narmada district	narmada river	1
national grid (great britain)	cost of electricity by source	1
national grid (great britain)	intermittent energy source	1
national grid reserve service	intermittent energy source	1
national water carrier of israel	water politics	1
national water policy	interstate river water disputes act	1
national youth organisation (pakistan)	kalabagh dam	0
neelum-jhelum hydropower plant	satpara dam	2
neelum-jhelum hydropower plant	allai khwar hydropower project	2
neelum-jhelum hydropower plant	gomal zam dam	2
neelum-jhelum hydropower plant	tarbela dam	2
neversink preserve	cuddebackville dam	1
neversink river	cuddebackville dam	1
nile	water politics in the nile basin	1
nile basin initiative	water politics in the nile basin	1
nuclear energy in greece	energy in greece	1
nuclear power in china	energy policy of china	1
o'shaughnessy dam (california)	pulgas water temple	1
o'shaughnessy dam (california)	san francisco public utilities commission	1
ogaden basin	energy in ethiopia	1
oldman river hydroelectric plant	oldman river dam	0
orange county, new york	cuddebackville dam	1
pae / rae	energy in greece	1
pakal dul dam	baglihar dam	1
pará	belo monte dam	0
pará	deforestation in brazil	1
paris convention on third party liability in the field of nuclear energy	cost of electricity by source	1
photovoltaics	cost of electricity by source	1
plant efficiency	cost of electricity by source	1
plastiras dam	energy in greece	1
plastiras dam	Energy Sources in greece	1
polavaram project	interstate river water disputes act	1
power station	cost of electricity by source	1
prinos oil field	energy in greece	1
prometheus gas	energy in greece	1
ptolemaida-florina coal mine	energy in greece	1
public power corporation	energy in greece	1
pulgas water temple	sunol water temple	2
pulgas water temple	hetch hetchy valley	2
pycnodontoidea	paleobiota of the morrison formation	2
qattara depression project	qattara depression	2
qattara depression project	sahara sea	2
qattara depression project	salton sea	2
rainforest foundation fund	deforestation in brazil	1
rainforest foundation us	deforestation in brazil	1
ramban district	baglihar dam	1
raoni	raoni metuktire	1
raoni metuktire	raoni	2
raoni metuktire	documentary film	2
raoni metuktire	jean-pierre dutilleux	2
raoni metuktire	luiz carlos saldanha	2
raoni metuktire	academy award	2
raoni metuktire	academy award for documentary feature	2
ratle hydroelectric plant	dul hasti hydroelectric plant	2
ratle hydroelectric plant	baglihar dam	2
ravi river	rivers of jammu and kashmir	2
ravi river	sapta sindhu	2
ravi river	indus waters treaty	2
ravi river	ranjit sagar dam project	2
red sea	red sea dam	0
red sea dam	atlantropa	1
red sea dam	hydroelectricity	1
red sea dam	qattara depression project	1
red sea dam	bridge of the horns	1
Energy Sources commercialization	cost of electricity by source	1
Energy Sources in brazil	electricity sector in brazil	1
Energy Sources in china	three gorges dam	0
Energy Sources in china	energy policy of china	1
Energy Sources in ethiopia	energy in ethiopia	2
Energy Sources in greece	energy in greece	2
Energy Sources in greece	wind power in greece	2
Energy Sources in greece	solar power in greece	2
revithoussa lng terminal	energy in greece	1
rivers of jammu and kashmir	rivers of india	2
roghun	rogun dam	0
salal hydroelectric power station	ratle hydroelectric plant	2
salal hydroelectric power station	baglihar dam	2
salal hydroelectric power station	kishanganga hydroelectric plant	2
salal hydroelectric power station	rivers of jammu and kashmir	2
salmon run	environmental impact of reservoirs	1
sambor dam	mekong river basin hydropower	1
san andreas creek	san mateo creek (san francisco bay area)	1
san clemente dam	dam removal	1
san francisco public utilities commission	hetch hetchy	2
san francisco public utilities commission	sunol water temple	2
san francisco public utilities commission	pulgas water temple	2
san francisco public utilities commission	crystal springs park, california	2
san mateo creek (san francisco bay area)	ohlone	2
san mateo creek (san francisco bay area)	salt marsh harvest mouse	2
san mateo creek (san francisco bay area)	san mateo woolly sunflower	2
sarawak corridor of Energy Sources	baram dam	0
saudi-egypt causeway	bridge of the horns	1
searsville dam	san francisquito creek	1
searsville dam	san mateo creek (san francisco bay area)	1
searsville, california	searsville dam	0
seka (oil company)	energy in greece	1
selective logging in the amazon rainforest	deforestation in brazil	1
seneca dam	tocks island dam controversy	0
sivand dam	three gorges dam	0
snail darter controversy	tennessee valley authority v. hill	1
sodo-moyale-suswa high voltage power line	energy in ethiopia	1
solar power	cost of electricity by source	1
solar power in greece	Energy Sources in greece	1
southeastern anatolia project	baku-tbilisi-ceyhan pipeline	2
southeastern anatolia project	ilısu dam campaign	2
southeastern anatolia project	water politics	2
southwest energy	energy in ethiopia	1
sriram sagar project	interstate river water disputes act	1
strait of gibraltar	atlantropa	1
strait of gibraltar crossing	atlantropa	1
strait of gibraltar crossing	bridge of the horns	1
stratos dam	Energy Sources in greece	1
sunol water temple	pulgas water temple	1
sutlej yamuna link canal	blue bird lake	2
sutlej yamuna link canal	hisar (city)	2
sutlej yamuna link canal	kaushalya dam	2
sutlej yamuna link canal	pinjore	2
sutlej yamuna link canal	bhakra dam	2
sutlej yamuna link canal	hathni kund barrage	2
sutlej yamuna link canal	tajewala barrage	2
sutlej yamuna link canal	okhla sanctuary	2
sutlej yamuna link canal	yamuna	2
sutlej yamuna link canal	surajkund	2
sutlej yamuna link canal	indira gandhi canal	2
sutlej yamuna link canal	irrigation in india	2
sutlej yamuna link canal	indian rivers inter-link	2
sutlej yamuna link canal	inland waterways of india	2
sutlej yamuna link canal	ganges canal	2
sutlej yamuna link canal	ganges canal (rajasthan)	2
sutlej yamuna link canal	upper ganges canal expressway	2
sykia dam	energy in greece	1
sykia dam	Energy Sources in greece	1
taesa s.a.	electricity sector in brazil	1
tamil nadu-kerala dam row	1979 machchhu dam failure	1
tamil nadu-kerala dam row	mullaperiyar dam	1
tamil nadu-kerala dam row	kaveri river water dispute	1
tamil nadu-kerala dam row	ravi river	1
tamil nadu-kerala dam row	godavari water disputes tribunal	1
tamil nadu-kerala dam row	narmada river	1
tamil nadu-kerala dam row	sutlej yamuna link canal	1
tarek bin laden	bridge of the horns	1
tasmania's wilderness battles	franklin dam controversy	0
tekezé dam	water politics in the nile basin	1
tekezé dam	energy in ethiopia	1
tellico dam	snail darter controversy	0
tellico dam	tennessee valley authority v. hill	1
tennessee valley authority	tennessee valley authority v. hill	1
tennessee valley authority v. hill	snail darter controversy	2
tennessee valley authority v. hill	ashwander v. tennessee valley authority	2
terna energy	energy in greece	1
the helsinki rules on the uses of the waters of international rivers	interstate river water disputes act	1
thermal power station	cost of electricity by source	1
thisavros dam	Energy Sources in greece	1
three gorges	baiheliang underwater museum	1
three gorges	three gorges museum	1
three gorges dam	baiheliang underwater museum	1
three gorges dam	energy policy of china	1
three gorges dam	three gorges museum	1
three gorges museum	baiheliang underwater museum	2
three gorges museum	chongqing zoo	2
tocks island dam controversy	salt water barrier (delaware river)	1
tonlé sap	mekong	1
ubol ratana dam	mekong river basin hydropower	1
united states groundHydropolitics and Water Issues	water politics	1
vernal, utah	dinosaur national monument	0
water conflict	indus waters treaty	1
water conflict	water politics	1
water conflict in the middle east and north africa	water politics in the nile basin	1
water crisis in the democratic republic of the congo	water politics	1
water diplomacy	water politics	1
water in ethiopia	Hydropolitics and Water Issues in sub-saharan africa	2
water in ethiopia	micro credit for Hydropolitics and Water Issues	2
water in ethiopia	waterborne diseases	2
water in ethiopia	dams and reservoirs in ethiopia	2
water politics	drainage law	2
water politics	water management	2
water politics	water exports	2
water politics	international waters	2
water politics	territorial waters	2
water politics	internal waters	2
water politics	hydropolitics in the nile basin	2
water politics	mekong river commission	2
water politics	water scarcity in africa	2
water politics	water supply terrorism	2
water politics	blue gold	2
water politics in the nile basin	water resources management in modern egypt	2
water resource management	water politics	1
water resources management in brazil	electricity sector in brazil	1
water scarcity in africa	water politics	1
Hydropolitics and Water Issues in ethiopia	dams and reservoirs in ethiopia	1
water turbine	hydroelectricity	1
water wheel	hydroelectricity	1
watt+volt	energy in greece	1
wind power	cost of electricity by source	1
wind power in china	energy policy of china	1
wind power in greece	energy in greece	1
wind power in greece	Energy Sources in greece	1