Word	Times	Channel
xingu	46	Educational and Academic
obras	43	Educational and Academic
construção	41	Educational and Academic
energia	37	Educational and Academic
rio	31	Educational and Academic
região	29	Educational and Academic
hidrelétrico	27	Educational and Academic
indígenas	25	Educational and Academic
reservatórios	23	Educational and Academic
altamira	21	Educational and Academic
projeto	19	Educational and Academic
federal	18	Educational and Academic
impactos	18	Educational and Academic
áreas	17	Educational and Academic
leilão	17	Educational and Academic
sítios	17	Educational and Academic
população	15	Educational and Academic
barragem	14	Educational and Academic
dias	14	Educational and Academic
índios	14	Educational and Academic
vazão	14	Educational and Academic
maior	13	Educational and Academic
segundo	13	Educational and Academic
água	12	Educational and Academic
ibama	12	Educational and Academic
licença	12	Educational and Academic
ministério	12	Educational and Academic
operação	12	Educational and Academic
perda	12	Educational and Academic
pimental	12	Educational and Academic
trecho	12	Educational and Academic
brasil	11	Educational and Academic
consórcio	11	Educational and Academic
formação	11	Educational and Academic
norte	11	Educational and Academic
pará	11	Educational and Academic
total	11	Educational and Academic
abril	10	Educational and Academic
causar	10	Educational and Academic
entre	10	Educational and Academic
mudanças	10	Educational and Academic
públicos	10	Educational and Academic
reduzida	10	Educational and Academic
seria	10	Educational and Academic
bilhões	9	Educational and Academic
cidades	9	Educational and Academic
parte	9	Educational and Academic
fevereiro	8	Educational and Academic
peixe	8	Educational and Academic
desenvolvimentista	6	Educational and Academic
altamira	5	Environmental Organisation
xingu	5	Environmental Organisation
hidrelétrico	4	Environmental Organisation
licença	4	Environmental Organisation
decisão	3	Environmental Organisation
indígenas	3	Environmental Organisation
anos	2	Environmental Organisation
áreas	2	Environmental Organisation
encontro	2	Environmental Organisation
extrativistas	2	Environmental Organisation
federal	2	Environmental Organisation
grande	2	Environmental Organisation
justiça	2	Environmental Organisation
obras	2	Environmental Organisation
operação	2	Environmental Organisation
reservas	2	Environmental Organisation
silvestre	2	Environmental Organisation
suspensa	2	Environmental Organisation
vidas	2	Environmental Organisation
volta	2	Environmental Organisation
água	1	Environmental Organisation
assinatura	1	Environmental Organisation
básico	1	Environmental Organisation
cachoeira	1	Environmental Organisation
causar	1	Environmental Organisation
colapso	1	Environmental Organisation
contaminação	1	Environmental Organisation
crise	1	Environmental Organisation
debater	1	Environmental Organisation
décadas	1	Environmental Organisation
decreto	1	Environmental Organisation
dilma	1	Environmental Organisation
enchimento	1	Environmental Organisation
gestão	1	Environmental Organisation
homologada	1	Environmental Organisation
início	1	Environmental Organisation
iriri	1	Environmental Organisation
luta	1	Environmental Organisation
paralisação	1	Environmental Organisation
pede	1	Environmental Organisation
permanece	1	Environmental Organisation
principais	1	Environmental Organisation
públicos	1	Environmental Organisation
reservatórios	1	Environmental Organisation
risco	1	Environmental Organisation
rousseff	1	Environmental Organisation
saneamento	1	Environmental Organisation
saúde	1	Environmental Organisation
seca	1	Environmental Organisation
suspende	1	Environmental Organisation
energia	33	Governmental Institutions
estudos	20	Governmental Institutions
rio	20	Governmental Institutions
xingu	18	Governmental Institutions
projeto	17	Governmental Institutions
aneel	14	Governmental Institutions
áreas	14	Governmental Institutions
uhe	12	Governmental Institutions
ambiental	11	Governmental Institutions
empreendimentos	11	Governmental Institutions
força	10	Governmental Institutions
sistema	10	Governmental Institutions
casa	9	Governmental Institutions
processo	9	Governmental Institutions
reservatórios	9	Governmental Institutions
ambientais	8	Governmental Institutions
geração	8	Governmental Institutions
leilão	8	Governmental Institutions
nacional	8	Governmental Institutions
obras	8	Governmental Institutions
operação	8	Governmental Institutions
sítios	8	Governmental Institutions
usina	8	Governmental Institutions
viabilidade	8	Governmental Institutions
edital	7	Governmental Institutions
hidrelétrico	7	Governmental Institutions
licença	7	Governmental Institutions
principal	7	Governmental Institutions
acordo	6	Governmental Institutions
água	6	Governmental Institutions
canais	6	Governmental Institutions
complementar	6	Governmental Institutions
gerar	6	Governmental Institutions
milhões	6	Governmental Institutions
país	6	Governmental Institutions
técnico	6	Governmental Institutions
transmissão	6	Governmental Institutions
valor	6	Governmental Institutions
aprovação	5	Governmental Institutions
concessão	5	Governmental Institutions
construção	5	Governmental Institutions
desenvolvimento	5	Governmental Institutions
essas	5	Governmental Institutions
garantia	5	Governmental Institutions
impactos	5	Governmental Institutions
início	5	Governmental Institutions
inventário	5	Governmental Institutions
minas	5	Governmental Institutions
pimental	5	Governmental Institutions
vista	5	Governmental Institutions
direitos	16	Human Rights Organisation
indígenas	15	Human Rights Organisation
projeto	14	Human Rights Organisation
comunidades	13	Human Rights Organisation
usina	11	Human Rights Organisation
energia	9	Human Rights Organisation
hidrelétrico	9	Human Rights Organisation
humanos	9	Human Rights Organisation
índios	9	Human Rights Organisation
construção	8	Human Rights Organisation
impactos	8	Human Rights Organisation
mundo	8	Human Rights Organisation
região	8	Human Rights Organisation
amazônia	6	Human Rights Organisation
desenvolvimento	6	Human Rights Organisation
afetados	5	Human Rights Organisation
brasileiro	5	Human Rights Organisation
climáticas	5	Human Rights Organisation
governo	5	Human Rights Organisation
populações	5	Human Rights Organisation
ambiental	4	Human Rights Organisation
brasil	4	Human Rights Organisation
caso	4	Human Rights Organisation
comissão	4	Human Rights Organisation
kayapó	4	Human Rights Organisation
planejamento	4	Human Rights Organisation
povos	4	Human Rights Organisation
rio	4	Human Rights Organisation
terra	4	Human Rights Organisation
vidas	4	Human Rights Organisation
áreas	3	Human Rights Organisation
ativistas	3	Human Rights Organisation
barragens	3	Human Rights Organisation
cidades	3	Human Rights Organisation
contra	3	Human Rights Organisation
defesa	3	Human Rights Organisation
dependem	3	Human Rights Organisation
energético	3	Human Rights Organisation
falta	3	Human Rights Organisation
justiça	3	Human Rights Organisation
licenciamento	3	Human Rights Organisation
limpa	3	Human Rights Organisation
medidas	3	Human Rights Organisation
problemas	3	Human Rights Organisation
processo	3	Human Rights Organisation
produzir	3	Human Rights Organisation
proteção	3	Human Rights Organisation
soluções	3	Human Rights Organisation
suspensão	3	Human Rights Organisation
tornou	3	Human Rights Organisation
energia	59	News
norte	41	News
xingu	39	News
construção	31	News
river	31	News
indigenous	28	News
projeto	28	News
communities	27	News
altamira	24	News
empresas	23	News
anos	22	News
people	20	News
rio	20	News
usina	20	News
elkaim	19	News
brazil	18	News
foundation	18	News
alexia	17	News
juruna	17	News
peixe	17	News
leilão	16	News
bilhões	15	News
grupos	15	News
hidrelétrico	15	News
obras	15	News
tcu	15	News
muito	14	News
displaced	13	News
eletrobrás	13	News
fish	13	News
afirmar	10	News
families	10	News
fishing	10	News
goldmine	10	News
indígenas	10	News
operação	10	News
água	9	News
amazon	9	News
governo	9	News
mercado	9	News
mwh	9	News
preço	9	News
região	9	News
brazilian	8	News
consórcio	8	News
empreiteiras	8	News
environmental	8	News
gerar	8	News
processo	8	News
traditional	8	News
obras	22	Companies
xingu	18	Companies
construção	13	Companies
brasil	12	Companies
energia	12	Companies
projeto	12	Companies
rio	11	Companies
hidrelétrico	9	Companies
capacidade	8	Companies
casa	8	Companies
engenharia	8	Companies
força	8	Companies
maior	8	Companies
milhões	7	Companies
turbinas	7	Companies
altamira	6	Companies
megawatts	6	Companies
água	5	Companies
anos	5	Companies
áreas	5	Companies
consórcio	5	Companies
escoramentos	5	Companies
grande	5	Companies
implantação	5	Companies
principal	5	Companies
sítios	5	Companies
solução	5	Companies
vitória	5	Companies
bilhões	4	Companies
companhia	4	Companies
forma	4	Companies
grupos	4	Companies
orguel	4	Companies
pimental	4	Companies
tipo	4	Companies
trabalhos	4	Companies
alta	3	Companies
altura	3	Companies
complementar	3	Companies
consumo	3	Companies
empreendimentos	3	Companies
esgotos	3	Companies
geração	3	Companies
infraestrutura	3	Companies
instalada	3	Companies
metros	3	Companies
norte	3	Companies
reais	3	Companies
rede	3	Companies
região	3	Companies
operação	4	Social Media and Publishing Pla
energia	3	Social Media and Publishing Pla
hidrelétrica	3	Social Media and Publishing Pla
maior	3	Social Media and Publishing Pla
milhões	3	Social Media and Publishing Pla
pará	3	Social Media and Publishing Pla
pessoas	3	Social Media and Publishing Pla
xingu	3	Social Media and Publishing Pla
atender	2	Social Media and Publishing Pla
brasil	2	Social Media and Publishing Pla
brasileira	2	Social Media and Publishing Pla
capaz	2	Social Media and Publishing Pla
carga	2	Social Media and Publishing Pla
compõem	2	Social Media and Publishing Pla
confira	2	Social Media and Publishing Pla
estruturas	2	Social Media and Publishing Pla
gerar	2	Social Media and Publishing Pla
instalada	2	Social Media and Publishing Pla
megawatts	2	Social Media and Publishing Pla
plena	2	Social Media and Publishing Pla
principais	2	Social Media and Publishing Pla
rio	2	Social Media and Publishing Pla
sudoeste	2	Social Media and Publishing Pla
todo	2	Social Media and Publishing Pla
cerimônia	1	Social Media and Publishing Pla
comercial	1	Social Media and Publishing Pla
dilma rousseff	1	Social Media and Publishing Pla
elétrica	1	Social Media and Publishing Pla
entrou	1	Social Media and Publishing Pla
estados	1	Social Media and Publishing Pla
feira	1	Social Media and Publishing Pla
forneça	1	Social Media and Publishing Pla
início	1	Social Media and Publishing Pla
jornal	1	Social Media and Publishing Pla
mundo	1	Social Media and Publishing Pla
nbr	1	Social Media and Publishing Pla
nesta	1	Social Media and Publishing Pla
país	1	Social Media and Publishing Pla
participou	1	Social Media and Publishing Pla
presidenta	1	Social Media and Publishing Pla
previsão	1	Social Media and Publishing Pla
quinta	1	Social Media and Publishing Pla
terceira	1	Social Media and Publishing Pla
vitória	1	Social Media and Publishing Pla