Word	Times	Channel
project	38	Educational and Academic
construction	36	Educational and Academic
environmental	35	Educational and Academic
brazil	32	Educational and Academic
indigenous	24	Educational and Academic
river	23	Educational and Academic
brazilian	22	Educational and Academic
license	22	Educational and Academic
power	22	Educational and Academic
xingu	22	Educational and Academic
area	20	Educational and Academic
federal	19	Educational and Academic
reservoir	19	Educational and Academic
capacity	18	Educational and Academic
metres	18	Educational and Academic
complex	16	Educational and Academic
company	15	Educational and Academic
water	15	Educational and Academic
court	14	Educational and Academic
energia	14	Educational and Academic
energy	14	Educational and Academic
norte	14	Educational and Academic
altamira	12	Educational and Academic
hydroelectric	12	Educational and Academic
ibama	12	Educational and Academic
people	12	Educational and Academic
president	12	Educational and Academic
report	12	Educational and Academic
impact	11	Educational and Academic
new	11	Educational and Academic
state	11	Educational and Academic
additional	10	Educational and Academic
assessment	10	Educational and Academic
economic	10	Educational and Academic
generation	10	Educational and Academic
government	10	Educational and Academic
canal	9	Educational and Academic
eletrobras	9	Educational and Academic
however	9	Educational and Academic
installation	9	Educational and Academic
study	9	Educational and Academic
eletronorte	8	Educational and Academic
kilometres	8	Educational and Academic
plans	8	Educational and Academic
turbine	8	Educational and Academic
national	7	Educational and Academic
planned	7	Educational and Academic
rights	7	Educational and Academic
upstream	7	Educational and Academic
amazon	5	Educational and Academic
project	41	Environmental Organisations
indigenous	25	Environmental Organisations
construction	24	Environmental Organisations
river	20	Environmental Organisations
xingu	19	Environmental Organisations
energy	17	Environmental Organisations
brazil	15	Environmental Organisations
amazon	13	Environmental Organisations
images	13	Environmental Organisations
main	13	Environmental Organisations
cost	12	Environmental Organisations
impact	11	Environmental Organisations
big	10	Environmental Organisations
build	10	Environmental Organisations
people	10	Environmental Organisations
reservoir	10	Environmental Organisations
government	9	Environmental Organisations
hydroelectric	9	Environmental Organisations
water	9	Environmental Organisations
brazilian	8	Environmental Organisations
flow	8	Environmental Organisations
large	8	Environmental Organisations
risk	8	Environmental Organisations
complex	7	Environmental Organisations
dam	7	Environmental Organisations
environmental	7	Environmental Organisations
flooded	7	Environmental Organisations
funds	7	Environmental Organisations
scenario	7	Environmental Organisations
social	7	Environmental Organisations
year	7	Environmental Organisations
area	6	Environmental Organisations
canal	6	Environmental Organisations
capacity	6	Environmental Organisations
companies	6	Environmental Organisations
groups	6	Environmental Organisations
huge	6	Environmental Organisations
percent	6	Environmental Organisations
mega	5	Environmental Organisations
policy	5	Environmental Organisations
rights	5	Environmental Organisations
struggle	5	Environmental Organisations
world	5	Environmental Organisations
against	4	Environmental Organisations
announced	4	Environmental Organisations
billion	4	Environmental Organisations
building	4	Environmental Organisations
communities	4	Environmental Organisations
electricity	4	Environmental Organisations
example	4	Environmental Organisations
images	3	Governmental Institutions
center	2	Governmental Institutions
change	2	Governmental Institutions
complex	2	Governmental Institutions
land	2	Governmental Institutions
landsat	2	Governmental Institutions
acquired	1	Governmental Institutions
along	1	Governmental Institutions
brazil	1	Governmental Institutions
collection	1	Governmental Institutions
construction	1	Governmental Institutions
continuously	1	Governmental Institutions
description	1	Governmental Institutions
detailed	1	Governmental Institutions
earth	1	Governmental Institutions
flow	1	Governmental Institutions
impact	1	Governmental Institutions
landscape	1	Governmental Institutions
longest	1	Governmental Institutions
maintain	1	Governmental Institutions
operate	1	Governmental Institutions
past	1	Governmental Institutions
river	1	Governmental Institutions
satellites	1	Governmental Institutions
show	1	Governmental Institutions
significant	1	Governmental Institutions
study	1	Governmental Institutions
surface	1	Governmental Institutions
water	1	Governmental Institutions
week	1	Governmental Institutions
xingu	1	Governmental Institutions
years	1	Governmental Institutions
project	23	Human Rights Organisations
their	22	Human Rights Organisations
indigenous	19	Human Rights Organisations
communities	17	Human Rights Organisations
construction	17	Human Rights Organisations
rights	17	Human Rights Organisations
energy	16	Human Rights Organisations
brazilian	15	Human Rights Organisations
human	13	Human Rights Organisations
river	12	Human Rights Organisations
amazon	11	Human Rights Organisations
climate	11	Human Rights Organisations
brazil	10	Human Rights Organisations
environmental	10	Human Rights Organisations
commission	9	Human Rights Organisations
indians	9	Human Rights Organisations
world	9	Human Rights Organisations
xingu	9	Human Rights Organisations
affected	7	Human Rights Organisations
impact	7	Human Rights Organisations
people	7	Human Rights Organisations
found	6	Human Rights Organisations
area	5	Human Rights Organisations
case	5	Human Rights Organisations
development	5	Human Rights Organisations
government	5	Human Rights Organisations
norte	5	Human Rights Organisations
region	5	Human Rights Organisations
clean	4	Human Rights Organisations
energia	4	Human Rights Organisations
kayap	4	Human Rights Organisations
land	4	Human Rights Organisations
planning	4	Human Rights Organisations
prior	4	Human Rights Organisations
several	4	Human Rights Organisations
should	4	Human Rights Organisations
studies	4	Human Rights Organisations
thousand	4	Human Rights Organisations
vale	4	Human Rights Organisations
across	3	Human Rights Organisations
activists	3	Human Rights Organisations
against	3	Human Rights Organisations
alleged	3	Human Rights Organisations
american	3	Human Rights Organisations
change	3	Human Rights Organisations
complex	3	Human Rights Organisations
comprehensive	3	Human Rights Organisations
depend	3	Human Rights Organisations
international	3	Human Rights Organisations
justice	3	Human Rights Organisations
brazil	104	News
project	69	News
river	64	News
construction	60	News
people	48	News
altamira	34	News
xingu	34	News
energia	32	News
norte	30	News
amazon	29	News
indigenous	28	News
live	28	News
communities	25	News
environmental	25	News
brazilian	24	News
city	24	News
plant	22	News
fish	20	News
government	20	News
elkaim	19	News
juruna	19	News
foundation	18	News
alexia	17	News
dam	17	News
life	17	News
energy	16	News
families	16	News
power	16	News
building	15	News
consortium	14	News
impact	14	News
ribeirinhos	14	News
sustainable	14	News
development	13	News
displaced	13	News
forest	13	News
island	13	News
mega	13	News
public	13	News
workers	13	News
chagas	12	News
deforestation	12	News
site	12	News
world	12	News
hydroelectric	11	News
poor	11	News
across	10	News
fishing	10	News
flooded	10	News
goldmine	10	News
images	4	Social Media and Publishing Platforms
complex	3	Social Media and Publishing Platforms
center	2	Social Media and Publishing Platforms
change	2	Social Media and Publishing Platforms
land	2	Social Media and Publishing Platforms
landsat	2	Social Media and Publishing Platforms
acquired	1	Social Media and Publishing Platforms
along	1	Social Media and Publishing Platforms
brazil	1	Social Media and Publishing Platforms
collection	1	Social Media and Publishing Platforms
construction	1	Social Media and Publishing Platforms
continuously	1	Social Media and Publishing Platforms
description	1	Social Media and Publishing Platforms
detailed	1	Social Media and Publishing Platforms
earth's	1	Social Media and Publishing Platforms
flow	1	Social Media and Publishing Platforms
impact	1	Social Media and Publishing Platforms
landscape	1	Social Media and Publishing Platforms
longest	1	Social Media and Publishing Platforms
maintain	1	Social Media and Publishing Platforms
operate	1	Social Media and Publishing Platforms
past	1	Social Media and Publishing Platforms
river	1	Social Media and Publishing Platforms
satellite	1	Social Media and Publishing Platforms
show	1	Social Media and Publishing Platforms
significant	1	Social Media and Publishing Platforms
study	1	Social Media and Publishing Platforms
surface	1	Social Media and Publishing Platforms
water	1	Social Media and Publishing Platforms
week	1	Social Media and Publishing Platforms
xingu	1	Social Media and Publishing Platforms
years	1	Social Media and Publishing Platforms