No.	Wikipedia Page	English Name	Native Name	Language	Country	Visits	2018 Edits	2017 Edits	2016 Edits	2015 Edits
1	https://ps.wikipedia.org/wiki/%D8%B3%D9%84%D9%85%D8%A7_%D8%A8%D8%B1%DB%90%DA%9A%D9%86%D8%A7%DA%A9%D9%88%D9%BC	Afghan India Friendship Dam	سلما برېښناکوټ	Pashto	Afghanistan	560	0	5	6	2
2	https://ms.wikipedia.org/wiki/Empangan_Baram	Baram Dam	Empangan Baram	Malay	Malaysia	1403	0	0	3	0
3	https://pt.wikipedia.org/wiki/Usina_Hidrel%C3%A9trica_de_Belo_Monte	Belo Monte Dam	Usina Hidrelétrica de Belo Monte	Portuguese	Brazil	644028	63	63	123	201
4	https://en.wikipedia.org/wiki/Chowilla_Dam	Chowilla Dam		English	Australia	/	/	/	/	/
5	https://en.wikipedia.org/wiki/Don_Sahong_Dam	Don Sahong Dam		Lao	Laos	n.a.	n.a.	n.a.	n.a.	n.a.
6	https://en.wikipedia.org/wiki/Dinosaur_National_Monument#Echo_Park_Dam_Controversy	Echo Park Dam		English	United States	/	/	/	/	/
7	https://en.wikipedia.org/wiki/Elwha_Ecosystem_Restoration	Elwha Ecosystem Restoration		English	United States	/	/	/	/	/
8	https://en.wikipedia.org/wiki/Franklin_Dam_controversy	Franklin Dam		English	Australia	/	/	/	/	/
9	https://en.wikipedia.org/wiki/Gilgel_Gibe_III_Dam	Gilgel Gibe III Dam		Oromo 	Ethiopia	n.a.	n.a.	n.a.	n.a.	n.a.
10	https://en.wikipedia.org/wiki/Risks_to_the_Glen_Canyon_Dam	Glen Canyon Dam		English	United States	/	/	/	/	/
11	https://en.wikipedia.org/wiki/Grand_Ethiopian_Renaissance_Dam	Grand Ethiopian Renaissance Dam		Amharic	Ethiopia	n.a.	n.a.	n.a.	n.a.	n.a.
12	https://my.wikipedia.org/wiki/%E1%80%9F%E1%80%90%E1%80%BA%E1%80%80%E1%80%BC%E1%80%AE%E1%80%B8%E1%80%86%E1%80%8A%E1%80%BA	Hatgyi Dam	ဟတ်ကြီးဆည်	Burmese	Myanmar	182	1	1	1	1
13	https://es.wikipedia.org/wiki/HidroAys%C3%A9n	Hidro Aysen	Hidro Aysén	Spanish	Chile	47247	4	26	2	23
14	https://en.wikipedia.org/wiki/Houay_Ho_Dam	Houay Ho Dam		Lao	Laos	n.a.	n.a.	n.a.	n.a.	n.a.
15	https://tr.wikipedia.org/wiki/Il%C4%B1su_Baraj%C4%B1_ve_Hidroelektrik_Santrali	Ilisu Dam	Ilısu Barajı ve Hidroelektrik Santrali	Turkish	Turkey	35358	1	1	3	6
16	https://th.wikipedia.org/wiki/%E0%B9%80%E0%B8%82%E0%B8%B7%E0%B9%88%E0%B8%AD%E0%B8%99%E0%B9%81%E0%B8%81%E0%B9%88%E0%B8%87%E0%B9%80%E0%B8%AA%E0%B8%B7%E0%B8%AD%E0%B9%80%E0%B8%95%E0%B9%89%E0%B8%99	Kaeng Suea Ten Dam	เขื่อนแก่งเสือเต้น	Thai	Thailand	15426	0	3	0	0
17	https://ur.wikipedia.org/wiki/%DA%A9%D8%A7%D9%84%D8%A7%D8%A8%D8%A7%D8%BA_%D8%A8%D9%86%D8%AF	Kalabagh Dam	کالاباغ بند	Urdu	Pakistan	11127	10	4	1	13
18	https://ps.wikipedia.org/wiki/%DA%A9%D9%85%D8%A7%D9%84_%D8%AE%D8%A7%D9%86_%D8%A8%D9%86%D8%AF	Kamal Khan Dam	کمال خان بند	Pashto	Afghanistan	479	0	2	1	1
19	https://en.wikipedia.org/wiki/Kishanganga_Hydroelectric_Plant	Kishanganga Hydroelectric Plant		Kashmiri	India	n.a.	n.a.	n.a.	n.a.	n.a.
20	https://th.wikipedia.org/wiki/%E0%B9%82%E0%B8%84%E0%B8%A3%E0%B8%87%E0%B8%81%E0%B8%B2%E0%B8%A3%E0%B8%81%E0%B9%88%E0%B8%AD%E0%B8%AA%E0%B8%A3%E0%B9%89%E0%B8%B2%E0%B8%87%E0%B9%80%E0%B8%82%E0%B8%B7%E0%B9%88%E0%B8%AD%E0%B8%99%E0%B9%81%E0%B8%A1%E0%B9%88%E0%B8%A7%E0%B8%87%E0%B8%81%E0%B9%8C	Mae Wong Dam	โครงการก่อสร้างเขื่อนแม่วงก์	Thai	Thailand	14966	0	0	4	1
21	https://en.wikipedia.org/wiki/Manapouri_Power_Station	Manapouri Power Station		English	New Zeland	/	/	/	/	/
22	https://en.wikipedia.org/wiki/Mesochora_Dam	Mesochora Dam		Greek	Greece	n.a.	n.a.	n.a.	n.a.	n.a.
23	https://ml.wikipedia.org/wiki/%E0%B4%AE%E0%B5%81%E0%B4%B2%E0%B5%8D%E0%B4%B2%E0%B4%AA%E0%B5%8D%E0%B4%AA%E0%B5%86%E0%B4%B0%E0%B4%BF%E0%B4%AF%E0%B4%BE%E0%B5%BC_%E0%B4%85%E0%B4%A3%E0%B4%95%E0%B5%8D%E0%B4%95%E0%B5%86%E0%B4%9F%E0%B5%8D%E0%B4%9F%E0%B5%8D%E2%80%8C	Mullaperiyar Dam	मुल्लापेरियार बांध	Malayalam	India	45604	76	2	5	4
24	https://my.wikipedia.org/wiki/%E1%80%99%E1%80%BC%E1%80%85%E1%80%BA%E1%80%86%E1%80%AF%E1%80%B6_%E1%80%90%E1%80%AC%E1%80%90%E1%80%99%E1%80%B6	Myitsone Dam	မြစ်ဆုံ တာတမံ	Burmese	Myanmar	546	0	1	0	4
25	https://en.wikipedia.org/wiki/O%27Shaughnessy_Dam_(California)	O' Shaughnessy Dam		English	United States	/	/	/	/	/
26	https://en.wikipedia.org/wiki/Oldman_River_Dam	Oldman Dam		English	Canada	/	/	/	/	/
27	https://ar.wikipedia.org/wiki/%D8%B3%D8%AF_%D8%A7%D9%84%D8%A8%D8%AD%D8%B1_%D8%A7%D9%84%D8%A3%D8%AD%D9%85%D8%B1	Red Sea Dam	سد البحر الأحمر	Arabic	Yemen	1100	3	6	2	1
28	https://tg.wikipedia.org/wiki/%D0%9D%D0%B5%D1%80%D3%AF%D0%B3%D0%BE%D2%B3%D0%B8_%D0%B1%D0%B0%D1%80%D2%9B%D0%B8_%D0%BE%D0%B1%D0%B8%D0%B8_%D0%A0%D0%BE%D2%93%D1%83%D0%BD	Rogun Dam	Нерӯгоҳи барқи обии Роғун	Tajik	Tajikistan	932	0	12	7	0
29	https://en.wikipedia.org/wiki/Sambor_Dam	Sambor Dam		Khmer	Cambodia	n.a.	n.a.	n.a.	n.a.	n.a.
30	https://en.wikipedia.org/wiki/San_Clemente_Dam	San Clemente Dam		English	USA	/	/	/	/	/
31	https://zh.wikipedia.org/wiki/%E4%B8%89%E9%97%A8%E5%B3%A1%E6%B0%B4%E5%88%A9%E6%9E%A2%E7%BA%BD	Sanmenxia Dam	三门峡水利枢纽	Chinese	China	27849	2	3	0	7
32	https://pt.wikipedia.org/wiki/Usina_Hidrel%C3%A9trica_S%C3%A3o_Luiz_do_Tapaj%C3%B3s	Sao Luiz do Tapajos Dam	Usina Hidrelétrica São Luiz do Tapajós	Portuguese	Brazil	43827	3	2	10	6
33	https://en.wikipedia.org/wiki/Searsville_Dam	Searsville Dam		English	USA	/	/	/	/	/
34	https://fr.wikipedia.org/wiki/Barrage_de_Sivens	Sivens Dam	Barrage de Sivens	French	France	80891	16	46	25	80
35	https://en.wikipedia.org/wiki/Stung_Treng_Dam	Stung Treng Dam		Khmer	Cambodia	n.a.	n.a.	n.a.	n.a.	n.a.
36	https://en.wikipedia.org/wiki/Sykia_Dam	Sykia Dam		Greek	Greece	n.a.	n.a.	n.a.	n.a.	n.a.
37	https://pt.wikipedia.org/wiki/Complexo_do_Tapaj%C3%B3s	Tapajos Hydroelectric Complex	Complexo do Tapajós	Portuguese	Brazil	5474	0	0	0	1
38	https://my.wikipedia.org/wiki/%E1%80%90%E1%80%AC%E1%80%86%E1%80%94%E1%80%BA%E1%80%B8%E1%80%86%E1%80%8A%E1%80%BA	Tasang dam	တာဆန်းဆည်	Burmese	Myanmar	144	1	0	0	1
39	https://en.wikipedia.org/wiki/Tellico_Dam	Tellico Dam		English	USA	/	/	/	/	/
40	https://zh.wikipedia.org/wiki/%E9%95%BF%E6%B1%9F%E4%B8%89%E5%B3%A1%E6%B0%B4%E5%88%A9%E6%9E%A2%E7%BA%BD%E5%B7%A5%E7%A8%8B	Three Gorges Dam	长江三峡水利枢纽工程	Chinese	China	309930	19	13	44	18
41	https://en.wikipedia.org/wiki/Tillegra_Dam_proposal	Tillegra Dam		English	Australia	/	/	/	/	/
42	https://en.wikipedia.org/wiki/Tipaimukh_Dam	Tipaimukh Dam		Meithei	India	n.a.	n.a.	n.a.	n.a.	n.a.
43	https://lo.wikipedia.org/wiki/%E0%BB%80%E0%BA%82%E0%BA%B7%E0%BB%88%E0%BA%AD%E0%BA%99%E0%BB%84%E0%BA%8A%E0%BA%8D%E0%BA%B0%E0%BA%9A%E0%BA%B9%E0%BA%A5%E0%BA%B5	Xayaburi Dam		Lao	Laos	n.a.	n.a.	n.a.	n.a.	n.a.
44	https://zh.wikipedia.org/wiki/%E5%B0%8F%E5%8D%97%E6%B5%B7%E6%B0%B4%E5%BA%93	Xiaonanhai Dam		Chinese	China	n.a.	n.a.	n.a.	n.a.	n.a.