No.	Wikipedia Page	Name	Type	Visits	2018 Edits	2017 Edits	2016 Edits	2015 Edits
1	https://en.wikipedia.org/wiki/Afghan-India_Friendship_Dam	Afghan-India Friendship Dam	Operative	14127	0	9	46	9
2	https://en.wikipedia.org/wiki/Baram_Dam	Baram Dam	Project	8569	3	5	3	30
3	https://en.wikipedia.org/wiki/Belo_Monte_Dam	Belo Monte Dam	Built	176202	12	29	27	24
4	https://en.wikipedia.org/wiki/Chowilla_Dam	Chowilla Dam	Project	2929	3	5	0	16
5	https://en.wikipedia.org/wiki/Don_Sahong_Dam	Don Sahong Dam	Under Construction	13171	1	6	3	3
6	https://en.wikipedia.org/wiki/Echo_Park_Dam	Echo Park Dam	Project	279	1	12	3	5
7	https://en.wikipedia.org/wiki/Elwha_Ecosystem_Restoration	Elwha Ecosystem Restoration	Demolished	19816	0	6	2	11
8	https://en.wikipedia.org/wiki/Franklin_Dam_controversy	Franklin Dam controversy	Project	70229	6	40	12	27
9	https://en.wikipedia.org/wiki/Gilgel_Gibe_III_Dam	Gilgel Gibe III Dam	Operative	67037	17	23	20	27
10	https://en.wikipedia.org/wiki/Glen_Canyon_Dam	Glen Canyon Dam	Operative	7,383	19	64	241	45
11	https://en.wikipedia.org/wiki/Grand_Ethiopian_Renaissance_Dam	Grand Ethiopian Renaissance Dam	Under Construction	457693	42	98	26	47
12	https://en.wikipedia.org/wiki/Hatgyi_Dam	Hatgyi Dam	Project	3654	0	3	5	3
13	https://en.wikipedia.org/wiki/HidroAys%C3%A9n	HidroAysén	Project	11783	2	4	2	3
14	https://en.wikipedia.org/wiki/Houay_Ho_Dam	Houay Ho Dam	Operative	6138	1	4	0	3
15	https://en.wikipedia.org/wiki/Il%C4%B1su_Dam	Ilısu Dam	Built	45764	25	9	6	20
16	https://en.wikipedia.org/wiki/Kaeng_Suea_Ten_Dam	Kaeng Suea Ten Dam	Project	1975	0	3	3	5
17	https://en.wikipedia.org/wiki/Kalabagh_Dam	Kalabagh Dam	Project	254483	65	9	24	23
18	https://en.wikipedia.org/wiki/Kamal_Khan_Dam	Kamal Khan Dam	Under Construction	2487	1	5	0	0
19	https://en.wikipedia.org/wiki/Kishanganga_Hydroelectric_Plant	Kishanganga Hydroelectric Plant	Operative	248601	39	13	8	3
20	https://en.wikipedia.org/wiki/Mae_Wong_Dam	Mae Wong Dam	Project	2425	2	2	6	1
21	https://en.wikipedia.org/wiki/Manapouri_Power_Station	Manapouri Power Station	Operative	48239	4	5	4	11
22	https://en.wikipedia.org/wiki/Mesochora_Dam	Mesochora Dam	Built	1930	0	6	2	7
23	https://en.wikipedia.org/wiki/Mullaperiyar_Dam	Mullaperiyar Dam	Operative	757976	62	28	56	52
24	https://en.wikipedia.org/wiki/Myitsone_Dam	Myitsone Dam	Under Construction	53467	5	13	7	15
25	https://en.wikipedia.org/wiki/O%27Shaughnessy_Dam_(California)	O'Shaughnessy Dam (California)	Operative	60161	3	12	6	13
26	https://en.wikipedia.org/wiki/Oldman_River_Dam	Oldman River Dam	Operative	5529	0	0	12	0
27	https://en.wikipedia.org/wiki/Red_Sea_Dam	Red Sea Dam	Project	34254	0	3	4	2
28	https://en.wikipedia.org/wiki/Rogun_Dam	Rogun Dam	Under Construction	69588	13	8	10	5
29	https://en.wikipedia.org/wiki/Sambor_Dam	Sambor Dam	Project	6354	3	4	1	6
30	https://en.wikipedia.org/wiki/San_Clemente_Dam	San Clemente Dam	Demolished	7853	1	2	0	10
31	https://en.wikipedia.org/wiki/Sanmenxia_Dam	Sanmenxia Dam	Operative	10020	2	6	1	1
32	https://en.wikipedia.org/wiki/S%C3%A3o_Luiz_do_Tapaj%C3%B3s_Dam	São Luiz do Tapajós Dam	Project	3913	0	6	18	0
33	https://en.wikipedia.org/wiki/Searsville_Dam	Searsville Dam	Built	11201	6	3	5	10
34	https://en.wikipedia.org/wiki/Sivens_Dam	Sivens Dam	Project	8353	2	5	4	3
35	https://en.wikipedia.org/wiki/Stung_Treng_Dam	Stung Treng Dam	Project	4706	0	2	0	2
36	https://en.wikipedia.org/wiki/Sykia_Dam	Sykia Dam	Under Construction	2233	1	5	1	8
37	https://en.wikipedia.org/wiki/Tapaj%C3%B3s_hydroelectric_complex	Tapajós hydroelectric complex	Project	1550	2	18	0	0
38	https://en.wikipedia.org/wiki/Tasang_Dam	Tasang Dam	Under Construction	8417	2	2	5	5
39	https://en.wikipedia.org/wiki/Tellico_Dam	Tellico Dam	Built	35548	0	5	3	3
40	https://en.wikipedia.org/wiki/Three_Gorges_Dam	Three Gorges Dam	Operative	2537444	100	119	171	152
41	https://en.wikipedia.org/wiki/Tillegra_Dam_proposal	Tillegra Dam proposal	Project	5467	2	4	5	1
42	https://en.wikipedia.org/wiki/Tipaimukh_Dam	Tipaimukh Dam	Project	33295	0	4	1	2
43	https://en.wikipedia.org/wiki/Xayaburi_Dam	Xayaburi Dam	Under Construction	49411	4	6	10	16
44	https://en.wikipedia.org/wiki/Xiaonanhai_Dam	Xiaonanhai Dam	Project	1879	2	4	1	9