Position	N°	Link	Channel	Channel Category	Channel localization	Reported Actors	Reported Actor Category	Actor localization	Search
1	1	https://en.wikipedia.org/wiki/Belo_Monte_Dam	Wikipedia	Educational and Academic	I	Raoni	Indigenous People	B	Belo Monte Dam
2	1	https://en.wikipedia.org/wiki/Belo_Monte_Dam	Wikipedia	Educational and Academic	I	James Cameron	Celebrities	I	Belo Monte Dam
3	1	https://en.wikipedia.org/wiki/Belo_Monte_Dam	Wikipedia	Educational and Academic	I	José Antonio Muñiz Lopes	Private Companies	B	Belo Monte Dam
4	1	https://en.wikipedia.org/wiki/Belo_Monte_Dam	Wikipedia	Educational and Academic	I	Non-indigenous Residents	Government	B	Belo Monte Dam
5	1	https://en.wikipedia.org/wiki/Belo_Monte_Dam	Wikipedia	Educational and Academic	I	José Sarney	Government	B	Belo Monte Dam
6	1	https://en.wikipedia.org/wiki/Belo_Monte_Dam	Wikipedia	Educational and Academic	I	Maria do Rosário	Government	B	Belo Monte Dam
7	1	https://en.wikipedia.org/wiki/Belo_Monte_Dam	Wikipedia	Educational and Academic	I	Fernando Henrique Cardoso	Government	B	Belo Monte Dam
8	1	https://en.wikipedia.org/wiki/Belo_Monte_Dam	Wikipedia	Educational and Academic	I	The Guardian	News	I	Belo Monte Dam
9	1	https://en.wikipedia.org/wiki/Belo_Monte_Dam	Wikipedia	Educational and Academic	I	Folha de São Paulo	News	B	Belo Monte Dam
10	1	https://en.wikipedia.org/wiki/Belo_Monte_Dam	Wikipedia	Educational and Academic	I	IBAMA	Environmental Organisations	B	Belo Monte Dam
11	1	https://en.wikipedia.org/wiki/Belo_Monte_Dam	Wikipedia	Educational and Academic	I	Eletronorte	Private Companies	B	Belo Monte Dam
12	1	https://en.wikipedia.org/wiki/Belo_Monte_Dam	Wikipedia	Educational and Academic	I	Eletrobrás	Private Companies	B	Belo Monte Dam
13	1	https://en.wikipedia.org/wiki/Belo_Monte_Dam	Wikipedia	Educational and Academic	I	Brazilian Democratic Movement Party	Political Parties	B	Belo Monte Dam
14	1	https://en.wikipedia.org/wiki/Belo_Monte_Dam	Wikipedia	Educational and Academic	I	Grupo Camargo Corrêa	Private Companies	B	Belo Monte Dam
15	1	https://en.wikipedia.org/wiki/Belo_Monte_Dam	Wikipedia	Educational and Academic	I	Andrade Gutierrez	Private Companies	B	Belo Monte Dam
16	1	https://en.wikipedia.org/wiki/Belo_Monte_Dam	Wikipedia	Educational and Academic	I	CPFL Energia	Private Companies	B	Belo Monte Dam
17	1	https://en.wikipedia.org/wiki/Belo_Monte_Dam	Wikipedia	Educational and Academic	I	Unrepresented Nations and Peoples Organization	Human Rights Organisations	I	Belo Monte Dam
18	1	https://en.wikipedia.org/wiki/Belo_Monte_Dam	Wikipedia	Educational and Academic	I	FUNAI (Fundação Nacional do Índio)	Government	B	Belo Monte Dam
19	1	https://en.wikipedia.org/wiki/Belo_Monte_Dam	Wikipedia	Educational and Academic	I	Sabesp	Private Companies	B	Belo Monte Dam
20	1	https://en.wikipedia.org/wiki/Belo_Monte_Dam	Wikipedia	Educational and Academic	I	CHESF	Private Companies	B	Belo Monte Dam
21	1	https://en.wikipedia.org/wiki/Belo_Monte_Dam	Wikipedia	Educational and Academic	I	Alcoa	Private Companies	I	Belo Monte Dam
22	1	https://en.wikipedia.org/wiki/Belo_Monte_Dam	Wikipedia	Educational and Academic	I	Organization of American States	Human Rights Organisations	I	Belo Monte Dam
23	1	https://en.wikipedia.org/wiki/Belo_Monte_Dam	Wikipedia	Educational and Academic	I	GDF-Suez	Private Companies	I	Belo Monte Dam
24	1	https://en.wikipedia.org/wiki/Belo_Monte_Dam	Wikipedia	Educational and Academic	I	WWF	Environmental Organisations	I	Belo Monte Dam
25	1	https://en.wikipedia.org/wiki/Belo_Monte_Dam	Wikipedia	Educational and Academic	I	Federal University of Rio de Janeiro	Scientific and Academic Community	B	Belo Monte Dam
26	1	https://en.wikipedia.org/wiki/Belo_Monte_Dam	Wikipedia	Educational and Academic	I	United Nations Human Rights Council	Human Rights Organisations	I	Belo Monte Dam
27	1	https://en.wikipedia.org/wiki/Belo_Monte_Dam	Wikipedia	Educational and Academic	I	Indigenous Tribes	Indigenous People	B	Belo Monte Dam
28	1	https://en.wikipedia.org/wiki/Belo_Monte_Dam	Wikipedia	Educational and Academic	I	Ronaldo Destêrro	Judiciary	B	Belo Monte Dam
29	1	https://en.wikipedia.org/wiki/Belo_Monte_Dam	Wikipedia	Educational and Academic	I	Olindo Menezes	Judiciary	B	Belo Monte Dam
30	1	https://en.wikipedia.org/wiki/Belo_Monte_Dam	Wikipedia	Educational and Academic	I	Supreme Federal Court	Judiciary	B	Belo Monte Dam
31	1	https://en.wikipedia.org/wiki/Belo_Monte_Dam	Wikipedia	Educational and Academic	I	Local government	Government	B	Belo Monte Dam
32	1	https://en.wikipedia.org/wiki/Belo_Monte_Dam	Wikipedia	Educational and Academic	I	Brazilian Development Bank	Backers	B	Belo Monte Dam
33	1	https://en.wikipedia.org/wiki/Belo_Monte_Dam	Wikipedia	Educational and Academic	I	Araweté	Indigenous People	B	Belo Monte Dam
34	1	https://en.wikipedia.org/wiki/Belo_Monte_Dam	Wikipedia	Educational and Academic	I	Arara	Indigenous People	B	Belo Monte Dam
35	1	https://en.wikipedia.org/wiki/Belo_Monte_Dam	Wikipedia	Educational and Academic	I	Brazilian Electricity Regulatory Agency	Private Companies	B	Belo Monte Dam
36	1	https://en.wikipedia.org/wiki/Belo_Monte_Dam	Wikipedia	Educational and Academic	I	National Institute for Amazonian Research	Environmental Organisations	B	Belo Monte Dam
37	1	https://en.wikipedia.org/wiki/Belo_Monte_Dam	Wikipedia	Educational and Academic	I	Experts	Scientific and Academic Community	B	Belo Monte Dam
38	1	https://en.wikipedia.org/wiki/Belo_Monte_Dam	Wikipedia	Educational and Academic	I	Tabajara	Indigenous People	B	Belo Monte Dam
39	1	https://en.wikipedia.org/wiki/Belo_Monte_Dam	Wikipedia	Educational and Academic	I	Supreme Federal Court	Judiciary	B	Belo Monte Dam
40	1	https://en.wikipedia.org/wiki/Belo_Monte_Dam	Wikipedia	Educational and Academic	I	International Labour Organisation (ILO)	Human Rights Organisations	I	Belo Monte Dam
41	2	https://www.internationalrivers.org/campaigns/belo-monte-dam	International Rivers	Environmental Organisations	I	Government	Government	B	Belo Monte Dam
42	2	https://www.internationalrivers.org/campaigns/belo-monte-dam	International Rivers	Environmental Organisations	I	Indigenous Tribes	Indigenous People	B	Belo Monte Dam
43	2	https://www.internationalrivers.org/campaigns/belo-monte-dam	International Rivers	Environmental Organisations	I	Kayapo	Indigenous People	B	Belo Monte Dam
44	3	https://www.survivalinternational.org/about/belo-monte-dam	Survival International	Human Rights Organisations	I	Government	Government	B	Belo Monte Dam
45	3	https://www.survivalinternational.org/about/belo-monte-dam	Survival International	Human Rights Organisations	I	Indigenous Tribes	Indigenous People	B	Belo Monte Dam
46	3	https://www.survivalinternational.org/about/belo-monte-dam	Survival International	Human Rights Organisations	I	Kayapo	Indigenous People	B	Belo Monte Dam
47	3	https://www.survivalinternational.org/about/belo-monte-dam	Survival International	Human Rights Organisations	I	Arara	Indigenous People	B	Belo Monte Dam
48	3	https://www.survivalinternational.org/about/belo-monte-dam	Survival International	Human Rights Organisations	I	Yudjá	Indigenous People	B	Belo Monte Dam
49	3	https://www.survivalinternational.org/about/belo-monte-dam	Survival International	Human Rights Organisations	I	Araweté	Indigenous People	B	Belo Monte Dam
50	3	https://www.survivalinternational.org/about/belo-monte-dam	Survival International	Human Rights Organisations	I	FUNAI (Fundação Nacional do Índio)	Government	B	Belo Monte Dam
51	3	https://www.survivalinternational.org/about/belo-monte-dam	Survival International	Human Rights Organisations	I	Luiz Inácio Lula da Silva	Political Parties	B	Belo Monte Dam
52	3	https://www.survivalinternational.org/about/belo-monte-dam	Survival International	Human Rights Organisations	I	Xikrin	Indigenous People	B	Belo Monte Dam
53	3	https://www.survivalinternational.org/about/belo-monte-dam	Survival International	Human Rights Organisations	I	Asurini	Indigenous People	B	Belo Monte Dam
54	3	https://www.survivalinternational.org/about/belo-monte-dam	Survival International	Human Rights Organisations	I	Parakanã	Indigenous People	B	Belo Monte Dam
55	4	https://amazonwatch.org/news/2018/0103-brazil-announces-end-to-amazon-mega-dam-building-policy	Amazon Watch	Environmental Organisations	I	Indigenous Tribes	Indigenous People	B	Belo Monte Dam
56	4	https://amazonwatch.org/news/2018/0103-brazil-announces-end-to-amazon-mega-dam-building-policy	Amazon Watch	Environmental Organisations	I	Ministry of Mines and Energy	Government	B	Belo Monte Dam
57	4	https://amazonwatch.org/news/2018/0103-brazil-announces-end-to-amazon-mega-dam-building-policy	Amazon Watch	Environmental Organisations	I	O Globo	News	B	Belo Monte Dam
58	4	https://amazonwatch.org/news/2018/0103-brazil-announces-end-to-amazon-mega-dam-building-policy	Amazon Watch	Environmental Organisations	I	Dilma Rousseff	Political Parties	B	Belo Monte Dam
59	4	https://amazonwatch.org/news/2018/0103-brazil-announces-end-to-amazon-mega-dam-building-policy	Amazon Watch	Environmental Organisations	I	Workers' Party	Political Parties	B	Belo Monte Dam
60	4	https://amazonwatch.org/news/2018/0103-brazil-announces-end-to-amazon-mega-dam-building-policy	Amazon Watch	Environmental Organisations	I	Munduruku	Indigenous People	B	Belo Monte Dam
61	4	https://amazonwatch.org/news/2018/0103-brazil-announces-end-to-amazon-mega-dam-building-policy	Amazon Watch	Environmental Organisations	I	Michel Temer	Political Parties	B	Belo Monte Dam
62	4	https://amazonwatch.org/news/2018/0103-brazil-announces-end-to-amazon-mega-dam-building-policy	Amazon Watch	Environmental Organisations	I	University of Brasília	Scientific and Academic Community	B	Belo Monte Dam
63	4	https://amazonwatch.org/news/2018/0103-brazil-announces-end-to-amazon-mega-dam-building-policy	Amazon Watch	Environmental Organisations	I	Brazilian Development Bank	Backers	B	Belo Monte Dam
64	4	https://amazonwatch.org/news/2018/0103-brazil-announces-end-to-amazon-mega-dam-building-policy	Amazon Watch	Environmental Organisations	I	Eletrobrás	Private Companies	B	Belo Monte Dam
65	4	https://amazonwatch.org/news/2018/0103-brazil-announces-end-to-amazon-mega-dam-building-policy	Amazon Watch	Environmental Organisations	I	Political Parties	Private Companies	B	Belo Monte Dam
66	4	https://amazonwatch.org/news/2018/0103-brazil-announces-end-to-amazon-mega-dam-building-policy	Amazon Watch	Environmental Organisations	I	Edvaldo Santana	Private Companies	B	Belo Monte Dam
67	4	https://amazonwatch.org/news/2018/0103-brazil-announces-end-to-amazon-mega-dam-building-policy	Amazon Watch	Environmental Organisations	I	ANEEL (Agência Nacional de Energia Elétrica)	Private Companies	B	Belo Monte Dam
68	4	https://amazonwatch.org/news/2018/0103-brazil-announces-end-to-amazon-mega-dam-building-policy	Amazon Watch	Environmental Organisations	I	Luiz Inácio Lula da Silva	Political Parties	B	Belo Monte Dam
69	4	https://amazonwatch.org/news/2018/0103-brazil-announces-end-to-amazon-mega-dam-building-policy	Amazon Watch	Environmental Organisations	I	Mongabay	News	I	Belo Monte Dam
70	4	https://amazonwatch.org/news/2018/0103-brazil-announces-end-to-amazon-mega-dam-building-policy	Amazon Watch	Environmental Organisations	I	Odebrecht	Private Companies	B	Belo Monte Dam
71	4	https://amazonwatch.org/news/2018/0103-brazil-announces-end-to-amazon-mega-dam-building-policy	Amazon Watch	Environmental Organisations	I	Paulo Pedrosa	Government	B	Belo Monte Dam
72	4	https://amazonwatch.org/news/2018/0103-brazil-announces-end-to-amazon-mega-dam-building-policy	Amazon Watch	Environmental Organisations	I	Environmental Activists	Environmental Organisations	I	Belo Monte Dam
73	4	https://amazonwatch.org/news/2018/0103-brazil-announces-end-to-amazon-mega-dam-building-policy	Amazon Watch	Environmental Organisations	I	Mauro Maura Severino	Scientific and Academic Community	B	Belo Monte Dam
74	4	https://amazonwatch.org/news/2018/0103-brazil-announces-end-to-amazon-mega-dam-building-policy	Amazon Watch	Environmental Organisations	I	Thymos Energia	Private Companies	B	Belo Monte Dam
75	4	https://amazonwatch.org/news/2018/0103-brazil-announces-end-to-amazon-mega-dam-building-policy	Amazon Watch	Environmental Organisations	I	João Carlos Mello	Private Companies	B	Belo Monte Dam
76	4	https://amazonwatch.org/news/2018/0103-brazil-announces-end-to-amazon-mega-dam-building-policy	Amazon Watch	Environmental Organisations	I	Brazilian public prosecutor	Judiciary	B	Belo Monte Dam
77	4	https://amazonwatch.org/news/2018/0103-brazil-announces-end-to-amazon-mega-dam-building-policy	Amazon Watch	Environmental Organisations	I	Felício Pontes	Judiciary	B	Belo Monte Dam
78	4	https://amazonwatch.org/news/2018/0103-brazil-announces-end-to-amazon-mega-dam-building-policy	Amazon Watch	Environmental Organisations	I	Bancada Ruralista	Political Parties	B	Belo Monte Dam
79	5	https://news.mongabay.com/2018/02/belo-monte-legacy-harm-from-amazon-dam-didnt-end-with-construction/	Mongabay	News	I	Workers' Party	Political Parties	B	Belo Monte Dam
80	5	https://news.mongabay.com/2018/02/belo-monte-legacy-harm-from-amazon-dam-didnt-end-with-construction/	Mongabay	News	I	Indigenous Tribes	Indigenous People	B	Belo Monte Dam
81	5	https://news.mongabay.com/2018/02/belo-monte-legacy-harm-from-amazon-dam-didnt-end-with-construction/	Mongabay	News	I	Ribeirinhos	Non-Indigenous Residents	B	Belo Monte Dam
82	5	https://news.mongabay.com/2018/02/belo-monte-legacy-harm-from-amazon-dam-didnt-end-with-construction/	Mongabay	News	I	Environmental Activists	Environmental Organisations	I	Belo Monte Dam
83	5	https://news.mongabay.com/2018/02/belo-monte-legacy-harm-from-amazon-dam-didnt-end-with-construction/	Mongabay	News	I	Ribeirinhos	Non-Indigenous Residents	B	Belo Monte Dam
84	5	https://news.mongabay.com/2018/02/belo-monte-legacy-harm-from-amazon-dam-didnt-end-with-construction/	Mongabay	News	I	Norte Energia	Private Companies	B	Belo Monte Dam
85	5	https://news.mongabay.com/2018/02/belo-monte-legacy-harm-from-amazon-dam-didnt-end-with-construction/	Mongabay	News	I	Temer government	Government	B	Belo Monte Dam
86	5	https://news.mongabay.com/2018/02/belo-monte-legacy-harm-from-amazon-dam-didnt-end-with-construction/	Mongabay	News	I	Government	Government	B	Belo Monte Dam
87	5	https://news.mongabay.com/2018/02/belo-monte-legacy-harm-from-amazon-dam-didnt-end-with-construction/	Mongabay	News	I	Sting	Celebrities	I	Belo Monte Dam
88	5	https://news.mongabay.com/2018/02/belo-monte-legacy-harm-from-amazon-dam-didnt-end-with-construction/	Mongabay	News	I	Arnold Schwarzenegger	Celebrities	I	Belo Monte Dam
89	5	https://news.mongabay.com/2018/02/belo-monte-legacy-harm-from-amazon-dam-didnt-end-with-construction/	Mongabay	News	I	Dilma Rousseff	Political Parties	B	Belo Monte Dam
90	5	https://news.mongabay.com/2018/02/belo-monte-legacy-harm-from-amazon-dam-didnt-end-with-construction/	Mongabay	News	I	Socio-Environmental Institute	Environmental Organisations	B	Belo Monte Dam
91	5	https://news.mongabay.com/2018/02/belo-monte-legacy-harm-from-amazon-dam-didnt-end-with-construction/	Mongabay	News	I	International Rivers	Environmental Organisations	I	Belo Monte Dam
92	5	https://news.mongabay.com/2018/02/belo-monte-legacy-harm-from-amazon-dam-didnt-end-with-construction/	Mongabay	News	I	Xingu Vivo	Environmental Organisations	B	Belo Monte Dam
93	5	https://news.mongabay.com/2018/02/belo-monte-legacy-harm-from-amazon-dam-didnt-end-with-construction/	Mongabay	News	I	Norte Energia	Private Companies	B	Belo Monte Dam
94	5	https://news.mongabay.com/2018/02/belo-monte-legacy-harm-from-amazon-dam-didnt-end-with-construction/	Mongabay	News	I	Sex workers	Non-Indigenous Residents	B	Belo Monte Dam
95	5	https://news.mongabay.com/2018/02/belo-monte-legacy-harm-from-amazon-dam-didnt-end-with-construction/	Mongabay	News	I	Ribeirinhos	Non-Indigenous Residents	B	Belo Monte Dam
96	5	https://news.mongabay.com/2018/02/belo-monte-legacy-harm-from-amazon-dam-didnt-end-with-construction/	Mongabay	News	I	Ana de Francisco	Scientific and Academic Community	B	Belo Monte Dam
97	5	https://news.mongabay.com/2018/02/belo-monte-legacy-harm-from-amazon-dam-didnt-end-with-construction/	Mongabay	News	I	Otavio Cardoso Juruna	Indigenous People	B	Belo Monte Dam
100	5	https://news.mongabay.com/2018/02/belo-monte-legacy-harm-from-amazon-dam-didnt-end-with-construction/	Mongabay	News	I	Brazilian public prosecutor	Judiciary	B	Belo Monte Dam
101	5	https://news.mongabay.com/2018/02/belo-monte-legacy-harm-from-amazon-dam-didnt-end-with-construction/	Mongabay	News	I	Juruna	Indigenous People	B	Belo Monte Dam
102	5	https://news.mongabay.com/2018/02/belo-monte-legacy-harm-from-amazon-dam-didnt-end-with-construction/	Mongabay	News	I	Gilliarde Jacinto Juruna	Indigenous People	B	Belo Monte Dam
103	5	https://news.mongabay.com/2018/02/belo-monte-legacy-harm-from-amazon-dam-didnt-end-with-construction/	Mongabay	News	I	Supreme Federal Court	Judiciary	B	Belo Monte Dam
104	5	https://news.mongabay.com/2018/02/belo-monte-legacy-harm-from-amazon-dam-didnt-end-with-construction/	Mongabay	News	I	Munduruku	Indigenous People	B	Belo Monte Dam
105	5	https://news.mongabay.com/2018/02/belo-monte-legacy-harm-from-amazon-dam-didnt-end-with-construction/	Mongabay	News	I	Michel Temer	Political Parties	B	Belo Monte Dam
106	5	https://news.mongabay.com/2018/02/belo-monte-legacy-harm-from-amazon-dam-didnt-end-with-construction/	Mongabay	News	I	Brazil’s National Institute for Space Research	Scientific and Academic Community	B	Belo Monte Dam
107	5	https://news.mongabay.com/2018/02/belo-monte-legacy-harm-from-amazon-dam-didnt-end-with-construction/	Mongabay	News	I	Bancada Ruralista	Political Parties	B	Belo Monte Dam
108	5	https://news.mongabay.com/2018/02/belo-monte-legacy-harm-from-amazon-dam-didnt-end-with-construction/	Mongabay	News	I	Jose Pereira Cunha	Non-Indigenous Residents	B	Belo Monte Dam
109	5	https://news.mongabay.com/2018/02/belo-monte-legacy-harm-from-amazon-dam-didnt-end-with-construction/	Mongabay	News	I	Ribeirinhos	Non-Indigenous Residents	B	Belo Monte Dam
110	6	https://www.bbc.com/news/world-latin-america-38391377	BBC News	News	I	Indigenous Tribes	Indigenous People	B	Belo Monte Dam
111	6	https://www.bbc.com/news/world-latin-america-38391378	BBC News	News	I	Ribeirinhos	Non-Indigenous Residents	B	Belo Monte Dam
112	6	https://www.bbc.com/news/world-latin-america-38391379	BBC News	News	I	Private Companies	Private Companies	B	Belo Monte Dam
113	6	https://www.bbc.com/news/world-latin-america-38391380	BBC News	News	I	Construction Companies	Private Companies	B	Belo Monte Dam
114	6	https://www.bbc.com/news/world-latin-america-38391381	BBC News	News	I	Government	Government	B	Belo Monte Dam
115	6	https://www.bbc.com/news/world-latin-america-38391382	BBC News	News	I	Ribeirinhos	Non-Indigenous Residents	B	Belo Monte Dam
116	6	https://www.bbc.com/news/world-latin-america-38391383	BBC News	News	I	Consortium	Private Companies	B	Belo Monte Dam
117	6	https://www.bbc.com/news/world-latin-america-38391384	BBC News	News	I	Gilmar Gomes	Non-Indigenous Residents	B	Belo Monte Dam
118	6	https://www.bbc.com/news/world-latin-america-38391385	BBC News	News	I	Luiz Augusto Barroso	Private Companies	B	Belo Monte Dam
119	6	https://www.bbc.com/news/world-latin-america-38391386	BBC News	News	I	Empresa de Pesquisa Energética (EPE)	Private Companies	B	Belo Monte Dam
120	6	https://www.bbc.com/news/world-latin-america-38391387	BBC News	News	I	Environmental Activists	Environmental Organisations	B	Belo Monte Dam
121	6	https://www.bbc.com/news/world-latin-america-38391388	BBC News	News	I	Munduruku	Indigenous People	B	Belo Monte Dam
122	6	https://www.bbc.com/news/world-latin-america-38391389	BBC News	News	I	IBAMA	Government	B	Belo Monte Dam
123	6	https://www.bbc.com/news/world-latin-america-38391390	BBC News	News	I	National Congress of Brazil	Government	B	Belo Monte Dam
124	7	https://www.theguardian.com/cities/2018/feb/06/urban-poor-tragedy-altamira-belo-monte-brazil	The Guardian	News	I	Luiz Inácio Lula da Silva	Political Parties	B	Belo Monte Dam
125	7	https://www.theguardian.com/cities/2018/feb/06/urban-poor-tragedy-altamira-belo-monte-brazil	The Guardian	News	I	Dilma Rousseff	Political Parties	B	Belo Monte Dam
126	7	https://www.theguardian.com/cities/2018/feb/06/urban-poor-tragedy-altamira-belo-monte-brazil	The Guardian	News	I	Michel Temer	Political Parties	B	Belo Monte Dam
127	7	https://www.theguardian.com/cities/2018/feb/06/urban-poor-tragedy-altamira-belo-monte-brazil	The Guardian	News	I	Ribeirinhos	Non-Indigenous Residents	B	Belo Monte Dam
128	7	https://www.theguardian.com/cities/2018/feb/06/urban-poor-tragedy-altamira-belo-monte-brazil	The Guardian	News	I	Workers' Party	Political Parties	B	Belo Monte Dam
129	7	https://www.theguardian.com/cities/2018/feb/06/urban-poor-tragedy-altamira-belo-monte-brazil	The Guardian	News	I	Antonio das Chagas	Non-Indigenous Residents	B	Belo Monte Dam
130	7	https://www.theguardian.com/cities/2018/feb/06/urban-poor-tragedy-altamira-belo-monte-brazil	The Guardian	News	I	Dulcineia Dias	Non-Indigenous Residents	B	Belo Monte Dam
131	7	https://www.theguardian.com/cities/2018/feb/06/urban-poor-tragedy-altamira-belo-monte-brazil	The Guardian	News	I	Families living on the Xingu	Non-Indigenous Residents	B	Belo Monte Dam
132	7	https://www.theguardian.com/cities/2018/feb/06/urban-poor-tragedy-altamira-belo-monte-brazil	The Guardian	News	I	Brazilian public prosecutor	Judiciary	B	Belo Monte Dam
133	7	https://www.theguardian.com/cities/2018/feb/06/urban-poor-tragedy-altamira-belo-monte-brazil	The Guardian	News	I	Raimundo Braga Gomes	Non-Indigenous Residents	B	Belo Monte Dam
134	7	https://www.theguardian.com/cities/2018/feb/06/urban-poor-tragedy-altamira-belo-monte-brazil	The Guardian	News	I	Norte Energia	Private Companies	B	Belo Monte Dam
135	7	https://www.theguardian.com/cities/2018/feb/06/urban-poor-tragedy-altamira-belo-monte-brazil	The Guardian	News	I	Institute for Applied Economic Research	Scientific and Academic Community	B	Belo Monte Dam
136	7	https://www.theguardian.com/cities/2018/feb/06/urban-poor-tragedy-altamira-belo-monte-brazil	The Guardian	News	I	Igarapé Institute	Scientific and Academic Community	B	Belo Monte Dam
137	7	https://www.theguardian.com/cities/2018/feb/06/urban-poor-tragedy-altamira-belo-monte-brazil	The Guardian	News	I	Farmers	Non-Indigenous Residents	B	Belo Monte Dam
138	7	https://www.theguardian.com/cities/2018/feb/06/urban-poor-tragedy-altamira-belo-monte-brazil	The Guardian	News	I	Ribeirinhos	Non-Indigenous Residents	B	Belo Monte Dam
139	7	https://www.theguardian.com/cities/2018/feb/06/urban-poor-tragedy-altamira-belo-monte-brazil	The Guardian	News	I	Urban residents	Non-Indigenous Residents	B	Belo Monte Dam
140	7	https://www.theguardian.com/cities/2018/feb/06/urban-poor-tragedy-altamira-belo-monte-brazil	The Guardian	News	I	Eliza Ribeiro	Non-Indigenous Residents	B	Belo Monte Dam
141	7	https://www.theguardian.com/cities/2018/feb/06/urban-poor-tragedy-altamira-belo-monte-brazil	The Guardian	News	I	Congresso Nacional do Brasil	Government	B	Belo Monte Dam
142	7	https://www.theguardian.com/cities/2018/feb/06/urban-poor-tragedy-altamira-belo-monte-brazil	The Guardian	News	I	Norte Energia	Private Companies	B	Belo Monte Dam
143	7	https://www.theguardian.com/cities/2018/feb/06/urban-poor-tragedy-altamira-belo-monte-brazil	The Guardian	News	I	The Guardian	News	I	Belo Monte Dam
144	7	https://www.theguardian.com/cities/2018/feb/06/urban-poor-tragedy-altamira-belo-monte-brazil	The Guardian	News	I	Leonardo Batista	Non-Indigenous Residents	B	Belo Monte Dam
145	7	https://www.theguardian.com/cities/2018/feb/06/urban-poor-tragedy-altamira-belo-monte-brazil	The Guardian	News	I	Ribeirinhos	Non-Indigenous Residents	B	Belo Monte Dam
146	8	https://www.banktrack.org/project/belo_monte_dam	BankTrack	Environmental Organisations	I	Indigenous Tribes	Indigenous People	B	Belo Monte Dam
147	8	https://www.banktrack.org/project/belo_monte_dam	BankTrack	Environmental Organisations	I	Ribeirinhos	Non-Indigenous Residents	B	Belo Monte Dam
148	8	https://www.banktrack.org/project/belo_monte_dam	BankTrack	Environmental Organisations	I	People	Non-Indigenous Residents	B	Belo Monte Dam
149	8	https://www.banktrack.org/project/belo_monte_dam	BankTrack	Environmental Organisations	I	Social Movements	Environmental Organisations	B	Belo Monte Dam
150	8	https://www.banktrack.org/project/belo_monte_dam	BankTrack	Environmental Organisations	I	Luiz Inácio Lula da Silva	Political Parties	B	Belo Monte Dam
151	8	https://www.banktrack.org/project/belo_monte_dam	BankTrack	Environmental Organisations	I	Government	Government	B	Belo Monte Dam
153	9	https://theconversation.com/belo-monte-there-is-nothing-green-or-sustainable-about-these-mega-dams-98025	The Conversation	News	I	Indigenous Tribes	Indigenous People	B	Belo Monte Dam
155	9	https://theconversation.com/belo-monte-there-is-nothing-green-or-sustainable-about-these-mega-dams-98026	The Conversation	News	I	Norte Energia	Private Companies	B	Belo Monte Dam
156	9	https://theconversation.com/belo-monte-there-is-nothing-green-or-sustainable-about-these-mega-dams-98027	The Conversation	News	I	Brazilian Development Bank	Backers	B	Belo Monte Dam
157	9	https://theconversation.com/belo-monte-there-is-nothing-green-or-sustainable-about-these-mega-dams-98028	The Conversation	News	I	Workers' Party	Political Parties	B	Belo Monte Dam
158	9	https://theconversation.com/belo-monte-there-is-nothing-green-or-sustainable-about-these-mega-dams-98029	The Conversation	News	I	Government	Government	B	Belo Monte Dam
159	9	https://theconversation.com/belo-monte-there-is-nothing-green-or-sustainable-about-these-mega-dams-98030	The Conversation	News	I	Workers	Non-Indigenous Residents	B	Belo Monte Dam
160	9	https://theconversation.com/belo-monte-there-is-nothing-green-or-sustainable-about-these-mega-dams-98031	The Conversation	News	I	Drug Traffickers	Non-Indigenous Residents	B	Belo Monte Dam
161	9	https://theconversation.com/belo-monte-there-is-nothing-green-or-sustainable-about-these-mega-dams-98032	The Conversation	News	I	Sex workers	Non-Indigenous Residents	B	Belo Monte Dam
162	9	https://theconversation.com/belo-monte-there-is-nothing-green-or-sustainable-about-these-mega-dams-98033	The Conversation	News	I	Greenpeace	Environmental Organisations	I	Belo Monte Dam
163	10	https://aida-americas.org/en/holding-brazil-accountable-belo-monte-dam	AIDA	Environmental Organisations	I	People of the Xingu	Non-Indigenous Residents	B	Belo Monte Dam
164	10	https://aida-americas.org/en/holding-brazil-accountable-belo-monte-dam	AIDA	Environmental Organisations	I	Government	Government	B	Belo Monte Dam
165	10	https://aida-americas.org/en/holding-brazil-accountable-belo-monte-dam	AIDA	Environmental Organisations	I	Construction Companies	Private Companies	B	Belo Monte Dam
166	10	https://aida-americas.org/en/holding-brazil-accountable-belo-monte-dam	AIDA	Environmental Organisations	I	Indigenous Tribes	Indigenous People	B	Belo Monte Dam
167	10	https://aida-americas.org/en/holding-brazil-accountable-belo-monte-dam	AIDA	Environmental Organisations	I	Inter-American Human Rights Commission	Human Rights Organisations	I	Belo Monte Dam
168	11	https://www.usnews.com/news/best-countries/articles/2018-08-14/brazils-belo-monte-mega-dam-isnt-sustainable	US News	News	I	Indigenous Tribes	Indigenous People	B	Belo Monte Dam
169	11	https://www.usnews.com/news/best-countries/articles/2018-08-14/brazils-belo-monte-mega-dam-isnt-sustainable	US News	News	I	Civil Society	Human Rights Organisations	B	Belo Monte Dam
171	11	https://www.usnews.com/news/best-countries/articles/2018-08-14/brazils-belo-monte-mega-dam-isnt-sustainable	US News	News	I	Norte Energia	Private Companies	B	Belo Monte Dam
172	11	https://www.usnews.com/news/best-countries/articles/2018-08-14/brazils-belo-monte-mega-dam-isnt-sustainable	US News	News	I	Brazilian Development Bank	Backers	B	Belo Monte Dam
173	11	https://www.usnews.com/news/best-countries/articles/2018-08-14/brazils-belo-monte-mega-dam-isnt-sustainable	US News	News	I	Workers' Party	Political Parties	B	Belo Monte Dam
174	11	https://www.usnews.com/news/best-countries/articles/2018-08-14/brazils-belo-monte-mega-dam-isnt-sustainable	US News	News	I	Government	Government	B	Belo Monte Dam
176	11	https://www.usnews.com/news/best-countries/articles/2018-08-14/brazils-belo-monte-mega-dam-isnt-sustainable	US News	News	I	Workers	Non-Indigenous Residents	B	Belo Monte Dam
177	11	https://www.usnews.com/news/best-countries/articles/2018-08-14/brazils-belo-monte-mega-dam-isnt-sustainable	US News	News	I	Drug Traffickers	Non-Indigenous Residents	B	Belo Monte Dam
178	11	https://www.usnews.com/news/best-countries/articles/2018-08-14/brazils-belo-monte-mega-dam-isnt-sustainable	US News	News	I	Sex workers	Non-Indigenous Residents	B	Belo Monte Dam
179	11	https://www.usnews.com/news/best-countries/articles/2018-08-14/brazils-belo-monte-mega-dam-isnt-sustainable	US News	News	I	Greenpeace	Environmental Organisations	I	Belo Monte Dam
180	12	https://www.power-technology.com/projects/belomontehydroelectr/	Power Technology	News	I	Luiz Inácio Lula da Silva	Political Parties	B	Belo Monte Dam
181	12	https://www.power-technology.com/projects/belomontehydroelectr/	Power Technology	News	I	Norte Energia	Private Companies	B	Belo Monte Dam
182	12	https://www.power-technology.com/projects/belomontehydroelectr/	Power Technology	News	I	Eletrobrás	Private Companies	B	Belo Monte Dam
183	12	https://www.power-technology.com/projects/belomontehydroelectr/	Power Technology	News	I	Gaia	Private Companies	B	Belo Monte Dam
184	12	https://www.power-technology.com/projects/belomontehydroelectr/	Power Technology	News	I	Vale S.A.	Private Companies	B	Belo Monte Dam
185	12	https://www.power-technology.com/projects/belomontehydroelectr/	Power Technology	News	I	CEMIG	Private Companies	B	Belo Monte Dam
186	12	https://www.power-technology.com/projects/belomontehydroelectr/	Power Technology	News	I	Galvão Engenharia	Private Companies	B	Belo Monte Dam
187	12	https://www.power-technology.com/projects/belomontehydroelectr/	Power Technology	News	I	Environmental Activists	Environmental Organisations	B	Belo Monte Dam
188	12	https://www.power-technology.com/projects/belomontehydroelectr/	Power Technology	News	I	Local residents	Non-Indigenous Residents	B	Belo Monte Dam
189	12	https://www.power-technology.com/projects/belomontehydroelectr/	Power Technology	News	I	Indigenous Tribes	Indigenous People	B	Belo Monte Dam
190	12	https://www.power-technology.com/projects/belomontehydroelectr/	Power Technology	News	I	Environmental activists	Environmental Organisations	B	Belo Monte Dam
191	12	https://www.power-technology.com/projects/belomontehydroelectr/	Power Technology	News	I	Alstom	Private Companies	I	Belo Monte Dam
192	12	https://www.power-technology.com/projects/belomontehydroelectr/	Power Technology	News	I	Voith Hydro	Private Companies	I	Belo Monte Dam
193	12	https://www.power-technology.com/projects/belomontehydroelectr/	Power Technology	News	I	Andritz	Private Companies	I	Belo Monte Dam
194	12	https://www.power-technology.com/projects/belomontehydroelectr/	Power Technology	News	I	IMPSA	Private Companies	I	Belo Monte Dam
195	12	https://www.power-technology.com/projects/belomontehydroelectr/	Power Technology	News	I	Tractebel Engineering	Private Companies	I	Belo Monte Dam
196	12	https://www.power-technology.com/projects/belomontehydroelectr/	Power Technology	News	I	Government	Government	B	Belo Monte Dam
197	13	https://www.usgs.gov/media/videos/image-week-belo-monte-dam-complex-brazil	USGS	Educational and Academic	I	Ribeirinhos	Non-Indigenous Residents	B	Belo Monte Dam
198	14	https://www.youtube.com/watch?v=BifaOOzDa4U	YouTube	Social Media and Publishing Platforms	I	USGS	Scientific and Academic Community	I	Belo Monte Dam
199	14	https://www.youtube.com/watch?v=BifaOOzDa4U	YouTube	Social Media and Publishing Platforms	I	Ribeirinhos	Non-Indigenous Residents	B	Belo Monte Dam
200	15	https://twitter.com/USGS/status/923617733886885888	Twitter	Social Media and Publishing Platforms	I	USGS	Scientific and Academic Community	I	Belo Monte Dam
201	15	https://twitter.com/USGS/status/923617733886885888	Twitter	Social Media and Publishing Platforms	I	Ribeirinhos	Non-Indigenous Residents	B	Belo Monte Dam
202	16	https://e360.yale.edu/about	Yale Environment 360	Educational and Academic	I	Indigenous Tribes	Indigenous People	B	Belo Monte Dam
203	16	https://e360.yale.edu/about	Yale Environment 361	Educational and Academic	I	Government	Government	B	Belo Monte Dam
204	16	https://e360.yale.edu/about	Yale Environment 362	Educational and Academic	I	IBAMA	Government	B	Belo Monte Dam
205	16	https://e360.yale.edu/about	Yale Environment 363	Educational and Academic	I	Ministry of Mines and Energy	Government	B	Belo Monte Dam
206	16	https://e360.yale.edu/about	Yale Environment 364	Educational and Academic	I	Workers' Party	Political Parties	B	Belo Monte Dam
207	16	https://e360.yale.edu/about	Yale Environment 365	Educational and Academic	I	Chinese interests	Private Companies	I	Belo Monte Dam
208	16	https://e360.yale.edu/about	Yale Environment 366	Educational and Academic	I	Ribeirinhos	Non-Indigenous Residents	B	Belo Monte Dam
209	16	https://e360.yale.edu/about	Yale Environment 367	Educational and Academic	I	Munduruku	Indigenous People	B	Belo Monte Dam
210	16	https://e360.yale.edu/about	Yale Environment 368	Educational and Academic	I	Brazilian Development Bank	Backers	B	Belo Monte Dam
211	17	https://www.conservation-strategy.org/en/project/belo-monte-dam#.W-Wuj3pKh24	Conservation Strategy Fund	Environmental Organisations	I	/	/	/	Belo Monte Dam
212	18	https://maaproject.org/2017/belo-monte/	Monitoring of the Andean Amazon Project (MAAP)	Environmental Organisations	I	/	/	/	Belo Monte Dam
213	19	https://www1.folha.uol.com.br/internacional/en/brazil/2018/09/nearing-completion-belo-monte-dam-receives-criticisms-from-all-sides.shtml	Folha de São Paulo	News	B	Juruna	Indigenous People	B	Belo Monte Dam
214	19	https://www1.folha.uol.com.br/internacional/en/brazil/2018/09/nearing-completion-belo-monte-dam-receives-criticisms-from-all-sides.shtml	Folha de São Paulo	News	B	Norte Energia	Private Companies	B	Belo Monte Dam
215	19	https://www1.folha.uol.com.br/internacional/en/brazil/2018/09/nearing-completion-belo-monte-dam-receives-criticisms-from-all-sides.shtml	Folha de São Paulo	News	B	Bel Juruna	Indigenous People	B	Belo Monte Dam
216	19	https://www1.folha.uol.com.br/internacional/en/brazil/2018/09/nearing-completion-belo-monte-dam-receives-criticisms-from-all-sides.shtml	Folha de São Paulo	News	B	Ribeirinhos	Non-Indigenous Residents	B	Belo Monte Dam
217	19	https://www1.folha.uol.com.br/internacional/en/brazil/2018/09/nearing-completion-belo-monte-dam-receives-criticisms-from-all-sides.shtml	Folha de São Paulo	News	B	Leonardo Batista	Non-Indigenous Residents	B	Belo Monte Dam
218	20	https://www.reuters.com/article/us-brazil-power-belo-monte/chinas-zepc-in-talks-to-buy-belo-monte-dam-stake-sources-idUSKBN1792QF	Reuters	News	I	Zhejiang Electric Power Construction Co Ltd (ZEP)	Private Companies	I	Belo Monte Dam
219	20	https://www.reuters.com/article/us-brazil-power-belo-monte/chinas-zepc-in-talks-to-buy-belo-monte-dam-stake-sources-idUSKBN1792QF	Reuters	News	I	Norte Energia	Private Companies	B	Belo Monte Dam
220	20	https://www.reuters.com/article/us-brazil-power-belo-monte/chinas-zepc-in-talks-to-buy-belo-monte-dam-stake-sources-idUSKBN1792QF	Reuters	News	I	Eletrobrás	Private Companies	B	Belo Monte Dam
221	20	https://www.reuters.com/article/us-brazil-power-belo-monte/chinas-zepc-in-talks-to-buy-belo-monte-dam-stake-sources-idUSKBN1792QF	Reuters	News	I	Neoenergia	Private Companies	B	Belo Monte Dam
222	20	https://www.reuters.com/article/us-brazil-power-belo-monte/chinas-zepc-in-talks-to-buy-belo-monte-dam-stake-sources-idUSKBN1792QF	Reuters	News	I	CEMIG	Private Companies	B	Belo Monte Dam
223	20	https://www.reuters.com/article/us-brazil-power-belo-monte/chinas-zepc-in-talks-to-buy-belo-monte-dam-stake-sources-idUSKBN1792QF	Reuters	News	I	Light S.A.	Private Companies	B	Belo Monte Dam
224	20	https://www.reuters.com/article/us-brazil-power-belo-monte/chinas-zepc-in-talks-to-buy-belo-monte-dam-stake-sources-idUSKBN1792QF	Reuters	News	I	Vale S.A.	Private Companies	B	Belo Monte Dam
225	20	https://www.reuters.com/article/us-brazil-power-belo-monte/chinas-zepc-in-talks-to-buy-belo-monte-dam-stake-sources-idUSKBN1792QF	Reuters	News	I	Petros	Backers	B	Belo Monte Dam
226	20	https://www.reuters.com/article/us-brazil-power-belo-monte/chinas-zepc-in-talks-to-buy-belo-monte-dam-stake-sources-idUSKBN1792QF	Reuters	News	I	Funcef	Backers	B	Belo Monte Dam
227	20	https://www.reuters.com/article/us-brazil-power-belo-monte/chinas-zepc-in-talks-to-buy-belo-monte-dam-stake-sources-idUSKBN1792QF	Reuters	News	I	Greenpeace	Environmental Organisations	I	Belo Monte Dam
228	20	https://www.reuters.com/article/us-brazil-power-belo-monte/chinas-zepc-in-talks-to-buy-belo-monte-dam-stake-sources-idUSKBN1792QF	Reuters	News	I	James Cameron	Celebrities	I	Belo Monte Dam
229	20	https://www.reuters.com/article/us-brazil-power-belo-monte/chinas-zepc-in-talks-to-buy-belo-monte-dam-stake-sources-idUSKBN1792QF	Reuters	News	I	Supreme Federal Court	Judiciary	B	Belo Monte Dam
230	21	https://www.greengrants.org/2017/08/10/differentway/	Global Greengrant Fund	Environmental Organisations	I	Indigenous Tribes	Indigenous People	B	Belo Monte Dam
231	21	https://www.greengrants.org/2017/08/10/differentway/	Global Greengrant Fund	Environmental Organisations	I	CASA Fund	Environmental Organisations	B	Belo Monte Dam
232	21	https://www.greengrants.org/2017/08/10/differentway/	Global Greengrant Fund	Environmental Organisations	I	Eletronorte	Private Companies	B	Belo Monte Dam
233	21	https://www.greengrants.org/2017/08/10/differentway/	Global Greengrant Fund	Environmental Organisations	I	Environmental Activists	Environmental Organisations	B	Belo Monte Dam
234	21	https://www.greengrants.org/2017/08/10/differentway/	Global Greengrant Fund	Environmental Organisations	I	Sting	Celebrities	I	Belo Monte Dam
235	21	https://www.greengrants.org/2017/08/10/differentway/	Global Greengrant Fund	Environmental Organisations	I	Government	Government	B	Belo Monte Dam
236	22	https://www.openglobalrights.org/how-not-to-produce-energy-lessons-from-brazils-belo-monte-dam/	Open Global Rights	Human Rights Organisations	I	Government	Government	B	Belo Monte Dam
237	22	https://www.openglobalrights.org/how-not-to-produce-energy-lessons-from-brazils-belo-monte-dam/	Open Global Rights	Human Rights Organisations	I	Native Brazilians	Indigenous People	B	Belo Monte Dam
238	22	https://www.openglobalrights.org/how-not-to-produce-energy-lessons-from-brazils-belo-monte-dam/	Open Global Rights	Human Rights Organisations	I	Ribeirinhos	Non-Indigenous Residents	B	Belo Monte Dam
239	22	https://www.openglobalrights.org/how-not-to-produce-energy-lessons-from-brazils-belo-monte-dam/	Open Global Rights	Human Rights Organisations	I	Brazilian Development Bank	Backers	B	Belo Monte Dam
240	22	https://www.openglobalrights.org/how-not-to-produce-energy-lessons-from-brazils-belo-monte-dam/	Open Global Rights	Human Rights Organisations	I	Brazilian Activists	Environmental Organisations	B	Belo Monte Dam
241	22	https://www.openglobalrights.org/how-not-to-produce-energy-lessons-from-brazils-belo-monte-dam/	Open Global Rights	Human Rights Organisations	I	Environmental Activists	Environmental Organisations	I	Belo Monte Dam
242	22	https://www.openglobalrights.org/how-not-to-produce-energy-lessons-from-brazils-belo-monte-dam/	Open Global Rights	Human Rights Organisations	I	Local communities	Non-Indigenous Residents	B	Belo Monte Dam
244	22	https://www.openglobalrights.org/how-not-to-produce-energy-lessons-from-brazils-belo-monte-dam/	Open Global Rights	Human Rights Organisations	I	Public Federal Ministry	Judiciary	B	Belo Monte Dam
245	22	https://www.openglobalrights.org/how-not-to-produce-energy-lessons-from-brazils-belo-monte-dam/	Open Global Rights	Human Rights Organisations	I	AIDA	Environmental Organisations	I	Belo Monte Dam
246	22	https://www.openglobalrights.org/how-not-to-produce-energy-lessons-from-brazils-belo-monte-dam/	Open Global Rights	Human Rights Organisations	I	Inter-American Human Rights Commission	Human Rights Organisations	I	Belo Monte Dam
247	22	https://www.openglobalrights.org/how-not-to-produce-energy-lessons-from-brazils-belo-monte-dam/	Open Global Rights	Human Rights Organisations	I	Organization of American States	Political Parties	I	Belo Monte Dam
248	23	http://www.facing-finance.org/en/database/cases/vale-belo-monte-dam-complex/	Facing Finance	Human Rights Organisations	I	Vale S.A.	Private Companies	B	Belo Monte Dam
249	23	http://www.facing-finance.org/en/database/cases/vale-belo-monte-dam-complex/	Facing Finance	Human Rights Organisations	I	Supreme Federal Court	Judiciary	B	Belo Monte Dam
250	23	http://www.facing-finance.org/en/database/cases/vale-belo-monte-dam-complex/	Facing Finance	Human Rights Organisations	I	Brazilian Development Bank	Backers	B	Belo Monte Dam
251	23	http://www.facing-finance.org/en/database/cases/vale-belo-monte-dam-complex/	Facing Finance	Human Rights Organisations	I	Mining companies	Private Companies	B	Belo Monte Dam
252	23	http://www.facing-finance.org/en/database/cases/vale-belo-monte-dam-complex/	Facing Finance	Human Rights Organisations	I	Private companies	Private Companies	B	Belo Monte Dam
253	23	http://www.facing-finance.org/en/database/cases/vale-belo-monte-dam-complex/	Facing Finance	Human Rights Organisations	I	Energy companies	Private Companies	B	Belo Monte Dam
254	24	https://www.business-humanrights.org/en/cons%C3%B3rcio-norte-energia-lawsuit-re-belo-monte-dam-in-brazil	Business and Human Rights Resource Center	Environmental Organisations	I	IBAMA	Government	B	Belo Monte Dam
255	24	https://www.business-humanrights.org/en/cons%C3%B3rcio-norte-energia-lawsuit-re-belo-monte-dam-in-brazil	Business and Human Rights Resource Center	Environmental Organisations	I	Norte Energia	Private Companies	B	Belo Monte Dam
256	24	https://www.business-humanrights.org/en/cons%C3%B3rcio-norte-energia-lawsuit-re-belo-monte-dam-in-brazil	Business and Human Rights Resource Center	Environmental Organisations	I	Eletrobrás	Private Companies	B	Belo Monte Dam
257	24	https://www.business-humanrights.org/en/cons%C3%B3rcio-norte-energia-lawsuit-re-belo-monte-dam-in-brazil	Business and Human Rights Resource Center	Environmental Organisations	I	International Labour Organisation (ILO)	Human Rights Organisations	I	Belo Monte Dam
258	24	https://www.business-humanrights.org/en/cons%C3%B3rcio-norte-energia-lawsuit-re-belo-monte-dam-in-brazil	Business and Human Rights Resource Center	Environmental Organisations	I	Inter-American Human Rights Commission	Human Rights Organisations	I	Belo Monte Dam
259	24	https://www.business-humanrights.org/en/cons%C3%B3rcio-norte-energia-lawsuit-re-belo-monte-dam-in-brazil	Business and Human Rights Resource Center	Environmental Organisations	I	Brasília Federal District Judge	Judiciary	B	Belo Monte Dam
260	24	https://www.business-humanrights.org/en/cons%C3%B3rcio-norte-energia-lawsuit-re-belo-monte-dam-in-brazil	Business and Human Rights Resource Center	Environmental Organisations	I	Indigenous Tribes	Indigenous People	B	Belo Monte Dam
261	24	https://www.business-humanrights.org/en/cons%C3%B3rcio-norte-energia-lawsuit-re-belo-monte-dam-in-brazil	Business and Human Rights Resource Center	Environmental Organisations	I	Ribeirinhos	Non-Indigenous Residents	B	Belo Monte Dam
262	25	https://dgrnewsservice.org/belo-monte/	Deep Green Resistance Service	News	I	Supreme Federal Court	Judiciary	B	Belo Monte Dam
263	25	https://dgrnewsservice.org/belo-monte/	Deep Green Resistance Service	News	I	Government	Government	B	Belo Monte Dam
264	25	https://dgrnewsservice.org/belo-monte/	Deep Green Resistance Service	News	I	Indigenous-led Resistance	Indigenous People	B	Belo Monte Dam
265	25	https://dgrnewsservice.org/belo-monte/	Deep Green Resistance Service	News	I	Regional Federal Court	Judiciary	B	Belo Monte Dam
266	25	https://dgrnewsservice.org/belo-monte/	Deep Green Resistance Service	News	I	Protestors	Celebrities	B	Belo Monte Dam
267	25	https://dgrnewsservice.org/belo-monte/	Deep Green Resistance Service	News	I	Developers	Private Companies	B	Belo Monte Dam
268	26	https://www.culturalsurvival.org/news/belo-monte-dam-given-approval-construction	Cultural Survival	Human Rights Organisations	I	Luiz Inácio Lula da Silva	Political Parties	B	Belo Monte Dam
269	26	https://www.culturalsurvival.org/news/belo-monte-dam-given-approval-construction	Cultural Survival	Human Rights Organisations	I	Indigenous Leaders	Indigenous People	B	Belo Monte Dam
270	26	https://www.culturalsurvival.org/news/belo-monte-dam-given-approval-construction	Cultural Survival	Human Rights Organisations	I	Private Companies	Private Companies	B	Belo Monte Dam
271	27	https://ejatlas.org/conflict/belo-monte-dam-brazil	Environmental Justice Atlas	Educational and Academic	I	Norte Energia	Private Companies	B	Belo Monte Dam
272	27	https://ejatlas.org/conflict/belo-monte-dam-brazil	Environmental Justice Atlas	Educational and Academic	I	Vale S.A.	Private Companies	B	Belo Monte Dam
273	27	https://ejatlas.org/conflict/belo-monte-dam-brazil	Environmental Justice Atlas	Educational and Academic	I	Government	Government	B	Belo Monte Dam
274	27	https://ejatlas.org/conflict/belo-monte-dam-brazil	Environmental Justice Atlas	Educational and Academic	I	Ministry of the Environment	Government	B	Belo Monte Dam
275	27	https://ejatlas.org/conflict/belo-monte-dam-brazil	Environmental Justice Atlas	Educational and Academic	I	Ministry of Development	Government	B	Belo Monte Dam
276	27	https://ejatlas.org/conflict/belo-monte-dam-brazil	Environmental Justice Atlas	Educational and Academic	I	FUNAI (Fundação Nacional do Índio)	Government	B	Belo Monte Dam
277	27	https://ejatlas.org/conflict/belo-monte-dam-brazil	Environmental Justice Atlas	Educational and Academic	I	Brazilian Development Bank	Backers	B	Belo Monte Dam
278	27	https://ejatlas.org/conflict/belo-monte-dam-brazil	Environmental Justice Atlas	Educational and Academic	I	International Rivers	Environmental Organisations	I	Belo Monte Dam
279	27	https://ejatlas.org/conflict/belo-monte-dam-brazil	Environmental Justice Atlas	Educational and Academic	I	Amigos da Terra-Amazonia Brasileira	Environmental Organisations	B	Belo Monte Dam
280	27	https://ejatlas.org/conflict/belo-monte-dam-brazil	Environmental Justice Atlas	Educational and Academic	I	Munduruku	Indigenous People	B	Belo Monte Dam
281	27	https://ejatlas.org/conflict/belo-monte-dam-brazil	Environmental Justice Atlas	Educational and Academic	I	Arara	Indigenous People	B	Belo Monte Dam
282	27	https://ejatlas.org/conflict/belo-monte-dam-brazil	Environmental Justice Atlas	Educational and Academic	I	Juruna	Indigenous People	B	Belo Monte Dam
283	27	https://ejatlas.org/conflict/belo-monte-dam-brazil	Environmental Justice Atlas	Educational and Academic	I	Kayapo	Indigenous People	B	Belo Monte Dam
284	27	https://ejatlas.org/conflict/belo-monte-dam-brazil	Environmental Justice Atlas	Educational and Academic	I	Survival International	Human Rights Organisations	I	Belo Monte Dam
285	27	https://ejatlas.org/conflict/belo-monte-dam-brazil	Environmental Justice Atlas	Educational and Academic	I	Movimiento de los Afectados por Represas (MAB)	Environmental Organisations	B	Belo Monte Dam
286	27	https://ejatlas.org/conflict/belo-monte-dam-brazil	Environmental Justice Atlas	Educational and Academic	I	Movimento Xingu Vivo para Sempre (MXVPS)	Environmental Organisations	B	Belo Monte Dam
287	27	https://ejatlas.org/conflict/belo-monte-dam-brazil	Environmental Justice Atlas	Educational and Academic	I	Indigenous Tribes	Indigenous People	B	Belo Monte Dam
288	27	https://ejatlas.org/conflict/belo-monte-dam-brazil	Environmental Justice Atlas	Educational and Academic	I	International EJOS	Environmental Organisations	I	Belo Monte Dam
289	27	https://ejatlas.org/conflict/belo-monte-dam-brazil	Environmental Justice Atlas	Educational and Academic	I	Local EJOS	Environmental Organisations	B	Belo Monte Dam
290	27	https://ejatlas.org/conflict/belo-monte-dam-brazil	Environmental Justice Atlas	Educational and Academic	I	Social Movements	Environmental Organisations	B	Belo Monte Dam
291	27	https://ejatlas.org/conflict/belo-monte-dam-brazil	Environmental Justice Atlas	Educational and Academic	I	Ethnically/racially discriminated groups	Non-Indigenous Residents	B	Belo Monte Dam
292	27	https://ejatlas.org/conflict/belo-monte-dam-brazil	Environmental Justice Atlas	Educational and Academic	I	Local scientists/professionals	Scientific and Academic Community	B	Belo Monte Dam
294	27	https://ejatlas.org/conflict/belo-monte-dam-brazil	Environmental Justice Atlas	Educational and Academic	I	Ribeirinhos	Non-Indigenous Residents	B	Belo Monte Dam
295	28	http://raoni.com/belo-monte-france-and-europe.php	Raoni.com	Human Rights Organisations	B	LEME	Private Companies	B	Belo Monte Dam
296	28	http://raoni.com/belo-monte-france-and-europe.php	Raoni.com	Human Rights Organisations	B	GDF-Suez	Private Companies	I	Belo Monte Dam
297	28	http://raoni.com/belo-monte-france-and-europe.php	Raoni.com	Human Rights Organisations	B	French Ministry of Cooperation	Government	I	Belo Monte Dam
298	28	http://raoni.com/belo-monte-france-and-europe.php	Raoni.com	Human Rights Organisations	B	Eletrobrás	Private Companies	B	Belo Monte Dam
299	28	http://raoni.com/belo-monte-france-and-europe.php	Raoni.com	Human Rights Organisations	B	Norte Energia	Private Companies	B	Belo Monte Dam
300	28	http://raoni.com/belo-monte-france-and-europe.php	Raoni.com	Human Rights Organisations	B	Ministry of the Environment	Government	B	Belo Monte Dam
301	28	http://raoni.com/belo-monte-france-and-europe.php	Raoni.com	Human Rights Organisations	B	Alstom	Private Companies	I	Belo Monte Dam
302	28	http://raoni.com/belo-monte-france-and-europe.php	Raoni.com	Human Rights Organisations	B	Alstom	Private Companies	B	Belo Monte Dam
303	28	http://raoni.com/belo-monte-france-and-europe.php	Raoni.com	Human Rights Organisations	B	Brazilian State	Government	I	Belo Monte Dam
304	28	http://raoni.com/belo-monte-france-and-europe.php	Raoni.com	Human Rights Organisations	B	EDF	Private Companies	I	Belo Monte Dam
305	28	http://raoni.com/belo-monte-france-and-europe.php	Raoni.com	Human Rights Organisations	B	UTE Norte Fluminense	Private Companies	B	Belo Monte Dam
306	28	http://raoni.com/belo-monte-france-and-europe.php	Raoni.com	Human Rights Organisations	B	World Commission on Dams	Environmental Organisations	I	Belo Monte Dam
307	28	http://raoni.com/belo-monte-france-and-europe.php	Raoni.com	Human Rights Organisations	B	Planète Amazone	Environmental Organisations	I	Belo Monte Dam
308	28	http://raoni.com/belo-monte-france-and-europe.php	Raoni.com	Human Rights Organisations	B	François Hollande	Government	I	Belo Monte Dam
309	28	http://raoni.com/belo-monte-france-and-europe.php	Raoni.com	Human Rights Organisations	B	Raoni	Indigenous People	B	Belo Monte Dam
310	29	https://www.dextragroup.com/activities/technical-solutions-for-construction/project-references/36-dams/122-belo-monte-dam	Dextra Group	Private Companies	B	Dextra Do Brasil	Private Companies	B	Belo Monte Dam
311	30	https://earthrights.org/tag/belo-monte-dam/	Earth Rights International	Environmental Organisations	I	Yewande Ajoke Agboola	Non-Indigenous Residents	B	Belo Monte Dam
312	30	https://earthrights.org/tag/belo-monte-dam/	Earth Rights International	Environmental Organisations	I	Inter-American Human Rights Commission	Human Rights Organisations	I	Belo Monte Dam
313	30	https://earthrights.org/tag/belo-monte-dam/	Earth Rights International	Environmental Organisations	I	Supreme Federal Court	Judiciary	B	Belo Monte Dam
314	30	https://earthrights.org/tag/belo-monte-dam/	Earth Rights International	Environmental Organisations	I	Brazilian Federal Judge	Judiciary	B	Belo Monte Dam
315	30	https://earthrights.org/tag/belo-monte-dam/	Earth Rights International	Environmental Organisations	I	Amazon Watch	Environmental Organisations	I	Belo Monte Dam
316	31	https://www.economist.com/the-americas/2013/05/04/the-rights-and-wrongs-of-belo-monte	The Economist	News	I	Supreme Federal Court	Judiciary	B	Belo Monte Dam
317	31	https://www.economist.com/the-americas/2013/05/04/the-rights-and-wrongs-of-belo-monte	The Economist	News	I	Norte Energia	Private Companies	B	Belo Monte Dam
318	31	https://www.economist.com/the-americas/2013/05/04/the-rights-and-wrongs-of-belo-monte	The Economist	News	I	Indigenous Tribes	Indigenous People	B	Belo Monte Dam
319	31	https://www.economist.com/the-americas/2013/05/04/the-rights-and-wrongs-of-belo-monte	The Economist	News	I	Ribeirinhos	Non-Indigenous Residents	B	Belo Monte Dam
320	31	https://www.economist.com/the-americas/2013/05/04/the-rights-and-wrongs-of-belo-monte	The Economist	News	I	Xingu Vivo	Environmental Organisations	B	Belo Monte Dam
321	31	https://www.economist.com/the-americas/2013/05/04/the-rights-and-wrongs-of-belo-monte	The Economist	News	I	James Cameron	Celebrities	I	Belo Monte Dam
322	31	https://www.economist.com/the-americas/2013/05/04/the-rights-and-wrongs-of-belo-monte	The Economist	News	I	Ribeirinhos	Non-Indigenous Residents	B	Belo Monte Dam
323	31	https://www.economist.com/the-americas/2013/05/04/the-rights-and-wrongs-of-belo-monte	The Economist	News	I	Claudio Sales	Private Companies	B	Belo Monte Dam
324	31	https://www.economist.com/the-americas/2013/05/04/the-rights-and-wrongs-of-belo-monte	The Economist	News	I	Acende Brasil	Private Companies	B	Belo Monte Dam
325	31	https://www.economist.com/the-americas/2013/05/04/the-rights-and-wrongs-of-belo-monte	The Economist	News	I	World Bank	Human Rights Organisations	I	Belo Monte Dam
326	31	https://www.economist.com/the-americas/2013/05/04/the-rights-and-wrongs-of-belo-monte	The Economist	News	I	Altino Ventura	Government	B	Belo Monte Dam
327	31	https://www.economist.com/the-americas/2013/05/04/the-rights-and-wrongs-of-belo-monte	The Economist	News	I	Philip Fearnside	Environmental Organisations	B	Belo Monte Dam
328	31	https://www.economist.com/the-americas/2013/05/04/the-rights-and-wrongs-of-belo-monte	The Economist	News	I	National Institute for Amazonian Research	Environmental Organisations	B	Belo Monte Dam
329	31	https://www.economist.com/the-americas/2013/05/04/the-rights-and-wrongs-of-belo-monte	The Economist	News	I	Indigenous Tribes	Indigenous People	B	Belo Monte Dam
330	31	https://www.economist.com/the-americas/2013/05/04/the-rights-and-wrongs-of-belo-monte	The Economist	News	I	Government	Government	B	Belo Monte Dam
331	31	https://www.economist.com/the-americas/2013/05/04/the-rights-and-wrongs-of-belo-monte	The Economist	News	I	Henrique di Lello Filho	Private Companies	B	Belo Monte Dam
332	31	https://www.economist.com/the-americas/2013/05/04/the-rights-and-wrongs-of-belo-monte	The Economist	News	I	Constructors	Private Companies	B	Belo Monte Dam
333	31	https://www.economist.com/the-americas/2013/05/04/the-rights-and-wrongs-of-belo-monte	The Economist	News	I	International Labour Organisation (ILO)	Human Rights Organisations	I	Belo Monte Dam
334	31	https://www.economist.com/the-americas/2013/05/04/the-rights-and-wrongs-of-belo-monte	The Economist	News	I	Antonio Dias	Government	B	Belo Monte Dam
335	31	https://www.economist.com/the-americas/2013/05/04/the-rights-and-wrongs-of-belo-monte	The Economist	News	I	Célio Bermann	Scientific and Academic Community	I	Belo Monte Dam
336	31	https://www.economist.com/the-americas/2013/05/04/the-rights-and-wrongs-of-belo-monte	The Economist	News	I	Ministry of the Environment	Government	B	Belo Monte Dam
337	32	https://borgenproject.org/belo-monte-dam/	The Borgen Project	Human Rights Organisations	I	Supreme Federal Court	Judiciary	B	Belo Monte Dam
338	32	https://borgenproject.org/belo-monte-dam/	The Borgen Project	Human Rights Organisations	I	Government	Government	B	Belo Monte Dam
339	32	https://borgenproject.org/belo-monte-dam/	The Borgen Project	Human Rights Organisations	I	Indigenous Tribes	Indigenous People	B	Belo Monte Dam
340	32	https://borgenproject.org/belo-monte-dam/	The Borgen Project	Human Rights Organisations	I	FUNAI (Fundação Nacional do Índio)	Government	B	Belo Monte Dam
341	32	https://borgenproject.org/belo-monte-dam/	The Borgen Project	Human Rights Organisations	I	Inter-American Human Rights Commission	Human Rights Organisations	I	Belo Monte Dam
342	33	https://www.die-erde.org/index.php/die-erde/article/view/265	Die Erde	Educational and Academic	I	Indigenous Tribes	Indigenous People	B	Belo Monte Dam
343	33	https://www.die-erde.org/index.php/die-erde/article/view/266	Die Erde	Educational and Academic	I	Ribeirinhos	Non-Indigenous Residents	B	Belo Monte Dam
344	33	https://www.die-erde.org/index.php/die-erde/article/view/267	Die Erde	Educational and Academic	I	Government	Government	B	Belo Monte Dam
345	34	https://www.forbes.com/sites/kenrapoza/2014/03/07/was-brazils-belo-monte-dam-a-bad-idea/	Forbes	News	I	Government	Government	B	Belo Monte Dam
346	34	https://www.forbes.com/sites/kenrapoza/2014/03/07/was-brazils-belo-monte-dam-a-bad-idea/	Forbes	News	I	James Cameron	Celebrities	I	Belo Monte Dam
347	34	https://www.forbes.com/sites/kenrapoza/2014/03/07/was-brazils-belo-monte-dam-a-bad-idea/	Forbes	News	I	Norte Energia	Private Companies	B	Belo Monte Dam
348	34	https://www.forbes.com/sites/kenrapoza/2014/03/07/was-brazils-belo-monte-dam-a-bad-idea/	Forbes	News	I	Brazilian Development Bank	Backers	B	Belo Monte Dam
349	34	https://www.forbes.com/sites/kenrapoza/2014/03/07/was-brazils-belo-monte-dam-a-bad-idea/	Forbes	News	I	Eletrobrás	Private Companies	B	Belo Monte Dam
350	34	https://www.forbes.com/sites/kenrapoza/2014/03/07/was-brazils-belo-monte-dam-a-bad-idea/	Forbes	News	I	Folha de São Paulo	News	B	Belo Monte Dam
351	34	https://www.forbes.com/sites/kenrapoza/2014/03/07/was-brazils-belo-monte-dam-a-bad-idea/	Forbes	News	I	Oxford University	Scientific and Academic Community	I	Belo Monte Dam
352	34	https://www.forbes.com/sites/kenrapoza/2014/03/07/was-brazils-belo-monte-dam-a-bad-idea/	Forbes	News	I	Indigenous Tribes	Indigenous People	B	Belo Monte Dam
353	35	https://www.hydroworld.com/hydro-projects/belo-monte.html	Hydro Review	Educational and Academic	I	Norte Energia	Private Companies	B	Belo Monte Dam
354	35	https://www.hydroworld.com/hydro-projects/belo-monte.html	Hydro Review	Educational and Academic	I	Alstom	Private Companies	I	Belo Monte Dam
355	35	https://www.hydroworld.com/hydro-projects/belo-monte.html	Hydro Review	Educational and Academic	I	Andritz	Private Companies	I	Belo Monte Dam
356	35	https://www.hydroworld.com/hydro-projects/belo-monte.html	Hydro Review	Educational and Academic	I	ArcelorMittal	Private Companies	I	Belo Monte Dam
357	35	https://www.hydroworld.com/hydro-projects/belo-monte.html	Hydro Review	Educational and Academic	I	IE Belo Monte Consortium	Private Companies	I	Belo Monte Dam
358	35	https://www.hydroworld.com/hydro-projects/belo-monte.html	Hydro Review	Educational and Academic	I	IMPSA	Private Companies	I	Belo Monte Dam
359	35	https://www.hydroworld.com/hydro-projects/belo-monte.html	Hydro Review	Educational and Academic	I	Voith Hydro	Private Companies	I	Belo Monte Dam
360	35	https://www.hydroworld.com/hydro-projects/belo-monte.html	Hydro Review	Educational and Academic	I	Supreme Federal Court	Judiciary	B	Belo Monte Dam
361	36	https://futurism.com/hydroelectric-projects-displacing-indigenous-groups-amazon	Futurism	News	I	Indigenous Tribes	Indigenous People	B	Belo Monte Dam
362	36	https://futurism.com/hydroelectric-projects-displacing-indigenous-groups-amazon	Futurism	News	I	Gilliarde Jacinto Juruna	Indigenous People	B	Belo Monte Dam
363	36	https://futurism.com/hydroelectric-projects-displacing-indigenous-groups-amazon	Futurism	News	I	Norte Energia	Private Companies	B	Belo Monte Dam
364	36	https://futurism.com/hydroelectric-projects-displacing-indigenous-groups-amazon	Futurism	News	I	The Guardian	News	B	Belo Monte Dam
365	36	https://futurism.com/hydroelectric-projects-displacing-indigenous-groups-amazon	Futurism	News	I	Jaimie Juraszek	Private Companies	B	Belo Monte Dam
366	36	https://futurism.com/hydroelectric-projects-displacing-indigenous-groups-amazon	Futurism	News	I	Glio Alvas da Silva	Non-Indigenous Residents	B	Belo Monte Dam
367	37	https://www.amazon.com/The-Belo-Monte-Dam/dp/B075F1NVM5	Amazon	Private Companies	I	Alexandre Elias	Celebrities	B	Belo Monte Dam
368	38	https://www.businessinsider.com/r-update-1-brazil-court-suspends-belo-monte-dam-operating-license-over-sanitation-2017-4?IR=T	Business Insider	News	I	Supreme Federal Court	Judiciary	B	Belo Monte Dam
369	38	https://www.businessinsider.com/r-update-1-brazil-court-suspends-belo-monte-dam-operating-license-over-sanitation-2017-4?IR=T	Business Insider	News	I	Norte Energia	Private Companies	B	Belo Monte Dam
370	38	https://www.businessinsider.com/r-update-1-brazil-court-suspends-belo-monte-dam-operating-license-over-sanitation-2017-4?IR=T	Business Insider	News	I	Centrais Eletricas Brasileiras SA	Private Companies	B	Belo Monte Dam
371	38	https://www.businessinsider.com/r-update-1-brazil-court-suspends-belo-monte-dam-operating-license-over-sanitation-2017-4?IR=T	Business Insider	News	I	Eletrobrás	Private Companies	B	Belo Monte Dam
372	38	https://www.businessinsider.com/r-update-1-brazil-court-suspends-belo-monte-dam-operating-license-over-sanitation-2017-4?IR=T	Business Insider	News	I	IBAMA	Government	B	Belo Monte Dam
373	39	https://intercontinentalcry.org/brazilian-court-suspends-operating-license-for-belo-monte-dam/	Intercontinental Cry	Educational and Academic	I	Supreme Federal Court	Judiciary	B	Belo Monte Dam
374	39	https://intercontinentalcry.org/brazilian-court-suspends-operating-license-for-belo-monte-dam/	Intercontinental Cry	Educational and Academic	I	Indigenous Tribes	Indigenous People	B	Belo Monte Dam
375	39	https://intercontinentalcry.org/brazilian-court-suspends-operating-license-for-belo-monte-dam/	Intercontinental Cry	Educational and Academic	I	Government	Government	B	Belo Monte Dam
376	39	https://intercontinentalcry.org/brazilian-court-suspends-operating-license-for-belo-monte-dam/	Intercontinental Cry	Educational and Academic	I	Maria Carolina Valente do Carmo	Government	B	Belo Monte Dam
377	39	https://intercontinentalcry.org/brazilian-court-suspends-operating-license-for-belo-monte-dam/	Intercontinental Cry	Educational and Academic	I	Norte Energia	Private Companies	B	Belo Monte Dam
378	39	https://intercontinentalcry.org/brazilian-court-suspends-operating-license-for-belo-monte-dam/	Intercontinental Cry	Educational and Academic	I	FUNAI (Fundação Nacional do Índio)	Government	B	Belo Monte Dam
379	39	https://intercontinentalcry.org/brazilian-court-suspends-operating-license-for-belo-monte-dam/	Intercontinental Cry	Educational and Academic	I	Valente do Carmo	Government	B	Belo Monte Dam
380	39	https://intercontinentalcry.org/brazilian-court-suspends-operating-license-for-belo-monte-dam/	Intercontinental Cry	Educational and Academic	I	IBAMA	Government	B	Belo Monte Dam
381	39	https://intercontinentalcry.org/brazilian-court-suspends-operating-license-for-belo-monte-dam/	Intercontinental Cry	Educational and Academic	I	Public Federal Ministry	Government	B	Belo Monte Dam
382	39	https://intercontinentalcry.org/brazilian-court-suspends-operating-license-for-belo-monte-dam/	Intercontinental Cry	Educational and Academic	I	Raoni	Indigenous People	B	Belo Monte Dam
383	39	https://intercontinentalcry.org/brazilian-court-suspends-operating-license-for-belo-monte-dam/	Intercontinental Cry	Educational and Academic	I	Sting	Celebrities	I	Belo Monte Dam
384	39	https://intercontinentalcry.org/brazilian-court-suspends-operating-license-for-belo-monte-dam/	Intercontinental Cry	Educational and Academic	I	Dilma Rousseff	Political Parties	B	Belo Monte Dam
385	39	https://intercontinentalcry.org/brazilian-court-suspends-operating-license-for-belo-monte-dam/	Intercontinental Cry	News	I	Indigenous Tribes	Indigenous People	B	Belo Monte Dam
386	39	https://intercontinentalcry.org/brazilian-court-suspends-operating-license-for-belo-monte-dam/	Intercontinental Cry	News	I	Brazilian Development Bank	Backers	B	Belo Monte Dam
387	39	https://intercontinentalcry.org/brazilian-court-suspends-operating-license-for-belo-monte-dam/	Intercontinental Cry	News	I	Norte Energia	Private Companies	B	Belo Monte Dam
388	39	https://intercontinentalcry.org/brazilian-court-suspends-operating-license-for-belo-monte-dam/	Intercontinental Cry	News	I	Government	Government	B	Belo Monte Dam
389	39	https://intercontinentalcry.org/brazilian-court-suspends-operating-license-for-belo-monte-dam/	Intercontinental Cry	News	I	International Labour Organisation (ILO)	Human Rights Organisations	I	Belo Monte Dam
390	39	https://intercontinentalcry.org/brazilian-court-suspends-operating-license-for-belo-monte-dam/	Intercontinental Cry	News	I	Migrants	Non-Indigenous Residents	I	Belo Monte Dam
391	39	https://intercontinentalcry.org/brazilian-court-suspends-operating-license-for-belo-monte-dam/	Intercontinental Cry	News	I	Dilma Rousseff	Political Parties	B	Belo Monte Dam
392	41	https://www.ncbi.nlm.nih.gov/pubmed/16738820	NCBI	Social Media and Publishing Platforms	I	Government	Government	B	Belo Monte Dam
393	42	https://rightsandresources.org/en/blog/international-rivers-brazil-supreme-court-overturns-suspension-of-contentious-belo-monte-dam/#.W-biBXpKhQI	Rights Resources	Human Rights Organisations	I	Supreme Federal Court	Judiciary	B	Belo Monte Dam
394	42	https://rightsandresources.org/en/blog/international-rivers-brazil-supreme-court-overturns-suspension-of-contentious-belo-monte-dam/#.W-biBXpKhQI	Rights Resources	Human Rights Organisations	I	Dilma Rousseff	Political Parties	B	Belo Monte Dam
395	42	https://rightsandresources.org/en/blog/international-rivers-brazil-supreme-court-overturns-suspension-of-contentious-belo-monte-dam/#.W-biBXpKhQI	Rights Resources	Human Rights Organisations	I	Atossa Soltani	Environmental Organisations	I	Belo Monte Dam
396	42	https://rightsandresources.org/en/blog/international-rivers-brazil-supreme-court-overturns-suspension-of-contentious-belo-monte-dam/#.W-biBXpKhQI	Rights Resources	Human Rights Organisations	I	Felício Pontes	Judiciary	B	Belo Monte Dam
397	42	https://rightsandresources.org/en/blog/international-rivers-brazil-supreme-court-overturns-suspension-of-contentious-belo-monte-dam/#.W-biBXpKhQI	Rights Resources	Human Rights Organisations	I	Indigenous Tribes	Indigenous People	B	Belo Monte Dam
398	42	https://rightsandresources.org/en/blog/international-rivers-brazil-supreme-court-overturns-suspension-of-contentious-belo-monte-dam/#.W-biBXpKhQI	Rights Resources	Human Rights Organisations	I	Brent Millikan	Environmental Organisations	I	Belo Monte Dam
399	42	https://rightsandresources.org/en/blog/international-rivers-brazil-supreme-court-overturns-suspension-of-contentious-belo-monte-dam/#.W-biBXpKhQI	Rights Resources	Human Rights Organisations	I	International Rivers	Environmental Organisations	I	Belo Monte Dam
400	42	https://rightsandresources.org/en/blog/international-rivers-brazil-supreme-court-overturns-suspension-of-contentious-belo-monte-dam/#.W-biBXpKhQI	Rights Resources	Human Rights Organisations	I	Attorney General’s office (AGU)	Government	B	Belo Monte Dam
401	42	https://rightsandresources.org/en/blog/international-rivers-brazil-supreme-court-overturns-suspension-of-contentious-belo-monte-dam/#.W-biBXpKhQI	Rights Resources	Human Rights Organisations	I	Brazilian Congress	Government	B	Belo Monte Dam
402	43	http://fivas.org/vannkraft/belo-monte-dam-suspended-by-brazilian-appeals-court/	FIVAS	Environmental Organisations	I	Supreme Federal Court	Judiciary	B	Belo Monte Dam
403	43	http://fivas.org/vannkraft/belo-monte-dam-suspended-by-brazilian-appeals-court/	FIVAS	Environmental Organisations	I	Indigenous Tribes	Indigenous People	B	Belo Monte Dam
404	43	http://fivas.org/vannkraft/belo-monte-dam-suspended-by-brazilian-appeals-court/	FIVAS	Environmental Organisations	I	Government	Government	B	Belo Monte Dam
405	43	http://fivas.org/vannkraft/belo-monte-dam-suspended-by-brazilian-appeals-court/	FIVAS	Environmental Organisations	I	Regional Federal Court	Government	B	Belo Monte Dam
406	43	http://fivas.org/vannkraft/belo-monte-dam-suspended-by-brazilian-appeals-court/	FIVAS	Environmental Organisations	I	Eletrobrás	Private Companies	B	Belo Monte Dam
407	43	http://fivas.org/vannkraft/belo-monte-dam-suspended-by-brazilian-appeals-court/	FIVAS	Environmental Organisations	I	Souza Prudente	Judiciary	B	Belo Monte Dam
408	43	http://fivas.org/vannkraft/belo-monte-dam-suspended-by-brazilian-appeals-court/	FIVAS	Environmental Organisations	I	Brazilian public prosecutor	Judiciary	B	Belo Monte Dam
409	43	http://fivas.org/vannkraft/belo-monte-dam-suspended-by-brazilian-appeals-court/	FIVAS	Environmental Organisations	I	Brent Millikan	Environmental Organisations	I	Belo Monte Dam
410	43	http://fivas.org/vannkraft/belo-monte-dam-suspended-by-brazilian-appeals-court/	FIVAS	Environmental Organisations	I	Inter-American Human Rights Commission	Human Rights Organisations	I	Belo Monte Dam
411	43	http://fivas.org/vannkraft/belo-monte-dam-suspended-by-brazilian-appeals-court/	FIVAS	Environmental Organisations	I	Interamerican Association for Environmental Defense (AIDA)	Human Rights Organisations	I	Belo Monte Dam
412	43	http://fivas.org/vannkraft/belo-monte-dam-suspended-by-brazilian-appeals-court/	FIVAS	Environmental Organisations	I	Grupo Camargo Corrêa	Private Companies	B	Belo Monte Dam
413	43	http://fivas.org/vannkraft/belo-monte-dam-suspended-by-brazilian-appeals-court/	FIVAS	Environmental Organisations	I	Andrade Gutierrez	Private Companies	B	Belo Monte Dam
414	43	http://fivas.org/vannkraft/belo-monte-dam-suspended-by-brazilian-appeals-court/	FIVAS	Environmental Organisations	I	Odebrecht	Private Companies	B	Belo Monte Dam
415	43	http://fivas.org/vannkraft/belo-monte-dam-suspended-by-brazilian-appeals-court/	FIVAS	Environmental Organisations	I	Ministry of Mines and Energy	Government	B	Belo Monte Dam
416	44	https://www.snopes.com/fact-check/chief-complaint/	Snopes	Social Media and Publishing Platforms	I	Chief of the Kayapo Tribe	Indigenous People	B	Belo Monte Dam
417	44	https://www.snopes.com/fact-check/chief-complaint/	Snopes	Social Media and Publishing Platforms	I	Dilma Rousseff	Political Parties	B	Belo Monte Dam
418	44	https://www.snopes.com/fact-check/chief-complaint/	Snopes	Social Media and Publishing Platforms	I	Indigenous Tribes	Indigenous People	B	Belo Monte Dam
419	44	https://www.snopes.com/fact-check/chief-complaint/	Snopes	Social Media and Publishing Platforms	I	Amazon Watch	Environmental Organisations	I	Belo Monte Dam
420	44	https://www.snopes.com/fact-check/chief-complaint/	Snopes	Social Media and Publishing Platforms	I	Eletrobrás	Private Companies	B	Belo Monte Dam
421	45	https://www.bothends.org/en/Whats-new/News/Brazilian-government-says-yes-to-the-construction-of-the-Belo-Monte-Dam	Both ends	Environmental Organisations	I	Government	Government	B	Belo Monte Dam
422	45	https://www.bothends.org/en/Whats-new/News/Brazilian-government-says-yes-to-the-construction-of-the-Belo-Monte-Dam	Both ends	Environmental Organisations	I	Indigenous Tribes	Indigenous People	B	Belo Monte Dam
423	45	https://www.bothends.org/en/Whats-new/News/Brazilian-government-says-yes-to-the-construction-of-the-Belo-Monte-Dam	Both ends	Environmental Organisations	I	NESA	Private Companies	B	Belo Monte Dam
424	45	https://www.bothends.org/en/Whats-new/News/Brazilian-government-says-yes-to-the-construction-of-the-Belo-Monte-Dam	Both ends	Environmental Organisations	I	Inter-American Human Rights Commission	Human Rights Organisations	I	Belo Monte Dam
425	45	https://www.bothends.org/en/Whats-new/News/Brazilian-government-says-yes-to-the-construction-of-the-Belo-Monte-Dam	Both ends	Environmental Organisations	I	International Rivers	Environmental Organisations	I	Belo Monte Dam
426	45	https://www.bothends.org/en/Whats-new/News/Brazilian-government-says-yes-to-the-construction-of-the-Belo-Monte-Dam	Both ends	Environmental Organisations	I	Both Ends	Environmental Organisations	I	Belo Monte Dam
427	45	https://www.bothends.org/en/Whats-new/News/Brazilian-government-says-yes-to-the-construction-of-the-Belo-Monte-Dam	Both ends	Environmental Organisations	I	Friends of the Earth	Environmental Organisations	I	Belo Monte Dam
428	45	https://www.bothends.org/en/Whats-new/News/Brazilian-government-says-yes-to-the-construction-of-the-Belo-Monte-Dam	Both ends	Environmental Organisations	I	Brazilian Development Bank	Backers	B	Belo Monte Dam
429	46	Belo Monte dam makes Altamira the most violent city in Brazil | Ãgua e ... www.mabnacional.org.br/en/.../belo-monte-dam-makes-altamira-most-violent-city-bra...	Movimento dos Atingidos por Barragens	Environmental Organisations	B	Institute for Applied Economic Research	Scientific and Academic Community	B	Belo Monte Dam
430	46	Belo Monte dam makes Altamira the most violent city in Brazil | Ãgua e ... www.mabnacional.org.br/en/.../belo-monte-dam-makes-altamira-most-violent-city-bra...	Movimento dos Atingidos por Barragens	Environmental Organisations	B	Public Safety Forum	Government	B	Belo Monte Dam
431	46	Belo Monte dam makes Altamira the most violent city in Brazil | Ãgua e ... www.mabnacional.org.br/en/.../belo-monte-dam-makes-altamira-most-violent-city-bra...	Movimento dos Atingidos por Barragens	Environmental Organisations	B	IBAMA	Government	B	Belo Monte Dam
432	46	Belo Monte dam makes Altamira the most violent city in Brazil | Ãgua e ... www.mabnacional.org.br/en/.../belo-monte-dam-makes-altamira-most-violent-city-bra...	Movimento dos Atingidos por Barragens	Environmental Organisations	B	Workers	Non-Indigenous Residents	B	Belo Monte Dam
433	46	Belo Monte dam makes Altamira the most violent city in Brazil | Ãgua e ... www.mabnacional.org.br/en/.../belo-monte-dam-makes-altamira-most-violent-city-bra...	Movimento dos Atingidos por Barragens	Environmental Organisations	B	Brazilian Forum on Public Safety	Government	B	Belo Monte Dam
434	46	Belo Monte dam makes Altamira the most violent city in Brazil | Ãgua e ... www.mabnacional.org.br/en/.../belo-monte-dam-makes-altamira-most-violent-city-bra...	Movimento dos Atingidos por Barragens	Environmental Organisations	B	Fabiano Vitoriano	Human Rights Organisations	B	Belo Monte Dam
435	46	Belo Monte dam makes Altamira the most violent city in Brazil | Ãgua e ... www.mabnacional.org.br/en/.../belo-monte-dam-makes-altamira-most-violent-city-bra...	Movimento dos Atingidos por Barragens	Environmental Organisations	B	Movimiento de los Afectados por Represas (MAB)	Human Rights Organisations	B	Belo Monte Dam
436	46	Belo Monte dam makes Altamira the most violent city in Brazil | Ãgua e ... www.mabnacional.org.br/en/.../belo-monte-dam-makes-altamira-most-violent-city-bra...	Movimento dos Atingidos por Barragens	Environmental Organisations	B	Norte Energia	Private Companies	B	Belo Monte Dam
437	46	Belo Monte dam makes Altamira the most violent city in Brazil | Ãgua e ... www.mabnacional.org.br/en/.../belo-monte-dam-makes-altamira-most-violent-city-bra...	Movimento dos Atingidos por Barragens	Environmental Organisations	B	Public Safety Secretariat of Pará	Government	B	Belo Monte Dam
438	47	https://www.oneworld.nl/achtergrond/brazilie-overspoeld-met-kritiek-over-belo-monte-dam/	OneWorld Foundation	Environmental Organisations	I	Eletronorte	Private Companies	B	Belo Monte Dam
439	47	https://www.oneworld.nl/achtergrond/brazilie-overspoeld-met-kritiek-over-belo-monte-dam/	OneWorld Foundation	Environmental Organisations	I	Indigenous Tribes	Indigenous People	B	Belo Monte Dam
440	47	https://www.oneworld.nl/achtergrond/brazilie-overspoeld-met-kritiek-over-belo-monte-dam/	OneWorld Foundation	Environmental Organisations	I	Government	Government	B	Belo Monte Dam
441	47	https://www.oneworld.nl/achtergrond/brazilie-overspoeld-met-kritiek-over-belo-monte-dam/	OneWorld Foundation	Environmental Organisations	I	IBAMA	Government	B	Belo Monte Dam
442	47	https://www.oneworld.nl/achtergrond/brazilie-overspoeld-met-kritiek-over-belo-monte-dam/	OneWorld Foundation	Environmental Organisations	I	Luiz Inácio Lula da Silva	Political Parties	B	Belo Monte Dam
443	47	https://www.oneworld.nl/achtergrond/brazilie-overspoeld-met-kritiek-over-belo-monte-dam/	OneWorld Foundation	Environmental Organisations	I	James Cameron	Celebrities	I	Belo Monte Dam
444	47	https://www.oneworld.nl/achtergrond/brazilie-overspoeld-met-kritiek-over-belo-monte-dam/	OneWorld Foundation	Environmental Organisations	I	International Rivers	Environmental Organisations	I	Belo Monte Dam
445	47	https://www.oneworld.nl/achtergrond/brazilie-overspoeld-met-kritiek-over-belo-monte-dam/	OneWorld Foundation	Environmental Organisations	I	CIMI	Religious Organisations	B	Belo Monte Dam
446	47	https://www.oneworld.nl/achtergrond/brazilie-overspoeld-met-kritiek-over-belo-monte-dam/	OneWorld Foundation	Environmental Organisations	I	WWF Brasil	Environmental Organisations	B	Belo Monte Dam
447	48	https://aag.secure-abstracts.com/AAG%20Annual%20Meeting%202018/sessions-gallery/11665	American Association of Geographers	Social Media and Publishing Platforms	I	Indigenous Tribes	Indigenous People	B	Belo Monte Dam
448	49	https://www.researchgate.net/publication/312693680_Belo_Monte_Dam_a_spearhead_for_Brazil%27s_dam-building_attack_on_Amazonia_GWS_Discussion_Paper_1210	Research Gate	Social Media and Publishing Platforms	I	Brazilian Academy of Sciences	Scientific and Academic Community	B	Belo Monte Dam
449	49	https://www.researchgate.net/publication/312693680_Belo_Monte_Dam_a_spearhead_for_Brazil%27s_dam-building_attack_on_Amazonia_GWS_Discussion_Paper_1211	Research Gate	Social Media and Publishing Platforms	I	Government	Government	B	Belo Monte Dam
450	49	https://www.researchgate.net/publication/312693680_Belo_Monte_Dam_a_spearhead_for_Brazil%27s_dam-building_attack_on_Amazonia_GWS_Discussion_Paper_1212	Research Gate	Social Media and Publishing Platforms	I	Inter-American Human Rights Commission	Human Rights Organisations	I	Belo Monte Dam
451	49	https://www.researchgate.net/publication/312693680_Belo_Monte_Dam_a_spearhead_for_Brazil%27s_dam-building_attack_on_Amazonia_GWS_Discussion_Paper_1213	Research Gate	Social Media and Publishing Platforms	I	Brazil’s National Council for Energy Policy (CNPE)	Government	B	Belo Monte Dam
452	49	https://www.researchgate.net/publication/312693680_Belo_Monte_Dam_a_spearhead_for_Brazil%27s_dam-building_attack_on_Amazonia_GWS_Discussion_Paper_1214	Research Gate	Social Media and Publishing Platforms	I	Indigenous Tribes	Indigenous People	B	Belo Monte Dam
453	50	https://www.thecivilengineer.org/news-center/latest-news/item/564-belo-monte-dam-in-brazil-to-become-3rd-largest-dam-in-the-world	Civil Engineer	Social Media and Publishing Platforms	I	Engineers	Scientific and Academic Community	B	Belo Monte Dam