Position	N°	Link	Channel	Channel Category	Channel localization	Reported Actors	Reported Actor Category	Actor localization	Search
1	1	https://pt.wikipedia.org/wiki/Usina_Hidrel%C3%A9trica_de_Belo_Monte	Wikipedia	Educational and Academic	I	Norte Energia	Private Companies	B	Usina Hidrelétrica de Belo Monte
2	1	https://pt.wikipedia.org/wiki/Usina_Hidrel%C3%A9trica_de_Belo_Monte	Wikipedia	Educational and Academic	I	Catholic Church	Religious Organisations	I	Usina Hidrelétrica de Belo Monte
3	1	https://pt.wikipedia.org/wiki/Usina_Hidrel%C3%A9trica_de_Belo_Monte	Wikipedia	Educational and Academic	I	Jesuit Missions	Religious Organisations	B	Usina Hidrelétrica de Belo Monte
4	1	https://pt.wikipedia.org/wiki/Usina_Hidrel%C3%A9trica_de_Belo_Monte	Wikipedia	Educational and Academic	I	Eletronorte	Private Companies	B	Usina Hidrelétrica de Belo Monte
5	1	https://pt.wikipedia.org/wiki/Usina_Hidrel%C3%A9trica_de_Belo_Monte	Wikipedia	Educational and Academic	I	Índia Tuíra	Indigenous People	B	Usina Hidrelétrica de Belo Monte
6	1	https://pt.wikipedia.org/wiki/Usina_Hidrel%C3%A9trica_de_Belo_Monte	Wikipedia	Educational and Academic	I	Sting	Celebrities	I	Usina Hidrelétrica de Belo Monte
7	1	https://pt.wikipedia.org/wiki/Usina_Hidrel%C3%A9trica_de_Belo_Monte	Wikipedia	Educational and Academic	I	Luiz Inácio Lula da Silva	Political Parties	B	Usina Hidrelétrica de Belo Monte
8	1	https://pt.wikipedia.org/wiki/Usina_Hidrel%C3%A9trica_de_Belo_Monte	Wikipedia	Educational and Academic	I	Congresso Nacional do Brasil	Government	B	Usina Hidrelétrica de Belo Monte
9	1	https://pt.wikipedia.org/wiki/Usina_Hidrel%C3%A9trica_de_Belo_Monte	Wikipedia	Educational and Academic	I	Grupo Camargo Corrêa	Private Companies	B	Usina Hidrelétrica de Belo Monte
10	1	https://pt.wikipedia.org/wiki/Usina_Hidrel%C3%A9trica_de_Belo_Monte	Wikipedia	Educational and Academic	I	Odebrecht	Private Companies	B	Usina Hidrelétrica de Belo Monte
11	1	https://pt.wikipedia.org/wiki/Usina_Hidrel%C3%A9trica_de_Belo_Monte	Wikipedia	Educational and Academic	I	Grupo Andrade Gutierrez	Private Companies	B	Usina Hidrelétrica de Belo Monte
12	1	https://pt.wikipedia.org/wiki/Usina_Hidrel%C3%A9trica_de_Belo_Monte	Wikipedia	Educational and Academic	I	Supreme Federal Court	Judiciary	B	Usina Hidrelétrica de Belo Monte
13	1	https://pt.wikipedia.org/wiki/Usina_Hidrel%C3%A9trica_de_Belo_Monte	Wikipedia	Educational and Academic	I	IBAMA	Government	B	Usina Hidrelétrica de Belo Monte
14	1	https://pt.wikipedia.org/wiki/Usina_Hidrel%C3%A9trica_de_Belo_Monte	Wikipedia	Educational and Academic	I	Ministry of Mines and Energy	Government	B	Usina Hidrelétrica de Belo Monte
15	1	https://pt.wikipedia.org/wiki/Usina_Hidrel%C3%A9trica_de_Belo_Monte	Wikipedia	Educational and Academic	I	Márcio Zimmermann	Government	B	Usina Hidrelétrica de Belo Monte
16	1	https://pt.wikipedia.org/wiki/Usina_Hidrel%C3%A9trica_de_Belo_Monte	Wikipedia	Educational and Academic	I	O Dia	News	B	Usina Hidrelétrica de Belo Monte
17	1	https://pt.wikipedia.org/wiki/Usina_Hidrel%C3%A9trica_de_Belo_Monte	Wikipedia	Educational and Academic	I	Supreme Federal Court	Judiciary	B	Usina Hidrelétrica de Belo Monte
18	1	https://pt.wikipedia.org/wiki/Usina_Hidrel%C3%A9trica_de_Belo_Monte	Wikipedia	Educational and Academic	I	Regional Federal Court	Judiciary	B	Usina Hidrelétrica de Belo Monte
19	1	https://pt.wikipedia.org/wiki/Usina_Hidrel%C3%A9trica_de_Belo_Monte	Wikipedia	Educational and Academic	I	Advocacia-Geral da União	Government	B	Usina Hidrelétrica de Belo Monte
20	1	https://pt.wikipedia.org/wiki/Usina_Hidrel%C3%A9trica_de_Belo_Monte	Wikipedia	Educational and Academic	I	Ministry of Justice	Government	B	Usina Hidrelétrica de Belo Monte
21	1	https://pt.wikipedia.org/wiki/Usina_Hidrel%C3%A9trica_de_Belo_Monte	Wikipedia	Educational and Academic	I	Luís Inácio Adams	Private Companies	B	Usina Hidrelétrica de Belo Monte
22	1	https://pt.wikipedia.org/wiki/Usina_Hidrel%C3%A9trica_de_Belo_Monte	Wikipedia	Educational and Academic	I	Government	Government	B	Usina Hidrelétrica de Belo Monte
23	1	https://pt.wikipedia.org/wiki/Usina_Hidrel%C3%A9trica_de_Belo_Monte	Wikipedia	Educational and Academic	I	Eletrobrás	Private Companies	B	Usina Hidrelétrica de Belo Monte
24	1	https://pt.wikipedia.org/wiki/Usina_Hidrel%C3%A9trica_de_Belo_Monte	Wikipedia	Educational and Academic	I	Queiroz Galvão	Private Companies	B	Usina Hidrelétrica de Belo Monte
25	1	https://pt.wikipedia.org/wiki/Usina_Hidrel%C3%A9trica_de_Belo_Monte	Wikipedia	Educational and Academic	I	Galvão Engenharia	Private Companies	B	Usina Hidrelétrica de Belo Monte
26	1	https://pt.wikipedia.org/wiki/Usina_Hidrel%C3%A9trica_de_Belo_Monte	Wikipedia	Educational and Academic	I	Grupo J. Malucelli	Private Companies	B	Usina Hidrelétrica de Belo Monte
27	1	https://pt.wikipedia.org/wiki/Usina_Hidrel%C3%A9trica_de_Belo_Monte	Wikipedia	Educational and Academic	I	Eletrobrás	Private Companies	B	Usina Hidrelétrica de Belo Monte
28	1	https://pt.wikipedia.org/wiki/Usina_Hidrel%C3%A9trica_de_Belo_Monte	Wikipedia	Educational and Academic	I	Eletrobrás	Private Companies	B	Usina Hidrelétrica de Belo Monte
29	1	https://pt.wikipedia.org/wiki/Usina_Hidrel%C3%A9trica_de_Belo_Monte	Wikipedia	Educational and Academic	I	Vale S.A.	Private Companies	B	Usina Hidrelétrica de Belo Monte
30	1	https://pt.wikipedia.org/wiki/Usina_Hidrel%C3%A9trica_de_Belo_Monte	Wikipedia	Educational and Academic	I	Neoenergia	Private Companies	B	Usina Hidrelétrica de Belo Monte
31	1	https://pt.wikipedia.org/wiki/Usina_Hidrel%C3%A9trica_de_Belo_Monte	Wikipedia	Educational and Academic	I	Companhia Brasileira de Alumínio	Private Companies	B	Usina Hidrelétrica de Belo Monte
32	1	https://pt.wikipedia.org/wiki/Usina_Hidrel%C3%A9trica_de_Belo_Monte	Wikipedia	Educational and Academic	I	Eletrobrás	Private Companies	B	Usina Hidrelétrica de Belo Monte
33	1	https://pt.wikipedia.org/wiki/Usina_Hidrel%C3%A9trica_de_Belo_Monte	Wikipedia	Educational and Academic	I	Companhia Siderúrgica Nacional	Private Companies	B	Usina Hidrelétrica de Belo Monte
34	1	https://pt.wikipedia.org/wiki/Usina_Hidrel%C3%A9trica_de_Belo_Monte	Wikipedia	Educational and Academic	I	Gerdau	Private Companies	B	Usina Hidrelétrica de Belo Monte
35	1	https://pt.wikipedia.org/wiki/Usina_Hidrel%C3%A9trica_de_Belo_Monte	Wikipedia	Educational and Academic	I	Alcoa	Private Companies	I	Usina Hidrelétrica de Belo Monte
36	1	https://pt.wikipedia.org/wiki/Usina_Hidrel%C3%A9trica_de_Belo_Monte	Wikipedia	Educational and Academic	I	Grupo Bertin	Private Companies	B	Usina Hidrelétrica de Belo Monte
37	1	https://pt.wikipedia.org/wiki/Usina_Hidrel%C3%A9trica_de_Belo_Monte	Wikipedia	Educational and Academic	I	Brazilian Development Bank	Backers	B	Usina Hidrelétrica de Belo Monte
38	1	https://pt.wikipedia.org/wiki/Usina_Hidrel%C3%A9trica_de_Belo_Monte	Wikipedia	Educational and Academic	I	Companhia Energética de Minas Gerais	Private Companies	B	Usina Hidrelétrica de Belo Monte
39	1	https://pt.wikipedia.org/wiki/Usina_Hidrel%C3%A9trica_de_Belo_Monte	Wikipedia	Educational and Academic	I	Petros	Backers	B	Usina Hidrelétrica de Belo Monte
40	1	https://pt.wikipedia.org/wiki/Usina_Hidrel%C3%A9trica_de_Belo_Monte	Wikipedia	Educational and Academic	I	Funcef	Backers	B	Usina Hidrelétrica de Belo Monte
41	1	https://pt.wikipedia.org/wiki/Usina_Hidrel%C3%A9trica_de_Belo_Monte	Wikipedia	Educational and Academic	I	Light S.A.	Private Companies	B	Usina Hidrelétrica de Belo Monte
42	1	https://pt.wikipedia.org/wiki/Usina_Hidrel%C3%A9trica_de_Belo_Monte	Wikipedia	Educational and Academic	I	Sinobras	Private Companies	B	Usina Hidrelétrica de Belo Monte
43	1	https://pt.wikipedia.org/wiki/Usina_Hidrel%C3%A9trica_de_Belo_Monte	Wikipedia	Educational and Academic	I	Marina Silva	Political Parties	B	Usina Hidrelétrica de Belo Monte
44	1	https://pt.wikipedia.org/wiki/Usina_Hidrel%C3%A9trica_de_Belo_Monte	Wikipedia	Educational and Academic	I	Dilma Rousseff	Political Parties	B	Usina Hidrelétrica de Belo Monte
45	1	https://pt.wikipedia.org/wiki/Usina_Hidrel%C3%A9trica_de_Belo_Monte	Wikipedia	Educational and Academic	I	James Cameron	Celebrities	I	Usina Hidrelétrica de Belo Monte
46	1	https://pt.wikipedia.org/wiki/Usina_Hidrel%C3%A9trica_de_Belo_Monte	Wikipedia	Educational and Academic	I	Greenpeace	Environmental Organisations	I	Usina Hidrelétrica de Belo Monte
47	1	https://pt.wikipedia.org/wiki/Usina_Hidrel%C3%A9trica_de_Belo_Monte	Wikipedia	Educational and Academic	I	Raoni	Indigenous People	B	Usina Hidrelétrica de Belo Monte
48	1	https://pt.wikipedia.org/wiki/Usina_Hidrel%C3%A9trica_de_Belo_Monte	Wikipedia	Educational and Academic	I	Amnesty International	Human Rights Organisations	I	Usina Hidrelétrica de Belo Monte
49	1	https://pt.wikipedia.org/wiki/Usina_Hidrel%C3%A9trica_de_Belo_Monte	Wikipedia	Educational and Academic	I	UNHRC	Human Rights Organisations	I	Usina Hidrelétrica de Belo Monte
50	1	https://pt.wikipedia.org/wiki/Usina_Hidrel%C3%A9trica_de_Belo_Monte	Wikipedia	Educational and Academic	I	SDDH	Human Rights Organisations	B	Usina Hidrelétrica de Belo Monte
51	1	https://pt.wikipedia.org/wiki/Usina_Hidrel%C3%A9trica_de_Belo_Monte	Wikipedia	Educational and Academic	I	Conectas Direitos Humanos	Human Rights Organisations	B	Usina Hidrelétrica de Belo Monte
52	1	https://pt.wikipedia.org/wiki/Usina_Hidrel%C3%A9trica_de_Belo_Monte	Wikipedia	Educational and Academic	I	Indigenous Tribes	Indigenous People	B	Usina Hidrelétrica de Belo Monte
53	1	https://pt.wikipedia.org/wiki/Usina_Hidrel%C3%A9trica_de_Belo_Monte	Wikipedia	Educational and Academic	I	Federal University of Pará	Scientific and Academic Community	B	Usina Hidrelétrica de Belo Monte
54	1	https://pt.wikipedia.org/wiki/Usina_Hidrel%C3%A9trica_de_Belo_Monte	Wikipedia	Educational and Academic	I	Erwin Kräutler	Scientific and Academic Community	I	Usina Hidrelétrica de Belo Monte
55	1	https://pt.wikipedia.org/wiki/Usina_Hidrel%C3%A9trica_de_Belo_Monte	Wikipedia	Educational and Academic	I	Mauricio Tolmasquim	Government	B	Usina Hidrelétrica de Belo Monte
56	1	https://pt.wikipedia.org/wiki/Usina_Hidrel%C3%A9trica_de_Belo_Monte	Wikipedia	Educational and Academic	I	Unicamp (Universidade Estadual de Campinas)	Scientific and Academic Community	B	Usina Hidrelétrica de Belo Monte
57	1	https://pt.wikipedia.org/wiki/Usina_Hidrel%C3%A9trica_de_Belo_Monte	Wikipedia	Educational and Academic	I	Rogério Cézar de Cerqueira Leite	Scientific and Academic Community	B	Usina Hidrelétrica de Belo Monte
58	1	https://pt.wikipedia.org/wiki/Usina_Hidrel%C3%A9trica_de_Belo_Monte	Wikipedia	Educational and Academic	I	Ministry of Agriculture	Government	B	Usina Hidrelétrica de Belo Monte
59	1	https://pt.wikipedia.org/wiki/Usina_Hidrel%C3%A9trica_de_Belo_Monte	Wikipedia	Educational and Academic	I	Fundação Getúlio Vargas (Fundação Getulio Vargas)	Scientific and Academic Community	B	Usina Hidrelétrica de Belo Monte
60	1	https://pt.wikipedia.org/wiki/Usina_Hidrel%C3%A9trica_de_Belo_Monte	Wikipedia	Educational and Academic	I	Roberto Rodrigues	Scientific and Academic Community	B	Usina Hidrelétrica de Belo Monte
61	1	https://pt.wikipedia.org/wiki/Usina_Hidrel%C3%A9trica_de_Belo_Monte	Wikipedia	Educational and Academic	I	Police	Government	B	Usina Hidrelétrica de Belo Monte
62	1	https://pt.wikipedia.org/wiki/Usina_Hidrel%C3%A9trica_de_Belo_Monte	Wikipedia	Educational and Academic	I	Antonio Carlos Almeida Campelo	Judiciary	B	Usina Hidrelétrica de Belo Monte
63	2	https://mundoeducacao.bol.uol.com.br/geografia/usina-belo-monte.htm	Mundo Educação	Educational and Academic	B	Environmental Activists	Environmental Organisations	B	Usina Hidrelétrica de Belo Monte
64	2	https://mundoeducacao.bol.uol.com.br/geografia/usina-belo-monte.htm	Mundo Educação	Educational and Academic	B	Government	Government	B	Usina Hidrelétrica de Belo Monte
65	2	https://mundoeducacao.bol.uol.com.br/geografia/usina-belo-monte.htm	Mundo Educação	Educational and Academic	B	Indigenous Tribes	Indigenous People	B	Usina Hidrelétrica de Belo Monte
66	2	https://mundoeducacao.bol.uol.com.br/geografia/usina-belo-monte.htm	Mundo Educação	Educational and Academic	B	Greenpeace	Environmental Organisations	I	Usina Hidrelétrica de Belo Monte
67	2	https://mundoeducacao.bol.uol.com.br/geografia/usina-belo-monte.htm	Mundo Educação	Educational and Academic	B	James Cameron	Celebrities	I	Usina Hidrelétrica de Belo Monte
68	2	https://mundoeducacao.bol.uol.com.br/geografia/usina-belo-monte.htm	Mundo Educação	Educational and Academic	B	Supreme Federal Court	Judiciary	B	Usina Hidrelétrica de Belo Monte
69	2	https://mundoeducacao.bol.uol.com.br/geografia/usina-belo-monte.htm	Mundo Educação	Educational and Academic	B	Regional Federal Court	Judiciary	B	Usina Hidrelétrica de Belo Monte
70	3	https://www.youtube.com/watch?v=_HSN1IKLXzk	YouTube	Social Media and Publishing Platforms	I	TV NBR	News	B	Usina Hidrelétrica de Belo Monte
71	3	https://www.youtube.com/watch?v=_HSN1IKLXzk	YouTube	Social Media and Publishing Platforms	I	Dilma Rousseff	Political Parties	B	Usina Hidrelétrica de Belo Monte
72	4	https://www.youtube.com/watch?v=Lpf9cDpx-gI	YouTube	Social Media and Publishing Platforms	I	UHE Belo Monte	Private Companies	B	Usina Hidrelétrica de Belo Monte
73	5	https://www.youtube.com/watch?v=Lpf9cDpx-gI	Globoplay	Social Media and Publishing Platforms	B				Usina Hidrelétrica de Belo Monte
74	6	https://www.norteenergiasa.com.br/pt-br/uhe-belo-monte/a-usina	Norte Energia	Private Companies	B	/	/		Usina Hidrelétrica de Belo Monte
75	7	https://www.survival.it/informacao/barragens-belo-monte	Survival	Human Rights Organisations	I	Government	Government	B	Usina Hidrelétrica de Belo Monte
76	7	https://www.survival.it/informacao/barragens-belo-monte	Survival	Human Rights Organisations	I	Kayapo	Indigenous People	B	Usina Hidrelétrica de Belo Monte
77	7	https://www.survival.it/informacao/barragens-belo-monte	Survival	Human Rights Organisations	I	Arara	Indigenous People	B	Usina Hidrelétrica de Belo Monte
78	7	https://www.survival.it/informacao/barragens-belo-monte	Survival	Human Rights Organisations	I	Yudjá	Indigenous People	B	Usina Hidrelétrica de Belo Monte
79	7	https://www.survival.it/informacao/barragens-belo-monte	Survival	Human Rights Organisations	I	Araweté	Indigenous People	B	Usina Hidrelétrica de Belo Monte
80	7	https://www.survival.it/informacao/barragens-belo-monte	Survival	Human Rights Organisations	I	Xikrin	Indigenous People	B	Usina Hidrelétrica de Belo Monte
81	7	https://www.survival.it/informacao/barragens-belo-monte	Survival	Human Rights Organisations	I	Asurini	Indigenous People	B	Usina Hidrelétrica de Belo Monte
82	7	https://www.survival.it/informacao/barragens-belo-monte	Survival	Human Rights Organisations	I	Parakanã	Indigenous People	B	Usina Hidrelétrica de Belo Monte
83	7	https://www.survival.it/informacao/barragens-belo-monte	Survival	Human Rights Organisations	I	Immigrants	Non-Indigenous Residents	B	Usina Hidrelétrica de Belo Monte
84	7	https://www.survival.it/informacao/barragens-belo-monte	Survival	Human Rights Organisations	I	FUNAI (Fundação Nacional do Índio)	Government	B	Usina Hidrelétrica de Belo Monte
85	7	https://www.survival.it/informacao/barragens-belo-monte	Survival	Human Rights Organisations	I	Luiz Inácio Lula da Silva	Political Parties	B	Usina Hidrelétrica de Belo Monte
86	7	https://www.survival.it/informacao/barragens-belo-monte	Survival	Human Rights Organisations	I	Indigenous Tribes	Indigenous People	B	Usina Hidrelétrica de Belo Monte
87	7	https://www.survival.it/informacao/barragens-belo-monte	Survival	Human Rights Organisations	I	Supreme Federal Court	Judiciary	B	Usina Hidrelétrica de Belo Monte
88	8	http://www.mme.gov.br/web/guest/destaques-do-setor-de-energia/belo-monte	Minas e Energia	Governmental Institutions	B	Government	Government	B	Usina Hidrelétrica de Belo Monte
89	8	http://www.mme.gov.br/web/guest/destaques-do-setor-de-energia/belo-monte	Minas e Energia	Governmental Institutions	B	Indigenous Tribes	Indigenous People	B	Usina Hidrelétrica de Belo Monte
90	8	http://www.mme.gov.br/web/guest/destaques-do-setor-de-energia/belo-monte	Minas e Energia	Governmental Institutions	B	Non-indigenous Residents	Non-Indigenous Residents	B	Usina Hidrelétrica de Belo Monte
91	8	http://www.mme.gov.br/web/guest/destaques-do-setor-de-energia/belo-monte	Minas e Energia	Governmental Institutions	B	Brazil’s National Council for Energy Policy (CNPE)	Government	B	Usina Hidrelétrica de Belo Monte
92	8	http://www.mme.gov.br/web/guest/destaques-do-setor-de-energia/belo-monte	Minas e Energia	Governmental Institutions	B	Estudo de Impacto Ambiental	Environmental Organisations	B	Usina Hidrelétrica de Belo Monte
93	8	http://www.mme.gov.br/web/guest/destaques-do-setor-de-energia/belo-monte	Minas e Energia	Governmental Institutions	B	Pará	Government	B	Usina Hidrelétrica de Belo Monte
94	9	https://g1.globo.com/economia/noticia/usina-de-belo-monte-alega-perda-milionaria-por-restricao-em-sistema-de-transmissao.ghtml	G1	News	B	Abengoa	Private Companies	I	Usina Hidrelétrica de Belo Monte
95	9	https://g1.globo.com/economia/noticia/usina-de-belo-monte-alega-perda-milionaria-por-restricao-em-sistema-de-transmissao.ghtml	G2	News	B	Isolux	Private Companies	I	Usina Hidrelétrica de Belo Monte
96	9	https://g1.globo.com/economia/noticia/usina-de-belo-monte-alega-perda-milionaria-por-restricao-em-sistema-de-transmissao.ghtml	G3	News	B	Norte Energia	Private Companies	B	Usina Hidrelétrica de Belo Monte
97	9	https://g1.globo.com/economia/noticia/usina-de-belo-monte-alega-perda-milionaria-por-restricao-em-sistema-de-transmissao.ghtml	G4	News	B	ANEEL (Agência Nacional de Energia Elétrica)	Government	B	Usina Hidrelétrica de Belo Monte
98	9	https://g1.globo.com/economia/noticia/usina-de-belo-monte-alega-perda-milionaria-por-restricao-em-sistema-de-transmissao.ghtml	G5	News	B	Eletrobrás	Private Companies	B	Usina Hidrelétrica de Belo Monte
99	9	https://g1.globo.com/economia/noticia/usina-de-belo-monte-alega-perda-milionaria-por-restricao-em-sistema-de-transmissao.ghtml	G6	News	B	Neoenergia	Private Companies	B	Usina Hidrelétrica de Belo Monte
100	9	https://g1.globo.com/economia/noticia/usina-de-belo-monte-alega-perda-milionaria-por-restricao-em-sistema-de-transmissao.ghtml	G7	News	B	Light S.A.	Private Companies	B	Usina Hidrelétrica de Belo Monte
101	9	https://g1.globo.com/economia/noticia/usina-de-belo-monte-alega-perda-milionaria-por-restricao-em-sistema-de-transmissao.ghtml	G8	News	B	Companhia Energética de Minas Gerais	Private Companies	B	Usina Hidrelétrica de Belo Monte
102	9	https://g1.globo.com/economia/noticia/usina-de-belo-monte-alega-perda-milionaria-por-restricao-em-sistema-de-transmissao.ghtml	G9	News	B	Vale S.A.	Private Companies	B	Usina Hidrelétrica de Belo Monte
103	9	https://g1.globo.com/economia/noticia/usina-de-belo-monte-alega-perda-milionaria-por-restricao-em-sistema-de-transmissao.ghtml	G10	News	B	Reuters	News	I	Usina Hidrelétrica de Belo Monte
104	10	https://www.gazetadopovo.com.br/politica/republica/da-india-tuira-a-lava-jato-belo-monte-coleciona-polemicas-ha-mais-de-40-anos-77or1lqx7sv4f4us0b0vvy3ic/	Gazeta Do Povo	News	B	Government	Government	B	Usina Hidrelétrica de Belo Monte
105	10	https://www.gazetadopovo.com.br/politica/republica/da-india-tuira-a-lava-jato-belo-monte-coleciona-polemicas-ha-mais-de-40-anos-77or1lqx7sv4f4us0b0vvy3ic/	Gazeta Do Povo	News	B	Indigenous Tribes	Indigenous People	B	Usina Hidrelétrica de Belo Monte
106	10	https://www.gazetadopovo.com.br/politica/republica/da-india-tuira-a-lava-jato-belo-monte-coleciona-polemicas-ha-mais-de-40-anos-77or1lqx7sv4f4us0b0vvy3ic/	Gazeta Do Povo	News	B	Operação Lava Jato	Government	B	Usina Hidrelétrica de Belo Monte
107	10	https://www.gazetadopovo.com.br/politica/republica/da-india-tuira-a-lava-jato-belo-monte-coleciona-polemicas-ha-mais-de-40-anos-77or1lqx7sv4f4us0b0vvy3ic/	Gazeta Do Povo	News	B	Kayapo	Indigenous People	B	Usina Hidrelétrica de Belo Monte
108	10	https://www.gazetadopovo.com.br/politica/republica/da-india-tuira-a-lava-jato-belo-monte-coleciona-polemicas-ha-mais-de-40-anos-77or1lqx7sv4f4us0b0vvy3ic/	Gazeta Do Povo	News	B	Brazilian Development Bank	Backers	B	Usina Hidrelétrica de Belo Monte
109	10	https://www.gazetadopovo.com.br/politica/republica/da-india-tuira-a-lava-jato-belo-monte-coleciona-polemicas-ha-mais-de-40-anos-77or1lqx7sv4f4us0b0vvy3ic/	Gazeta Do Povo	News	B	Eletrobrás	Private Companies	B	Usina Hidrelétrica de Belo Monte
110	10	https://www.gazetadopovo.com.br/politica/republica/da-india-tuira-a-lava-jato-belo-monte-coleciona-polemicas-ha-mais-de-40-anos-77or1lqx7sv4f4us0b0vvy3ic/	Gazeta Do Povo	News	B	JBS	Private Companies	B	Usina Hidrelétrica de Belo Monte
111	10	https://www.gazetadopovo.com.br/politica/republica/da-india-tuira-a-lava-jato-belo-monte-coleciona-polemicas-ha-mais-de-40-anos-77or1lqx7sv4f4us0b0vvy3ic/	Gazeta Do Povo	News	B	Grupo Bertin	Private Companies	B	Usina Hidrelétrica de Belo Monte
112	10	https://www.gazetadopovo.com.br/politica/republica/da-india-tuira-a-lava-jato-belo-monte-coleciona-polemicas-ha-mais-de-40-anos-77or1lqx7sv4f4us0b0vvy3ic/	Gazeta Do Povo	News	B	Luiz Inácio Lula da Silva	Political Parties	B	Usina Hidrelétrica de Belo Monte
113	10	https://www.gazetadopovo.com.br/politica/republica/da-india-tuira-a-lava-jato-belo-monte-coleciona-polemicas-ha-mais-de-40-anos-77or1lqx7sv4f4us0b0vvy3ic/	Gazeta Do Povo	News	B	Tribunal de Contas da União	Judiciary	B	Usina Hidrelétrica de Belo Monte
114	10	https://www.gazetadopovo.com.br/politica/republica/da-india-tuira-a-lava-jato-belo-monte-coleciona-polemicas-ha-mais-de-40-anos-77or1lqx7sv4f4us0b0vvy3ic/	Gazeta Do Povo	News	B	José Múcio Monteiro	Judiciary	B	Usina Hidrelétrica de Belo Monte
115	10	https://www.gazetadopovo.com.br/politica/republica/da-india-tuira-a-lava-jato-belo-monte-coleciona-polemicas-ha-mais-de-40-anos-77or1lqx7sv4f4us0b0vvy3ic/	Gazeta Do Povo	News	B	Eletronorte	Private Companies	B	Usina Hidrelétrica de Belo Monte
116	10	https://www.gazetadopovo.com.br/politica/republica/da-india-tuira-a-lava-jato-belo-monte-coleciona-polemicas-ha-mais-de-40-anos-77or1lqx7sv4f4us0b0vvy3ic/	Gazeta Do Povo	News	B	Grupo Camargo Corrêa	Private Companies	B	Usina Hidrelétrica de Belo Monte
117	10	https://www.gazetadopovo.com.br/politica/republica/da-india-tuira-a-lava-jato-belo-monte-coleciona-polemicas-ha-mais-de-40-anos-77or1lqx7sv4f4us0b0vvy3ic/	Gazeta Do Povo	News	B	Grupo Andrade Gutierrez	Private Companies	B	Usina Hidrelétrica de Belo Monte
118	10	https://www.gazetadopovo.com.br/politica/republica/da-india-tuira-a-lava-jato-belo-monte-coleciona-polemicas-ha-mais-de-40-anos-77or1lqx7sv4f4us0b0vvy3ic/	Gazeta Do Povo	News	B	Odebrecht	Private Companies	B	Usina Hidrelétrica de Belo Monte
119	10	https://www.gazetadopovo.com.br/politica/republica/da-india-tuira-a-lava-jato-belo-monte-coleciona-polemicas-ha-mais-de-40-anos-77or1lqx7sv4f4us0b0vvy3ic/	Gazeta Do Povo	News	B	Engevix	Private Companies	B	Usina Hidrelétrica de Belo Monte
120	10	https://www.gazetadopovo.com.br/politica/republica/da-india-tuira-a-lava-jato-belo-monte-coleciona-polemicas-ha-mais-de-40-anos-77or1lqx7sv4f4us0b0vvy3ic/	Gazeta Do Povo	News	B	Themag	Private Companies	B	Usina Hidrelétrica de Belo Monte
121	10	https://www.gazetadopovo.com.br/politica/republica/da-india-tuira-a-lava-jato-belo-monte-coleciona-polemicas-ha-mais-de-40-anos-77or1lqx7sv4f4us0b0vvy3ic/	Gazeta Do Povo	News	B	Intertechne	Private Companies	B	Usina Hidrelétrica de Belo Monte
122	10	https://www.gazetadopovo.com.br/politica/republica/da-india-tuira-a-lava-jato-belo-monte-coleciona-polemicas-ha-mais-de-40-anos-77or1lqx7sv4f4us0b0vvy3ic/	Gazeta Do Povo	News	B	Arcadis Tetraplan	Private Companies	B	Usina Hidrelétrica de Belo Monte
123	10	https://www.gazetadopovo.com.br/politica/republica/da-india-tuira-a-lava-jato-belo-monte-coleciona-polemicas-ha-mais-de-40-anos-77or1lqx7sv4f4us0b0vvy3ic/	Gazeta Do Povo	News	B	Indigenous Leaders	Indigenous People	B	Usina Hidrelétrica de Belo Monte
124	10	https://www.gazetadopovo.com.br/politica/republica/da-india-tuira-a-lava-jato-belo-monte-coleciona-polemicas-ha-mais-de-40-anos-77or1lqx7sv4f4us0b0vvy3ic/	Gazeta Do Povo	News	B	Índia Tuíra	Indigenous People	B	Usina Hidrelétrica de Belo Monte
125	10	https://www.gazetadopovo.com.br/politica/republica/da-india-tuira-a-lava-jato-belo-monte-coleciona-polemicas-ha-mais-de-40-anos-77or1lqx7sv4f4us0b0vvy3ic/	Gazeta Do Povo	News	B	José Antonio Muñiz Lopes	Private Companies	B	Usina Hidrelétrica de Belo Monte
126	10	https://www.gazetadopovo.com.br/politica/republica/da-india-tuira-a-lava-jato-belo-monte-coleciona-polemicas-ha-mais-de-40-anos-77or1lqx7sv4f4us0b0vvy3ic/	Gazeta Do Povo	News	B	Sting	Celebrities	B	Usina Hidrelétrica de Belo Monte
127	10	https://www.gazetadopovo.com.br/politica/republica/da-india-tuira-a-lava-jato-belo-monte-coleciona-polemicas-ha-mais-de-40-anos-77or1lqx7sv4f4us0b0vvy3ic/	Gazeta Do Povo	News	B	Petros	Backers	B	Usina Hidrelétrica de Belo Monte
128	10	https://www.gazetadopovo.com.br/politica/republica/da-india-tuira-a-lava-jato-belo-monte-coleciona-polemicas-ha-mais-de-40-anos-77or1lqx7sv4f4us0b0vvy3ic/	Gazeta Do Povo	News	B	Funcef	Backers	B	Usina Hidrelétrica de Belo Monte
129	10	https://www.gazetadopovo.com.br/politica/republica/da-india-tuira-a-lava-jato-belo-monte-coleciona-polemicas-ha-mais-de-40-anos-77or1lqx7sv4f4us0b0vvy3ic/	Gazeta Do Povo	News	B	Banco do Brasil	Backers	B	Usina Hidrelétrica de Belo Monte
130	10	https://www.gazetadopovo.com.br/politica/republica/da-india-tuira-a-lava-jato-belo-monte-coleciona-polemicas-ha-mais-de-40-anos-77or1lqx7sv4f4us0b0vvy3ic/	Gazeta Do Povo	News	B	Queiroz Galvão	Private Companies	B	Usina Hidrelétrica de Belo Monte
131	10	https://www.gazetadopovo.com.br/politica/republica/da-india-tuira-a-lava-jato-belo-monte-coleciona-polemicas-ha-mais-de-40-anos-77or1lqx7sv4f4us0b0vvy3ic/	Gazeta Do Povo	News	B	Mendes Júnior	Private Companies	B	Usina Hidrelétrica de Belo Monte
132	10	https://www.gazetadopovo.com.br/politica/republica/da-india-tuira-a-lava-jato-belo-monte-coleciona-polemicas-ha-mais-de-40-anos-77or1lqx7sv4f4us0b0vvy3ic/	Gazeta Do Povo	News	B	Grupo J. Malucelli	Private Companies	B	Usina Hidrelétrica de Belo Monte
133	10	https://www.gazetadopovo.com.br/politica/republica/da-india-tuira-a-lava-jato-belo-monte-coleciona-polemicas-ha-mais-de-40-anos-77or1lqx7sv4f4us0b0vvy3ic/	Gazeta Do Povo	News	B	Joesley Batista	Private Companies	B	Usina Hidrelétrica de Belo Monte
134	10	https://www.gazetadopovo.com.br/politica/republica/da-india-tuira-a-lava-jato-belo-monte-coleciona-polemicas-ha-mais-de-40-anos-77or1lqx7sv4f4us0b0vvy3ic/	Gazeta Do Povo	News	B	Michel Temer	Political Parties	B	Usina Hidrelétrica de Belo Monte
135	11	https://www.socioambiental.org/pt-br/tags/usina-hidreletrica-de-belo-monte	Istituto Socioambiental	Environmental Organisations	B	Norte Energia	Private Companies	B	Usina Hidrelétrica de Belo Monte
136	11	https://www.socioambiental.org/pt-br/tags/usina-hidreletrica-de-belo-monte	Istituto Socioambiental	Environmental Organisations	B	Regional Federal Court	Judiciary	B	Usina Hidrelétrica de Belo Monte
137	11	https://www.socioambiental.org/pt-br/tags/usina-hidreletrica-de-belo-monte	Istituto Socioambiental	Environmental Organisations	B	Ribeirinhos	Non-Indigenous Residents	B	Usina Hidrelétrica de Belo Monte
138	11	https://www.socioambiental.org/pt-br/tags/usina-hidreletrica-de-belo-monte	Istituto Socioambiental	Environmental Organisations	B	Conselho Nacional de Direitos Humanos	Human Rights Organisations	B	Usina Hidrelétrica de Belo Monte
139	11	https://www.socioambiental.org/pt-br/tags/usina-hidreletrica-de-belo-monte	Istituto Socioambiental	Environmental Organisations	B	Dilma Rousseff	Political Parties	B	Usina Hidrelétrica de Belo Monte
140	11	https://www.socioambiental.org/pt-br/tags/usina-hidreletrica-de-belo-monte	Istituto Socioambiental	Environmental Organisations	B	Supreme Federal Court	Judiciary	B	Usina Hidrelétrica de Belo Monte
141	11	https://www.socioambiental.org/pt-br/tags/usina-hidreletrica-de-belo-monte	Istituto Socioambiental	Environmental Organisations	B	FUNAI (Fundação Nacional do Índio)	Government	B	Usina Hidrelétrica de Belo Monte
142	11	https://www.socioambiental.org/pt-br/tags/usina-hidreletrica-de-belo-monte	Istituto Socioambiental	Environmental Organisations	B	Xingu	Indigenous People	B	Usina Hidrelétrica de Belo Monte
143	12	http://www.grupoorguel.com.br/cases-go/usina-hidreletrica-de-belo-monte/	Orguel	Private Companies	B	Antônio Domingos Júnior	Private Companies	B	Usina Hidrelétrica de Belo Monte
144	12	http://www.grupoorguel.com.br/cases-go/usina-hidreletrica-de-belo-monte/	Orguel	Private Companies	B	Consórcio Construtor de Belo Monte	Private Companies	B	Usina Hidrelétrica de Belo Monte
145	13	https://brasil.elpais.com/tag/represa_belo_monte	El Paìs	News	I	Workers' Party	Political Parties	B	Usina Hidrelétrica de Belo Monte
146	13	https://brasil.elpais.com/tag/represa_belo_monte	El Paìs	News	I	Operador Nacional do Sistema Elétrico (ONS)	Government	B	Usina Hidrelétrica de Belo Monte
147	13	https://brasil.elpais.com/tag/represa_belo_monte	El Paìs	News	I	José Porfirio	Political Parties	B	Usina Hidrelétrica de Belo Monte
148	13	https://brasil.elpais.com/tag/represa_belo_monte	El Paìs	News	I	Rosa Acevedo Marin	Scientific and Academic Community	B	Usina Hidrelétrica de Belo Monte
149	13	https://brasil.elpais.com/tag/represa_belo_monte	El Paìs	News	I	Federal University of Pará	Scientific and Academic Community	B	Usina Hidrelétrica de Belo Monte
150	13	https://brasil.elpais.com/tag/represa_belo_monte	El Paìs	News	I	Indigenous Tribes	Indigenous People	B	Usina Hidrelétrica de Belo Monte
151	13	https://brasil.elpais.com/tag/represa_belo_monte	El Paìs	News	I	Antônia Melo da Silva	Indigenous People	B	Usina Hidrelétrica de Belo Monte
152	13	https://brasil.elpais.com/tag/represa_belo_monte	El Paìs	News	I	Government	Government	B	Usina Hidrelétrica de Belo Monte
153	13	https://brasil.elpais.com/tag/represa_belo_monte	El Paìs	News	I	Araweté	Indigenous People	B	Usina Hidrelétrica de Belo Monte
154	13	https://brasil.elpais.com/tag/represa_belo_monte	El Paìs	News	I	Ribeirinhos	Non-Indigenous Residents	B	Usina Hidrelétrica de Belo Monte
155	14	https://www.openglobalrights.org/how-not-to-produce-energy-lessons-from-brazils-belo-monte-dam/?lang=Portuguese	Open Global Rights	Human Rights Organisations	I	Indigenous Tribes	Indigenous People	B	Usina Hidrelétrica de Belo Monte
156	14	https://www.openglobalrights.org/how-not-to-produce-energy-lessons-from-brazils-belo-monte-dam/?lang=Portuguese	Open Global Rights	Human Rights Organisations	I	Brazilian Development Bank	Backers	B	Usina Hidrelétrica de Belo Monte
157	14	https://www.openglobalrights.org/how-not-to-produce-energy-lessons-from-brazils-belo-monte-dam/?lang=Portuguese	Open Global Rights	Human Rights Organisations	I	Indigenous Tribes	Indigenous People	B	Usina Hidrelétrica de Belo Monte
158	14	https://www.openglobalrights.org/how-not-to-produce-energy-lessons-from-brazils-belo-monte-dam/?lang=Portuguese	Open Global Rights	Human Rights Organisations	I	Ribeirinhos	Non-Indigenous Residents	B	Usina Hidrelétrica de Belo Monte
159	14	https://www.openglobalrights.org/how-not-to-produce-energy-lessons-from-brazils-belo-monte-dam/?lang=Portuguese	Open Global Rights	Human Rights Organisations	I	Environmental Activists	Environmental Organisations	B	Usina Hidrelétrica de Belo Monte
160	14	https://www.openglobalrights.org/how-not-to-produce-energy-lessons-from-brazils-belo-monte-dam/?lang=Portuguese	Open Global Rights	Human Rights Organisations	I	Environmental Activists	Environmental Organisations	I	Usina Hidrelétrica de Belo Monte
161	14	https://www.openglobalrights.org/how-not-to-produce-energy-lessons-from-brazils-belo-monte-dam/?lang=Portuguese	Open Global Rights	Human Rights Organisations	I	Supreme Federal Court	Judiciary	B	Usina Hidrelétrica de Belo Monte
162	14	https://www.openglobalrights.org/how-not-to-produce-energy-lessons-from-brazils-belo-monte-dam/?lang=Portuguese	Open Global Rights	Human Rights Organisations	I	Xingu	Indigenous People	B	Usina Hidrelétrica de Belo Monte
163	14	https://www.openglobalrights.org/how-not-to-produce-energy-lessons-from-brazils-belo-monte-dam/?lang=Portuguese	Open Global Rights	Human Rights Organisations	I	Inter-American Human Rights Commission	Human Rights Organisations	I	Usina Hidrelétrica de Belo Monte
164	14	https://www.openglobalrights.org/how-not-to-produce-energy-lessons-from-brazils-belo-monte-dam/?lang=Portuguese	Open Global Rights	Human Rights Organisations	I	Organization of American States	Human Rights Organisations	I	Usina Hidrelétrica de Belo Monte
165	15	https://journals.openedition.org/confins/11055	Confins	Educational and Academic	B	Workers' Party	Political Parties	B	Usina Hidrelétrica de Belo Monte
166	15	https://journals.openedition.org/confins/11056	Confins	Educational and Academic	B	Dilma Rousseff	Political Parties	B	Usina Hidrelétrica de Belo Monte
167	15	https://journals.openedition.org/confins/11057	Confins	Educational and Academic	B	Grupo Andrade Gutierrez	Private Companies	B	Usina Hidrelétrica de Belo Monte
168	15	https://journals.openedition.org/confins/11058	Confins	Educational and Academic	B	Odebrecht	Private Companies	B	Usina Hidrelétrica de Belo Monte
169	15	https://journals.openedition.org/confins/11059	Confins	Educational and Academic	B	Grupo Camargo Corrêa	Private Companies	B	Usina Hidrelétrica de Belo Monte
170	15	https://journals.openedition.org/confins/11060	Confins	Educational and Academic	B	Queiroz Galvão	Private Companies	B	Usina Hidrelétrica de Belo Monte
171	15	https://journals.openedition.org/confins/11061	Confins	Educational and Academic	B	OAS	Private Companies	B	Usina Hidrelétrica de Belo Monte
172	15	https://journals.openedition.org/confins/11062	Confins	Educational and Academic	B	Eletrobrás	Private Companies	B	Usina Hidrelétrica de Belo Monte
173	15	https://journals.openedition.org/confins/11063	Confins	Educational and Academic	B	Eletronorte	Private Companies	B	Usina Hidrelétrica de Belo Monte
174	15	https://journals.openedition.org/confins/11064	Confins	Educational and Academic	B	Petros	Backers	B	Usina Hidrelétrica de Belo Monte
175	15	https://journals.openedition.org/confins/11065	Confins	Educational and Academic	B	Funcef	Backers	B	Usina Hidrelétrica de Belo Monte
176	15	https://journals.openedition.org/confins/11066	Confins	Educational and Academic	B	Companhia Energética de Minas Gerais	Private Companies	B	Usina Hidrelétrica de Belo Monte
177	15	https://journals.openedition.org/confins/11067	Confins	Educational and Academic	B	Light S.A.	Private Companies	B	Usina Hidrelétrica de Belo Monte
178	15	https://journals.openedition.org/confins/11068	Confins	Educational and Academic	B	Vale S.A.	Private Companies	B	Usina Hidrelétrica de Belo Monte
179	15	https://journals.openedition.org/confins/11069	Confins	Educational and Academic	B	Sinobras	Private Companies	B	Usina Hidrelétrica de Belo Monte
180	15	https://journals.openedition.org/confins/11070	Confins	Educational and Academic	B	Luiz Inácio Lula da Silva	Political Parties	B	Usina Hidrelétrica de Belo Monte
181	15	https://journals.openedition.org/confins/11071	Confins	Educational and Academic	B	Movimento Xingu Vivo para Sempre (MXVPS)	Indigenous People	B	Usina Hidrelétrica de Belo Monte
182	15	https://journals.openedition.org/confins/11072	Confins	Educational and Academic	B	Força Nacional de Segurança Pública	Government	B	Usina Hidrelétrica de Belo Monte
183	15	https://journals.openedition.org/confins/11073	Confins	Educational and Academic	B	Raoni	Indigenous People	B	Usina Hidrelétrica de Belo Monte
184	15	https://journals.openedition.org/confins/11074	Confins	Educational and Academic	B	Marcos Terena	Indigenous People	B	Usina Hidrelétrica de Belo Monte
185	15	https://journals.openedition.org/confins/11075	Confins	Educational and Academic	B	Ailton Krenak	Indigenous People	B	Usina Hidrelétrica de Belo Monte
186	15	https://journals.openedition.org/confins/11076	Confins	Educational and Academic	B	Sting	Celebrities	I	Usina Hidrelétrica de Belo Monte
187	15	https://journals.openedition.org/confins/11077	Confins	Educational and Academic	B	Milton Nascimento	Celebrities	B	Usina Hidrelétrica de Belo Monte
188	15	https://journals.openedition.org/confins/11078	Confins	Educational and Academic	B	ONU	Human Rights Organisations	I	Usina Hidrelétrica de Belo Monte
189	15	https://journals.openedition.org/confins/11079	Confins	Educational and Academic	B	Supreme Federal Court	Judiciary	B	Usina Hidrelétrica de Belo Monte
190	15	https://journals.openedition.org/confins/11080	Confins	Educational and Academic	B	Greenpeace	Environmental Organisations	I	Usina Hidrelétrica de Belo Monte
191	15	https://journals.openedition.org/confins/11081	Confins	Educational and Academic	B	Coordenação das Organizações Indígenas da Amazônia Brasileira	Indigenous People	B	Usina Hidrelétrica de Belo Monte
192	15	https://journals.openedition.org/confins/11082	Confins	Educational and Academic	B	CIMI	Religious Organisations	B	Usina Hidrelétrica de Belo Monte
193	15	https://journals.openedition.org/confins/11083	Confins	Educational and Academic	B	Erwin Kräutler	Scientific and Academic Community	I	Usina Hidrelétrica de Belo Monte
194	15	https://journals.openedition.org/confins/11084	Confins	Educational and Academic	B	Movimento dos Atingidos por Barragens	Environmental Organisations	B	Usina Hidrelétrica de Belo Monte
195	15	https://journals.openedition.org/confins/11085	Confins	Educational and Academic	B	Fundação Getúlio Vargas (Fundação Getulio Vargas)	Scientific and Academic Community	B	Usina Hidrelétrica de Belo Monte
196	16	https://news.mongabay.com/2018/02/belo-monte-legacy-harm-from-amazon-dam-didnt-end-with-construction/	Mongabay	News	I	Workers' Party	Political Parties	B	Usina Hidrelétrica de Belo Monte
197	16	https://news.mongabay.com/2018/02/belo-monte-legacy-harm-from-amazon-dam-didnt-end-with-construction/	Mongabay	News	I	Indigenous Tribes	Indigenous People	B	Usina Hidrelétrica de Belo Monte
198	16	https://news.mongabay.com/2018/02/belo-monte-legacy-harm-from-amazon-dam-didnt-end-with-construction/	Mongabay	News	I	Ribeirinhos	Non-Indigenous Residents	B	Usina Hidrelétrica de Belo Monte
199	16	https://news.mongabay.com/2018/02/belo-monte-legacy-harm-from-amazon-dam-didnt-end-with-construction/	Mongabay	News	I	Environmental Activists	Environmental Organisations	I	Usina Hidrelétrica de Belo Monte
200	16	https://news.mongabay.com/2018/02/belo-monte-legacy-harm-from-amazon-dam-didnt-end-with-construction/	Mongabay	News	I	Ribeirinhos	Non-Indigenous Residents	B	Usina Hidrelétrica de Belo Monte
201	16	https://news.mongabay.com/2018/02/belo-monte-legacy-harm-from-amazon-dam-didnt-end-with-construction/	Mongabay	News	I	Norte Energia	Private Companies	B	Usina Hidrelétrica de Belo Monte
202	16	https://news.mongabay.com/2018/02/belo-monte-legacy-harm-from-amazon-dam-didnt-end-with-construction/	Mongabay	News	I	Temer government	Government	B	Usina Hidrelétrica de Belo Monte
203	16	https://news.mongabay.com/2018/02/belo-monte-legacy-harm-from-amazon-dam-didnt-end-with-construction/	Mongabay	News	I	Government	Government	B	Usina Hidrelétrica de Belo Monte
204	16	https://news.mongabay.com/2018/02/belo-monte-legacy-harm-from-amazon-dam-didnt-end-with-construction/	Mongabay	News	I	Sting	Celebrities	I	Usina Hidrelétrica de Belo Monte
205	16	https://news.mongabay.com/2018/02/belo-monte-legacy-harm-from-amazon-dam-didnt-end-with-construction/	Mongabay	News	I	Arnold Schwarzenegger	Celebrities	I	Usina Hidrelétrica de Belo Monte
206	16	https://news.mongabay.com/2018/02/belo-monte-legacy-harm-from-amazon-dam-didnt-end-with-construction/	Mongabay	News	I	Dilma Rousseff	Political Parties	B	Usina Hidrelétrica de Belo Monte
207	16	https://news.mongabay.com/2018/02/belo-monte-legacy-harm-from-amazon-dam-didnt-end-with-construction/	Mongabay	News	I	Socio-Environmental Institute	Environmental Organisations	B	Usina Hidrelétrica de Belo Monte
208	16	https://news.mongabay.com/2018/02/belo-monte-legacy-harm-from-amazon-dam-didnt-end-with-construction/	Mongabay	News	I	International Rivers	Environmental Organisations	I	Usina Hidrelétrica de Belo Monte
209	16	https://news.mongabay.com/2018/02/belo-monte-legacy-harm-from-amazon-dam-didnt-end-with-construction/	Mongabay	News	I	Xingu Vivo	Environmental Organisations	B	Usina Hidrelétrica de Belo Monte
210	16	https://news.mongabay.com/2018/02/belo-monte-legacy-harm-from-amazon-dam-didnt-end-with-construction/	Mongabay	News	I	Norte Energia	Private Companies	B	Usina Hidrelétrica de Belo Monte
211	16	https://news.mongabay.com/2018/02/belo-monte-legacy-harm-from-amazon-dam-didnt-end-with-construction/	Mongabay	News	I	Sex workers	Non-Indigenous Residents	B	Usina Hidrelétrica de Belo Monte
212	16	https://news.mongabay.com/2018/02/belo-monte-legacy-harm-from-amazon-dam-didnt-end-with-construction/	Mongabay	News	I	Ribeirinhos	Non-Indigenous Residents	B	Usina Hidrelétrica de Belo Monte
213	16	https://news.mongabay.com/2018/02/belo-monte-legacy-harm-from-amazon-dam-didnt-end-with-construction/	Mongabay	News	I	Ana de Francisco	Scientific and Academic Community	B	Usina Hidrelétrica de Belo Monte
214	16	https://news.mongabay.com/2018/02/belo-monte-legacy-harm-from-amazon-dam-didnt-end-with-construction/	Mongabay	News	I	Otavio Cardoso Juruna	Indigenous People	B	Usina Hidrelétrica de Belo Monte
215	16	https://news.mongabay.com/2018/02/belo-monte-legacy-harm-from-amazon-dam-didnt-end-with-construction/	Mongabay	News	I	Brazilian public prosecutor	Judiciary	B	Usina Hidrelétrica de Belo Monte
216	16	https://news.mongabay.com/2018/02/belo-monte-legacy-harm-from-amazon-dam-didnt-end-with-construction/	Mongabay	News	I	Juruna	Indigenous People	B	Usina Hidrelétrica de Belo Monte
217	16	https://news.mongabay.com/2018/02/belo-monte-legacy-harm-from-amazon-dam-didnt-end-with-construction/	Mongabay	News	I	Gilliarde Jacinto Juruna	Indigenous People	B	Usina Hidrelétrica de Belo Monte
218	16	https://news.mongabay.com/2018/02/belo-monte-legacy-harm-from-amazon-dam-didnt-end-with-construction/	Mongabay	News	I	Supreme Federal Court	Judiciary	B	Usina Hidrelétrica de Belo Monte
219	16	https://news.mongabay.com/2018/02/belo-monte-legacy-harm-from-amazon-dam-didnt-end-with-construction/	Mongabay	News	I	Munduruku	Indigenous People	B	Usina Hidrelétrica de Belo Monte
220	16	https://news.mongabay.com/2018/02/belo-monte-legacy-harm-from-amazon-dam-didnt-end-with-construction/	Mongabay	News	I	Michel Temer	Political Parties	B	Usina Hidrelétrica de Belo Monte
221	16	https://news.mongabay.com/2018/02/belo-monte-legacy-harm-from-amazon-dam-didnt-end-with-construction/	Mongabay	News	I	Brazil’s National Institute for Space Research	Scientific and Academic Community	B	Usina Hidrelétrica de Belo Monte
222	16	https://news.mongabay.com/2018/02/belo-monte-legacy-harm-from-amazon-dam-didnt-end-with-construction/	Mongabay	News	I	Bancada Ruralista	Political Parties	B	Usina Hidrelétrica de Belo Monte
223	16	https://news.mongabay.com/2018/02/belo-monte-legacy-harm-from-amazon-dam-didnt-end-with-construction/	Mongabay	News	I	Jose Pereira Cunha	Non-Indigenous Residents	B	Usina Hidrelétrica de Belo Monte
224	16	https://news.mongabay.com/2018/02/belo-monte-legacy-harm-from-amazon-dam-didnt-end-with-construction/	Mongabay	News	I	Ribeirinhos	Non-Indigenous Residents	B	Usina Hidrelétrica de Belo Monte
225	17	https://periodicos.ufpel.edu.br/ojs2/index.php/AT/article/view/2905	Federal University of Pelotas	Educational and Academic	B	/	/	/	Usina Hidrelétrica de Belo Monte
226	18	https://exame.abril.com.br/noticias-sobre/belo-monte/	Exame	News	B	Marina Silva	Political Parties	B	Usina Hidrelétrica de Belo Monte
227	18	https://exame.abril.com.br/noticias-sobre/belo-monte/	Exame	News	B	Daniel Dantas	Private Companies	B	Usina Hidrelétrica de Belo Monte
228	18	https://exame.abril.com.br/noticias-sobre/belo-monte/	Exame	News	B	CEMIG	Private Companies	B	Usina Hidrelétrica de Belo Monte
229	18	https://exame.abril.com.br/noticias-sobre/belo-monte/	Exame	News	B	Operador Nacional do Sistema Elétrico (ONS)	Government	B	Usina Hidrelétrica de Belo Monte
230	18	https://exame.abril.com.br/noticias-sobre/belo-monte/	Exame	News	B	ANEEL (Agência Nacional de Energia Elétrica)	Government	B	Usina Hidrelétrica de Belo Monte
231	18	https://exame.abril.com.br/noticias-sobre/belo-monte/	Exame	News	B	State Grid	Private Companies	I	Usina Hidrelétrica de Belo Monte
232	18	https://exame.abril.com.br/noticias-sobre/belo-monte/	Exame	News	B	Eletrobrás	Private Companies	B	Usina Hidrelétrica de Belo Monte
233	19	https://noticias.r7.com/economia/usina-hidreletrica-belo-monte	R7	News	B	Indigenous Tribes	Indigenous People	B	Usina Hidrelétrica de Belo Monte
234	19	https://noticias.r7.com/economia/usina-hidreletrica-belo-monte	R8	News	B	ANEEL (Agência Nacional de Energia Elétrica)	Government	B	Usina Hidrelétrica de Belo Monte
235	19	https://noticias.r7.com/economia/usina-hidreletrica-belo-monte	R9	News	B	Police	Government	B	Usina Hidrelétrica de Belo Monte
236	19	https://noticias.r7.com/economia/usina-hidreletrica-belo-monte	R10	News	B	Edison Lobão	Government	B	Usina Hidrelétrica de Belo Monte
237	19	https://noticias.r7.com/economia/usina-hidreletrica-belo-monte	R11	News	B	Grupo Camargo Corrêa	Private Companies	B	Usina Hidrelétrica de Belo Monte
238	19	https://noticias.r7.com/economia/usina-hidreletrica-belo-monte	R12	News	B	Dorothy Stang	Human Rights Organisations	I	Usina Hidrelétrica de Belo Monte
239	19	https://noticias.r7.com/economia/usina-hidreletrica-belo-monte	R13	News	B	Norte Energia	Private Companies	B	Usina Hidrelétrica de Belo Monte
240	19	https://noticias.r7.com/economia/usina-hidreletrica-belo-monte	R14	News	B	Dilma Rousseff	Political Parties	B	Usina Hidrelétrica de Belo Monte
241	19	https://noticias.r7.com/economia/usina-hidreletrica-belo-monte	R15	News	B	Eduardo Cunha	Political Parties	B	Usina Hidrelétrica de Belo Monte
242	19	https://noticias.r7.com/economia/usina-hidreletrica-belo-monte	R16	News	B	Rodrigo Janot	Judiciary	B	Usina Hidrelétrica de Belo Monte
243	19	https://noticias.r7.com/economia/usina-hidreletrica-belo-monte	R17	News	B	Brazilian Democratic Movement Party	Political Parties	B	Usina Hidrelétrica de Belo Monte
244	19	https://noticias.r7.com/economia/usina-hidreletrica-belo-monte	R18	News	B	Grupo Andrade Gutierrez	Private Companies	B	Usina Hidrelétrica de Belo Monte
245	19	https://noticias.r7.com/economia/usina-hidreletrica-belo-monte	R19	News	B	Tribunal de Contas da União	Judiciary	B	Usina Hidrelétrica de Belo Monte
246	20	https://www.cartacapital.com.br/sociedade/apos-um-ano-de-funcionamento-belo-monte-segue-envolta-em-polemicas	Carta Capital	News	B	Regional Federal Court	Judiciary	B	Usina Hidrelétrica de Belo Monte
247	20	https://www.cartacapital.com.br/sociedade/apos-um-ano-de-funcionamento-belo-monte-segue-envolta-em-polemicas	Carta Capital	News	B	Environmental Activists	Environmental Organisations	B	Usina Hidrelétrica de Belo Monte
248	20	https://www.cartacapital.com.br/sociedade/apos-um-ano-de-funcionamento-belo-monte-segue-envolta-em-polemicas	Carta Capital	News	B	Norte Energia	Private Companies	B	Usina Hidrelétrica de Belo Monte
249	20	https://www.cartacapital.com.br/sociedade/apos-um-ano-de-funcionamento-belo-monte-segue-envolta-em-polemicas	Carta Capital	News	B	IBAMA	Government	B	Usina Hidrelétrica de Belo Monte
250	20	https://www.cartacapital.com.br/sociedade/apos-um-ano-de-funcionamento-belo-monte-segue-envolta-em-polemicas	Carta Capital	News	B	Thaís Santi	Judiciary	B	Usina Hidrelétrica de Belo Monte
251	20	https://www.cartacapital.com.br/sociedade/apos-um-ano-de-funcionamento-belo-monte-segue-envolta-em-polemicas	Carta Capital	News	B	Humberto da Nobrega	Private Companies	B	Usina Hidrelétrica de Belo Monte
252	20	https://www.cartacapital.com.br/sociedade/apos-um-ano-de-funcionamento-belo-monte-segue-envolta-em-polemicas	Carta Capital	News	B	Police	Government	B	Usina Hidrelétrica de Belo Monte
253	20	https://www.cartacapital.com.br/sociedade/apos-um-ano-de-funcionamento-belo-monte-segue-envolta-em-polemicas	Carta Capital	News	B	Juruna	Indigenous People	B	Usina Hidrelétrica de Belo Monte
254	20	https://www.cartacapital.com.br/sociedade/apos-um-ano-de-funcionamento-belo-monte-segue-envolta-em-polemicas	Carta Capital	News	B	Leiliane Jacinto Pereira Juruna	Indigenous People	B	Usina Hidrelétrica de Belo Monte
255	20	https://www.cartacapital.com.br/sociedade/apos-um-ano-de-funcionamento-belo-monte-segue-envolta-em-polemicas	Carta Capital	News	B	Maria Francineide Ferreira dos Santos	Non-Indigenous Residents	B	Usina Hidrelétrica de Belo Monte
256	20	https://www.cartacapital.com.br/sociedade/apos-um-ano-de-funcionamento-belo-monte-segue-envolta-em-polemicas	Carta Capital	News	B	Conselho Ribeirinho do Reservatório da UHE Belo Monte	Non-Indigenous Residents	B	Usina Hidrelétrica de Belo Monte
257	20	https://www.cartacapital.com.br/sociedade/apos-um-ano-de-funcionamento-belo-monte-segue-envolta-em-polemicas	Carta Capital	News	B	Luciana Soares	Private Companies	B	Usina Hidrelétrica de Belo Monte
258	20	https://www.cartacapital.com.br/sociedade/apos-um-ano-de-funcionamento-belo-monte-segue-envolta-em-polemicas	Carta Capital	News	B	Marcelo Salazar	Environmental Organisations	B	Usina Hidrelétrica de Belo Monte
259	20	https://www.cartacapital.com.br/sociedade/apos-um-ano-de-funcionamento-belo-monte-segue-envolta-em-polemicas	Carta Capital	News	B	Xingu Program	Environmental Organisations	B	Usina Hidrelétrica de Belo Monte
260	20	https://www.cartacapital.com.br/sociedade/apos-um-ano-de-funcionamento-belo-monte-segue-envolta-em-polemicas	Carta Capital	News	B	Antônia Melo da Silva	Non-Indigenous Residents	B	Usina Hidrelétrica de Belo Monte
261	21	http://www.intertechne.com.br/mercado/uhe-belo-monte-11-233-mw/	Intertechne	Private Companies	B	/	/	/	Usina Hidrelétrica de Belo Monte
262	22	https://noticias.uol.com.br/meio-ambiente/ultimas-noticias/ag-estado/2018/04/18/usina-de-belo-monte-ameaca-peixes-raros-do-rio-xingu.htm	UOL	News	B	Biological Conservation	Scientific and Academic Community	B	Usina Hidrelétrica de Belo Monte
263	22	https://noticias.uol.com.br/meio-ambiente/ultimas-noticias/ag-estado/2018/04/18/usina-de-belo-monte-ameaca-peixes-raros-do-rio-xingu.htm	UOL	News	B	Daniel Fitzgerald	Scientific and Academic Community	I	Usina Hidrelétrica de Belo Monte
264	22	https://noticias.uol.com.br/meio-ambiente/ultimas-noticias/ag-estado/2018/04/18/usina-de-belo-monte-ameaca-peixes-raros-do-rio-xingu.htm	UOL	News	B	Texas A & M University	Scientific and Academic Community	I	Usina Hidrelétrica de Belo Monte
265	22	https://noticias.uol.com.br/meio-ambiente/ultimas-noticias/ag-estado/2018/04/18/usina-de-belo-monte-ameaca-peixes-raros-do-rio-xingu.htm	UOL	News	B	Jansen Zuanon	Government	B	Usina Hidrelétrica de Belo Monte
266	22	https://noticias.uol.com.br/meio-ambiente/ultimas-noticias/ag-estado/2018/04/18/usina-de-belo-monte-ameaca-peixes-raros-do-rio-xingu.htm	UOL	News	B	Instituto Nacional de Pesquisas da Amazônia (INPA)	Government	B	Usina Hidrelétrica de Belo Monte
267	22	https://noticias.uol.com.br/meio-ambiente/ultimas-noticias/ag-estado/2018/04/18/usina-de-belo-monte-ameaca-peixes-raros-do-rio-xingu.htm	UOL	News	B	IBAMA	Government	B	Usina Hidrelétrica de Belo Monte
268	22	https://noticias.uol.com.br/meio-ambiente/ultimas-noticias/ag-estado/2018/04/18/usina-de-belo-monte-ameaca-peixes-raros-do-rio-xingu.htm	UOL	News	B	Agência Nacional de Águas	Government	B	Usina Hidrelétrica de Belo Monte
269	22	https://noticias.uol.com.br/meio-ambiente/ultimas-noticias/ag-estado/2018/04/18/usina-de-belo-monte-ameaca-peixes-raros-do-rio-xingu.htm	UOL	News	B	Norte Energia	Private Companies	B	Usina Hidrelétrica de Belo Monte
270	22	https://noticias.uol.com.br/meio-ambiente/ultimas-noticias/ag-estado/2018/04/18/usina-de-belo-monte-ameaca-peixes-raros-do-rio-xingu.htm	UOL	News	B	Indigenous Tribes	Indigenous People	B	Usina Hidrelétrica de Belo Monte
271	22	https://noticias.uol.com.br/meio-ambiente/ultimas-noticias/ag-estado/2018/04/18/usina-de-belo-monte-ameaca-peixes-raros-do-rio-xingu.htm	UOL	News	B	Ribeirinhos	Non-Indigenous Residents	B	Usina Hidrelétrica de Belo Monte
272	22	https://noticias.uol.com.br/meio-ambiente/ultimas-noticias/ag-estado/2018/04/18/usina-de-belo-monte-ameaca-peixes-raros-do-rio-xingu.htm	UOL	News	B	Leandro Sousa	Scientific and Academic Community	B	Usina Hidrelétrica de Belo Monte
273	22	https://noticias.uol.com.br/meio-ambiente/ultimas-noticias/ag-estado/2018/04/18/usina-de-belo-monte-ameaca-peixes-raros-do-rio-xingu.htm	UOL	News	B	Federal University of Pará	Scientific and Academic Community	B	Usina Hidrelétrica de Belo Monte
274	22	https://noticias.uol.com.br/meio-ambiente/ultimas-noticias/ag-estado/2018/04/18/usina-de-belo-monte-ameaca-peixes-raros-do-rio-xingu.htm	UOL	News	B	Juruna	Indigenous People	B	Usina Hidrelétrica de Belo Monte
275	22	https://noticias.uol.com.br/meio-ambiente/ultimas-noticias/ag-estado/2018/04/18/usina-de-belo-monte-ameaca-peixes-raros-do-rio-xingu.htm	UOL	News	B	Instituto Socioambiental (ISA)	Government	B	Usina Hidrelétrica de Belo Monte
276	22	https://noticias.uol.com.br/meio-ambiente/ultimas-noticias/ag-estado/2018/04/18/usina-de-belo-monte-ameaca-peixes-raros-do-rio-xingu.htm	UOL	News	B	Cristiane Costa	Scientific and Academic Community	B	Usina Hidrelétrica de Belo Monte
277	22	https://noticias.uol.com.br/meio-ambiente/ultimas-noticias/ag-estado/2018/04/18/usina-de-belo-monte-ameaca-peixes-raros-do-rio-xingu.htm	UOL	News	B	O Estado de S. Paulo	News	B	Usina Hidrelétrica de Belo Monte
278	23	https://www.aecweb.com.br/cont/m/rev/usina-hidreletrica-belo-monte_8212_0_0	AEC	Private Companies	B	Consórcio Construtor de Belo Monte	Private Companies	B	Usina Hidrelétrica de Belo Monte
279	23	https://www.aecweb.com.br/cont/m/rev/usina-hidreletrica-belo-monte_8212_0_1	AEC	Private Companies	B	Grupo Camargo Corrêa	Private Companies	B	Usina Hidrelétrica de Belo Monte
280	23	https://www.aecweb.com.br/cont/m/rev/usina-hidreletrica-belo-monte_8212_0_2	AEC	Private Companies	B	Grupo Andrade Gutierrez	Private Companies	B	Usina Hidrelétrica de Belo Monte
281	23	https://www.aecweb.com.br/cont/m/rev/usina-hidreletrica-belo-monte_8212_0_3	AEC	Private Companies	B	Odebrecht	Private Companies	B	Usina Hidrelétrica de Belo Monte
282	23	https://www.aecweb.com.br/cont/m/rev/usina-hidreletrica-belo-monte_8212_0_4	AEC	Private Companies	B	Queiroz Galvão	Private Companies	B	Usina Hidrelétrica de Belo Monte
283	23	https://www.aecweb.com.br/cont/m/rev/usina-hidreletrica-belo-monte_8212_0_5	AEC	Private Companies	B	OAS	Private Companies	B	Usina Hidrelétrica de Belo Monte
284	23	https://www.aecweb.com.br/cont/m/rev/usina-hidreletrica-belo-monte_8212_0_6	AEC	Private Companies	B	Contern	Private Companies	B	Usina Hidrelétrica de Belo Monte
285	23	https://www.aecweb.com.br/cont/m/rev/usina-hidreletrica-belo-monte_8212_0_7	AEC	Private Companies	B	Galvão Engenharia	Private Companies	B	Usina Hidrelétrica de Belo Monte
286	23	https://www.aecweb.com.br/cont/m/rev/usina-hidreletrica-belo-monte_8212_0_8	AEC	Private Companies	B	Serveng-Civilsan	Private Companies	B	Usina Hidrelétrica de Belo Monte
287	23	https://www.aecweb.com.br/cont/m/rev/usina-hidreletrica-belo-monte_8212_0_9	AEC	Private Companies	B	Cetenco	Private Companies	B	Usina Hidrelétrica de Belo Monte
288	23	https://www.aecweb.com.br/cont/m/rev/usina-hidreletrica-belo-monte_8212_0_10	AEC	Private Companies	B	Grupo J. Malucelli	Private Companies	B	Usina Hidrelétrica de Belo Monte
289	23	https://www.aecweb.com.br/cont/m/rev/usina-hidreletrica-belo-monte_8212_0_11	AEC	Private Companies	B	Norte Energia	Private Companies	B	Usina Hidrelétrica de Belo Monte
290	23	https://www.aecweb.com.br/cont/m/rev/usina-hidreletrica-belo-monte_8212_0_12	AEC	Private Companies	B	Environmental institutions	Government	B	Usina Hidrelétrica de Belo Monte
291	24	http://www.objetivo.br/noticias.asp?id=3642	Colégio Objetivo	Educational and Academic	B	Government	Government	B	Usina Hidrelétrica de Belo Monte
292	24	http://www.objetivo.br/noticias.asp?id=3643	Colégio Objetivo	Educational and Academic	B	Programa de Aceleração do Crescimento	Government	B	Usina Hidrelétrica de Belo Monte
293	24	http://www.objetivo.br/noticias.asp?id=3644	Colégio Objetivo	Educational and Academic	B	Environmental Activists	Environmental Organisations	B	Usina Hidrelétrica de Belo Monte
294	24	http://www.objetivo.br/noticias.asp?id=3645	Colégio Objetivo	Educational and Academic	B	Environmental Activists	Environmental Organisations	I	Usina Hidrelétrica de Belo Monte
295	24	http://www.objetivo.br/noticias.asp?id=3646	Colégio Objetivo	Educational and Academic	B	Indigenous Tribes	Indigenous People	B	Usina Hidrelétrica de Belo Monte
296	25	https://www.ulmaconstruction.com.br/pt-br/projetos/construcoes-industriais-energeticas/usina-hidreletrica-belo-monte-altamira-brasil	ULMA	Private Companies	B	ULMA	Private Companies	B	Usina Hidrelétrica de Belo Monte
297	26	https://periodicos.unifap.br/index.php/planeta/article/view/1651	Planeta Amazônia	Educational and Academic	B	Indigenous Tribes	Indigenous People	B	Usina Hidrelétrica de Belo Monte
298	27	http://www2.aneel.gov.br/aplicacoes/hotsite_belomonte/index.cfm?p=7	ANEEL (Agência Nacional de Energia Elétrica)	Governmental Institutions	B	IBAMA	Government	B	Usina Hidrelétrica de Belo Monte
299	27	http://www2.aneel.gov.br/aplicacoes/hotsite_belomonte/index.cfm?p=8	ANEEL (Agência Nacional de Energia Elétrica)	Governmental Institutions	B	Fundo Nacional de Desenvolvimento de Científico e Tecnológico (FNDCT)	Government	B	Usina Hidrelétrica de Belo Monte
300	27	http://www2.aneel.gov.br/aplicacoes/hotsite_belomonte/index.cfm?p=9	ANEEL (Agência Nacional de Energia Elétrica)	Governmental Institutions	B	Eletronorte	Private Companies	B	Usina Hidrelétrica de Belo Monte
301	27	http://www2.aneel.gov.br/aplicacoes/hotsite_belomonte/index.cfm?p=10	ANEEL (Agência Nacional de Energia Elétrica)	Governmental Institutions	B	Eletrobrás	Private Companies	B	Usina Hidrelétrica de Belo Monte
302	27	http://www2.aneel.gov.br/aplicacoes/hotsite_belomonte/index.cfm?p=11	ANEEL (Agência Nacional de Energia Elétrica)	Governmental Institutions	B	Grupo Andrade Gutierrez	Private Companies	B	Usina Hidrelétrica de Belo Monte
303	27	http://www2.aneel.gov.br/aplicacoes/hotsite_belomonte/index.cfm?p=12	ANEEL (Agência Nacional de Energia Elétrica)	Governmental Institutions	B	Odebrecht	Private Companies	B	Usina Hidrelétrica de Belo Monte
304	27	http://www2.aneel.gov.br/aplicacoes/hotsite_belomonte/index.cfm?p=13	ANEEL (Agência Nacional de Energia Elétrica)	Governmental Institutions	B	Grupo Camargo Corrêa	Private Companies	B	Usina Hidrelétrica de Belo Monte
305	27	http://www2.aneel.gov.br/aplicacoes/hotsite_belomonte/index.cfm?p=14	ANEEL (Agência Nacional de Energia Elétrica)	Governmental Institutions	B	ANEEL (Agência Nacional de Energia Elétrica)	Government	B	Usina Hidrelétrica de Belo Monte
306	27	http://www2.aneel.gov.br/aplicacoes/hotsite_belomonte/index.cfm?p=15	ANEEL (Agência Nacional de Energia Elétrica)	Governmental Institutions	B	Ministry of Mines and Energy	Government	B	Usina Hidrelétrica de Belo Monte
307	27	http://www2.aneel.gov.br/aplicacoes/hotsite_belomonte/index.cfm?p=16	ANEEL (Agência Nacional de Energia Elétrica)	Governmental Institutions	B	Empresa de Pesquisa Energética (EPE)	Government	B	Usina Hidrelétrica de Belo Monte
308	27	http://www2.aneel.gov.br/aplicacoes/hotsite_belomonte/index.cfm?p=17	ANEEL (Agência Nacional de Energia Elétrica)	Governmental Institutions	B	Superintendência de Gestão e Estudos Hidroenergéticos (SGH)	Government	B	Usina Hidrelétrica de Belo Monte
309	27	http://www2.aneel.gov.br/aplicacoes/hotsite_belomonte/index.cfm?p=18	ANEEL (Agência Nacional de Energia Elétrica)	Governmental Institutions	B	Superintendência de Concessões e Autorizações de Geração (SGC)	Government	B	Usina Hidrelétrica de Belo Monte
310	27	http://www2.aneel.gov.br/aplicacoes/hotsite_belomonte/index.cfm?p=19	ANEEL (Agência Nacional de Energia Elétrica)	Governmental Institutions	B	Comissão Especial de Licitação (CEL)	Government	B	Usina Hidrelétrica de Belo Monte
311	27	http://www2.aneel.gov.br/aplicacoes/hotsite_belomonte/index.cfm?p=20	ANEEL (Agência Nacional de Energia Elétrica)	Governmental Institutions	B	Superintendência de Estudos de Mercado (SEM)	Government	B	Usina Hidrelétrica de Belo Monte
312	27	http://www2.aneel.gov.br/aplicacoes/hotsite_belomonte/index.cfm?p=21	ANEEL (Agência Nacional de Energia Elétrica)	Governmental Institutions	B	Superintendência de Fiscalização da Geração (SFG)	Government	B	Usina Hidrelétrica de Belo Monte
313	28	https://www.linguee.pt/portugues-ingles/traducao/usina+hidrel%C3%A9trica+belo+monte.html	Linguee	Educational and Academic	I	/	/	/	Usina Hidrelétrica de Belo Monte
314	29	https://tudo-sobre.estadao.com.br/hidreletrica-de-belo-monte	Estadao	News	B	Daniel Dantas	Private Companies	B	Usina Hidrelétrica de Belo Monte
315	29	https://tudo-sobre.estadao.com.br/hidreletrica-de-belo-monte	Estadao	News	B	Agropecuária Santa Bárbara	Private Companies	B	Usina Hidrelétrica de Belo Monte
316	29	https://tudo-sobre.estadao.com.br/hidreletrica-de-belo-monte	Estadao	News	B	State Grid	Private Companies	B	Usina Hidrelétrica de Belo Monte
317	29	https://tudo-sobre.estadao.com.br/hidreletrica-de-belo-monte	Estadao	News	B	Banco Opportunity	Backers	I	Usina Hidrelétrica de Belo Monte
318	29	https://tudo-sobre.estadao.com.br/hidreletrica-de-belo-monte	Estadao	News	B	Congresso Nacional do Brasil	Government	B	Usina Hidrelétrica de Belo Monte
319	29	https://tudo-sobre.estadao.com.br/hidreletrica-de-belo-monte	Estadao	News	B	Indigenous Tribes	Indigenous People	B	Usina Hidrelétrica de Belo Monte
320	29	https://tudo-sobre.estadao.com.br/hidreletrica-de-belo-monte	Estadao	News	B	Eletrobrás	Private Companies	B	Usina Hidrelétrica de Belo Monte
321	30	https://www.guiadacarreira.com.br/educacao/usina-hidreletrica-belo-monte/	Guiada carreira	Educational and Academic	B	IBAMA	Government	B	Usina Hidrelétrica de Belo Monte
322	30	https://www.guiadacarreira.com.br/educacao/usina-hidreletrica-belo-monte/	Guiada carreira	Educational and Academic	B	Environmental Activists	Environmental Organisations	B	Usina Hidrelétrica de Belo Monte
323	30	https://www.guiadacarreira.com.br/educacao/usina-hidreletrica-belo-monte/	Guiada carreira	Educational and Academic	B	Government	Government	B	Usina Hidrelétrica de Belo Monte
324	30	https://www.guiadacarreira.com.br/educacao/usina-hidreletrica-belo-monte/	Guiada carreira	Educational and Academic	B	Artistas	Celebrities	B	Usina Hidrelétrica de Belo Monte
325	30	https://www.guiadacarreira.com.br/educacao/usina-hidreletrica-belo-monte/	Guiada carreira	Educational and Academic	B	Indigenous Tribes	Indigenous People	B	Usina Hidrelétrica de Belo Monte
326	30	https://www.guiadacarreira.com.br/educacao/usina-hidreletrica-belo-monte/	Guiada carreira	Educational and Academic	B	NGOs	Environmental Organisations	B	Usina Hidrelétrica de Belo Monte
327	31	http://ambito-juridico.com.br/site/?n_link=revista_artigos_leitura&artigo_id=14422	Ambito Juridico	Governmental Institutions	B	Indigenous Tribes	Indigenous People	B	Usina Hidrelétrica de Belo Monte
328	31	http://ambito-juridico.com.br/site/?n_link=revista_artigos_leitura&artigo_id=14423	Ambito Juridico	Governmental Institutions	B	Pará	Government	B	Usina Hidrelétrica de Belo Monte
329	31	http://ambito-juridico.com.br/site/?n_link=revista_artigos_leitura&artigo_id=14424	Ambito Juridico	Governmental Institutions	B	Supreme Federal Court	Judiciary	B	Usina Hidrelétrica de Belo Monte
330	31	http://ambito-juridico.com.br/site/?n_link=revista_artigos_leitura&artigo_id=14425	Ambito Juridico	Governmental Institutions	B	Norte Energia	Private Companies	B	Usina Hidrelétrica de Belo Monte
331	31	http://ambito-juridico.com.br/site/?n_link=revista_artigos_leitura&artigo_id=14426	Ambito Juridico	Governmental Institutions	B	Government	Government	B	Usina Hidrelétrica de Belo Monte
332	31	http://ambito-juridico.com.br/site/?n_link=revista_artigos_leitura&artigo_id=14427	Ambito Juridico	Governmental Institutions	B	Eletrobrás	Private Companies	B	Usina Hidrelétrica de Belo Monte
333	31	http://ambito-juridico.com.br/site/?n_link=revista_artigos_leitura&artigo_id=14428	Ambito Juridico	Governmental Institutions	B	Eletronorte	Private Companies	B	Usina Hidrelétrica de Belo Monte
334	31	http://ambito-juridico.com.br/site/?n_link=revista_artigos_leitura&artigo_id=14429	Ambito Juridico	Governmental Institutions	B	IBAMA	Government	B	Usina Hidrelétrica de Belo Monte
335	31	http://ambito-juridico.com.br/site/?n_link=revista_artigos_leitura&artigo_id=14430	Ambito Juridico	Governmental Institutions	B	ANEEL (Agência Nacional de Energia Elétrica)	Government	B	Usina Hidrelétrica de Belo Monte
336	31	http://ambito-juridico.com.br/site/?n_link=revista_artigos_leitura&artigo_id=14431	Ambito Juridico	Governmental Institutions	B	Petros	Backers	B	Usina Hidrelétrica de Belo Monte
337	31	http://ambito-juridico.com.br/site/?n_link=revista_artigos_leitura&artigo_id=14432	Ambito Juridico	Governmental Institutions	B	Neoenergia	Private Companies	B	Usina Hidrelétrica de Belo Monte
338	31	http://ambito-juridico.com.br/site/?n_link=revista_artigos_leitura&artigo_id=14433	Ambito Juridico	Governmental Institutions	B	Funcef	Backers	B	Usina Hidrelétrica de Belo Monte
339	31	http://ambito-juridico.com.br/site/?n_link=revista_artigos_leitura&artigo_id=14434	Ambito Juridico	Governmental Institutions	B	Sinobras	Private Companies	B	Usina Hidrelétrica de Belo Monte
340	31	http://ambito-juridico.com.br/site/?n_link=revista_artigos_leitura&artigo_id=14435	Ambito Juridico	Governmental Institutions	B	Grupo J. Malucelli	Private Companies	B	Usina Hidrelétrica de Belo Monte
341	31	http://ambito-juridico.com.br/site/?n_link=revista_artigos_leitura&artigo_id=14436	Ambito Juridico	Governmental Institutions	B	Luiz Inácio Lula da Silva	Political Parties	B	Usina Hidrelétrica de Belo Monte
342	31	http://ambito-juridico.com.br/site/?n_link=revista_artigos_leitura&artigo_id=14437	Ambito Juridico	Governmental Institutions	B	Odebrecht	Private Companies	B	Usina Hidrelétrica de Belo Monte
343	31	http://ambito-juridico.com.br/site/?n_link=revista_artigos_leitura&artigo_id=14438	Ambito Juridico	Governmental Institutions	B	Vale S.A.	Private Companies	B	Usina Hidrelétrica de Belo Monte
344	31	http://ambito-juridico.com.br/site/?n_link=revista_artigos_leitura&artigo_id=14439	Ambito Juridico	Governmental Institutions	B	Marina Silva	Political Parties	B	Usina Hidrelétrica de Belo Monte
345	31	http://ambito-juridico.com.br/site/?n_link=revista_artigos_leitura&artigo_id=14440	Ambito Juridico	Governmental Institutions	B	Dilma Rousseff	Political Parties	B	Usina Hidrelétrica de Belo Monte
346	31	http://ambito-juridico.com.br/site/?n_link=revista_artigos_leitura&artigo_id=14441	Ambito Juridico	Governmental Institutions	B	Roberto Rodrigues	Scientific and Academic Community	B	Usina Hidrelétrica de Belo Monte
347	32	https://www.mapadaobra.com.br/inovacao/hidreletrica-de-belo-monte-producao-especifica-logistica-multimodal/	Mapa da Obra	Private Companies	B	Grupo Votorantim	Private Companies	B	Usina Hidrelétrica de Belo Monte
348	32	https://www.mapadaobra.com.br/inovacao/hidreletrica-de-belo-monte-producao-especifica-logistica-multimodal/	Mapa da Obra	Private Companies	B	Pará	Government	B	Usina Hidrelétrica de Belo Monte
349	32	https://www.mapadaobra.com.br/inovacao/hidreletrica-de-belo-monte-producao-especifica-logistica-multimodal/	Mapa da Obra	Private Companies	B	Rafael Klein	Private Companies	B	Usina Hidrelétrica de Belo Monte
350	33	http://temas.folha.uol.com.br/indios-contra-usina-do-tapajos/indios-contra-usina/indios-lutam-contra-nova-belo-monte.shtml	Uol	News	B	/	/	/	Usina Hidrelétrica de Belo Monte
351	34	https://www.correiobraziliense.com.br/app/noticia/economia/2017/01/31/internas_economia,569460/chineses-querem-comprar-a-usina-eletrica-de-belo-monte-no-para.shtml	Correio braziliense	News	B	Eletrobrás	Private Companies	B	Usina Hidrelétrica de Belo Monte
352	34	https://www.correiobraziliense.com.br/app/noticia/economia/2017/01/31/internas_economia,569460/chineses-querem-comprar-a-usina-eletrica-de-belo-monte-no-para.shtml	Correio braziliense	News	B	Companhia Energética de Minas Gerais	Private Companies	B	Usina Hidrelétrica de Belo Monte
353	34	https://www.correiobraziliense.com.br/app/noticia/economia/2017/01/31/internas_economia,569460/chineses-querem-comprar-a-usina-eletrica-de-belo-monte-no-para.shtml	Correio braziliense	News	B	Vale S.A.	Private Companies	B	Usina Hidrelétrica de Belo Monte
354	34	https://www.correiobraziliense.com.br/app/noticia/economia/2017/01/31/internas_economia,569460/chineses-querem-comprar-a-usina-eletrica-de-belo-monte-no-para.shtml	Correio braziliense	News	B	Petros	Backers	B	Usina Hidrelétrica de Belo Monte
355	34	https://www.correiobraziliense.com.br/app/noticia/economia/2017/01/31/internas_economia,569460/chineses-querem-comprar-a-usina-eletrica-de-belo-monte-no-para.shtml	Correio braziliense	News	B	Eletrobrás	Private Companies	B	Usina Hidrelétrica de Belo Monte
356	34	https://www.correiobraziliense.com.br/app/noticia/economia/2017/01/31/internas_economia,569460/chineses-querem-comprar-a-usina-eletrica-de-belo-monte-no-para.shtml	Correio braziliense	News	B	Funcef	Backers	B	Usina Hidrelétrica de Belo Monte
357	34	https://www.correiobraziliense.com.br/app/noticia/economia/2017/01/31/internas_economia,569460/chineses-querem-comprar-a-usina-eletrica-de-belo-monte-no-para.shtml	Correio braziliense	News	B	State Grid	Private Companies	I	Usina Hidrelétrica de Belo Monte
358	34	https://www.correiobraziliense.com.br/app/noticia/economia/2017/01/31/internas_economia,569460/chineses-querem-comprar-a-usina-eletrica-de-belo-monte-no-para.shtml	Correio braziliense	News	B	Three Gorges	Private Companies	I	Usina Hidrelétrica de Belo Monte
359	34	https://www.correiobraziliense.com.br/app/noticia/economia/2017/01/31/internas_economia,569460/chineses-querem-comprar-a-usina-eletrica-de-belo-monte-no-para.shtml	Correio braziliense	News	B	Conselho Empresarial Brasil-China (CEBC)	Private Companies	I	Usina Hidrelétrica de Belo Monte
360	34	https://www.correiobraziliense.com.br/app/noticia/economia/2017/01/31/internas_economia,569460/chineses-querem-comprar-a-usina-eletrica-de-belo-monte-no-para.shtml	Correio braziliense	News	B	Brazilian Development Bank	Backers	B	Usina Hidrelétrica de Belo Monte
361	34	https://www.correiobraziliense.com.br/app/noticia/economia/2017/01/31/internas_economia,569460/chineses-querem-comprar-a-usina-eletrica-de-belo-monte-no-para.shtml	Correio braziliense	News	B	Hydro Quebec	Private Companies	I	Usina Hidrelétrica de Belo Monte
362	35	https://www.passeiweb.com/estudos/sala_de_aula/atualidades/entenda_a_polemica_sobre_a_usina_de_belo_monte	Passei web	Educational and Academic	B	Eletrobrás	Private Companies	B	Usina Hidrelétrica de Belo Monte
363	35	https://www.passeiweb.com/estudos/sala_de_aula/atualidades/entenda_a_polemica_sobre_a_usina_de_belo_monte	Passei web	Educational and Academic	B	World Bank	Human Rights Organisations	I	Usina Hidrelétrica de Belo Monte
364	35	https://www.passeiweb.com/estudos/sala_de_aula/atualidades/entenda_a_polemica_sobre_a_usina_de_belo_monte	Passei web	Educational and Academic	B	Indigenous Tribes	Indigenous People	B	Usina Hidrelétrica de Belo Monte
365	35	https://www.passeiweb.com/estudos/sala_de_aula/atualidades/entenda_a_polemica_sobre_a_usina_de_belo_monte	Passei web	Educational and Academic	B	University of Florida	Scientific and Academic Community	I	Usina Hidrelétrica de Belo Monte
366	35	https://www.passeiweb.com/estudos/sala_de_aula/atualidades/entenda_a_polemica_sobre_a_usina_de_belo_monte	Passei web	Educational and Academic	B	Instituto Nacional de Pesquisas da Amazônia (INPA)	Government	B	Usina Hidrelétrica de Belo Monte
367	35	https://www.passeiweb.com/estudos/sala_de_aula/atualidades/entenda_a_polemica_sobre_a_usina_de_belo_monte	Passei web	Educational and Academic	B	Luiz Pinguelli Rosa	Private Companies	B	Usina Hidrelétrica de Belo Monte
368	35	https://www.passeiweb.com/estudos/sala_de_aula/atualidades/entenda_a_polemica_sobre_a_usina_de_belo_monte	Passei web	Educational and Academic	B	INCRA (Instituto Nacional de Colonização e Reforma Agrária)	Government	B	Usina Hidrelétrica de Belo Monte
369	35	https://www.passeiweb.com/estudos/sala_de_aula/atualidades/entenda_a_polemica_sobre_a_usina_de_belo_monte	Passei web	Educational and Academic	B	Araweté	Indigenous People	B	Usina Hidrelétrica de Belo Monte
370	35	https://www.passeiweb.com/estudos/sala_de_aula/atualidades/entenda_a_polemica_sobre_a_usina_de_belo_monte	Passei web	Educational and Academic	B	Parakanã	Indigenous People	B	Usina Hidrelétrica de Belo Monte
371	35	https://www.passeiweb.com/estudos/sala_de_aula/atualidades/entenda_a_polemica_sobre_a_usina_de_belo_monte	Passei web	Educational and Academic	B	Imazon (Instituto do Homem e Meio Ambiente da Amazônia)	Government	B	Usina Hidrelétrica de Belo Monte
372	35	https://www.passeiweb.com/estudos/sala_de_aula/atualidades/entenda_a_polemica_sobre_a_usina_de_belo_monte	Passei web	Educational and Academic	B	University of São Paulo	Scientific and Academic Community	B	Usina Hidrelétrica de Belo Monte
373	35	https://www.passeiweb.com/estudos/sala_de_aula/atualidades/entenda_a_polemica_sobre_a_usina_de_belo_monte	Passei web	Educational and Academic	B	Vale S.A.	Private Companies	B	Usina Hidrelétrica de Belo Monte
374	35	https://www.passeiweb.com/estudos/sala_de_aula/atualidades/entenda_a_polemica_sobre_a_usina_de_belo_monte	Passei web	Educational and Academic	B	Marco Aurélio Mello	Government	B	Usina Hidrelétrica de Belo Monte
375	35	https://www.passeiweb.com/estudos/sala_de_aula/atualidades/entenda_a_polemica_sobre_a_usina_de_belo_monte	Passei web	Educational and Academic	B	Luiz Inácio Lula da Silva	Political Parties	B	Usina Hidrelétrica de Belo Monte
376	35	https://www.passeiweb.com/estudos/sala_de_aula/atualidades/entenda_a_polemica_sobre_a_usina_de_belo_monte	Passei web	Educational and Academic	B	Raoni	Indigenous People	B	Usina Hidrelétrica de Belo Monte
377	35	https://www.passeiweb.com/estudos/sala_de_aula/atualidades/entenda_a_polemica_sobre_a_usina_de_belo_monte	Passei web	Educational and Academic	B	Ailton Krenak	Indigenous People	B	Usina Hidrelétrica de Belo Monte
378	35	https://www.passeiweb.com/estudos/sala_de_aula/atualidades/entenda_a_polemica_sobre_a_usina_de_belo_monte	Passei web	Educational and Academic	B	Marcos Terena	Indigenous People	B	Usina Hidrelétrica de Belo Monte
379	35	https://www.passeiweb.com/estudos/sala_de_aula/atualidades/entenda_a_polemica_sobre_a_usina_de_belo_monte	Passei web	Educational and Academic	B	Governo FHC (Governo Fernando Henrique Cardoso)	Government	B	Usina Hidrelétrica de Belo Monte
380	35	https://www.passeiweb.com/estudos/sala_de_aula/atualidades/entenda_a_polemica_sobre_a_usina_de_belo_monte	Passei web	Educational and Academic	B	Chico Mendes	Human Rights Organisations	B	Usina Hidrelétrica de Belo Monte
381	35	https://www.passeiweb.com/estudos/sala_de_aula/atualidades/entenda_a_polemica_sobre_a_usina_de_belo_monte	Passei web	Educational and Academic	B	Indigenous Tribes	Indigenous People	B	Usina Hidrelétrica de Belo Monte
382	35	https://www.passeiweb.com/estudos/sala_de_aula/atualidades/entenda_a_polemica_sobre_a_usina_de_belo_monte	Passei web	Educational and Academic	B	Eduardo Viveiros de Castro	Scientific and Academic Community	B	Usina Hidrelétrica de Belo Monte
383	35	https://www.passeiweb.com/estudos/sala_de_aula/atualidades/entenda_a_polemica_sobre_a_usina_de_belo_monte	Passei web	Educational and Academic	B	Government	Government	B	Usina Hidrelétrica de Belo Monte
384	36	https://www.ecodebate.com.br/tag/belo-monte/	Eco debate	News	B	Government	Government	B	Usina Hidrelétrica de Belo Monte
385	36	https://www.ecodebate.com.br/tag/belo-monte/	Eco debate	News	B	Felício Pontes	Human Rights Organisations	B	Usina Hidrelétrica de Belo Monte
386	36	https://www.ecodebate.com.br/tag/belo-monte/	Eco debate	News	B	Indigenous Tribes	Indigenous People	B	Usina Hidrelétrica de Belo Monte
387	36	https://www.ecodebate.com.br/tag/belo-monte/	Eco debate	News	B	Ribeirinhos	Non-Indigenous Residents	B	Usina Hidrelétrica de Belo Monte
388	36	https://www.ecodebate.com.br/tag/belo-monte/	Eco debate	News	B	Xingu Vivo	Environmental Organisations	I	Usina Hidrelétrica de Belo Monte
389	36	https://www.ecodebate.com.br/tag/belo-monte/	Eco debate	News	B	Instituto Socioambiental (ISA)	Government	B	Usina Hidrelétrica de Belo Monte
390	36	https://www.ecodebate.com.br/tag/belo-monte/	Eco debate	News	B	Eletrobrás	Private Companies	B	Usina Hidrelétrica de Belo Monte
391	36	https://www.ecodebate.com.br/tag/belo-monte/	Eco debate	News	B	Odebrecht	Private Companies	B	Usina Hidrelétrica de Belo Monte
392	36	https://www.ecodebate.com.br/tag/belo-monte/	Eco debate	News	B	Grupo Andrade Gutierrez	Private Companies	B	Usina Hidrelétrica de Belo Monte
393	36	https://www.ecodebate.com.br/tag/belo-monte/	Eco debate	News	B	Grupo Camargo Corrêa	Private Companies	B	Usina Hidrelétrica de Belo Monte
394	36	https://www.ecodebate.com.br/tag/belo-monte/	Eco debate	News	B	Supreme Federal Court	Judiciary	B	Usina Hidrelétrica de Belo Monte
395	36	https://www.ecodebate.com.br/tag/belo-monte/	Eco debate	News	B	Sociedade Brasileira para o Progresso da Ciência (SBPC)	Scientific and Academic Community	B	Usina Hidrelétrica de Belo Monte
396	36	https://www.ecodebate.com.br/tag/belo-monte/	Eco debate	News	B	Supreme Federal Court	Judiciary	B	Usina Hidrelétrica de Belo Monte
397	37	http://www.revista.ufpe.br/revistaanthropologicas/index.php/revista/article/view/384	Revista Anthropologicas	Educational and Academic	B	Government	Government	B	Usina Hidrelétrica de Belo Monte
398	37	http://www.revista.ufpe.br/revistaanthropologicas/index.php/revista/article/view/385	Revista Anthropologicas	Educational and Academic	B	Indigenous Tribes	Indigenous People	B	Usina Hidrelétrica de Belo Monte
399	38	http://www.scielo.br/scielo.php?pid=S1414-753X2013000400009&script=sci_abstract&tlng=pt	Scielo	Educational and Academic	B	Ribeirinhos	Non-Indigenous Residents	B	Usina Hidrelétrica de Belo Monte
400	39	http://www.riosvivos.org.br/canal.php?c=81&mat=15003	Rios vivos	Environmental Organisations	B	Xingu Vivo	Environmental Organisations	B	Usina Hidrelétrica de Belo Monte
401	39	http://www.riosvivos.org.br/canal.php?c=81&mat=15004	Rios vivos	Environmental Organisations	B	Government	Government	B	Usina Hidrelétrica de Belo Monte
402	39	http://www.riosvivos.org.br/canal.php?c=81&mat=15005	Rios vivos	Environmental Organisations	B	Parakanã	Indigenous People	B	Usina Hidrelétrica de Belo Monte
403	39	http://www.riosvivos.org.br/canal.php?c=81&mat=15006	Rios vivos	Environmental Organisations	B	Arara	Indigenous People	B	Usina Hidrelétrica de Belo Monte
404	39	http://www.riosvivos.org.br/canal.php?c=81&mat=15007	Rios vivos	Environmental Organisations	B	Indigenous Tribes	Indigenous People	B	Usina Hidrelétrica de Belo Monte
405	40	http://www.ub.edu/geocrit/Electr-y-territorio/AlexNascimento.pdf	Universitat de Barcelona	Educational and Academic	I	Government	Government	B	Usina Hidrelétrica de Belo Monte
406	40	http://www.ub.edu/geocrit/Electr-y-territorio/AlexNascimento.pdf	Universitat de Barcelona	Educational and Academic	I	Ministry of Mines and Energy	Government	B	Usina Hidrelétrica de Belo Monte
407	40	http://www.ub.edu/geocrit/Electr-y-territorio/AlexNascimento.pdf	Universitat de Barcelona	Educational and Academic	I	ANEEL (Agência Nacional de Energia Elétrica)	Government	B	Usina Hidrelétrica de Belo Monte
408	40	http://www.ub.edu/geocrit/Electr-y-territorio/AlexNascimento.pdf	Universitat de Barcelona	Educational and Academic	I	Brazil’s National Council for Energy Policy (CNPE)	Government	B	Usina Hidrelétrica de Belo Monte
409	40	http://www.ub.edu/geocrit/Electr-y-territorio/AlexNascimento.pdf	Universitat de Barcelona	Educational and Academic	I	Indigenous Tribes	Indigenous People	B	Usina Hidrelétrica de Belo Monte
410	40	http://www.ub.edu/geocrit/Electr-y-territorio/AlexNascimento.pdf	Universitat de Barcelona	Educational and Academic	I	Pará	Government	B	Usina Hidrelétrica de Belo Monte
411	40	http://www.ub.edu/geocrit/Electr-y-territorio/AlexNascimento.pdf	Universitat de Barcelona	Educational and Academic	I	Supreme Federal Court	Judiciary	B	Usina Hidrelétrica de Belo Monte
412	40	http://www.ub.edu/geocrit/Electr-y-territorio/AlexNascimento.pdf	Universitat de Barcelona	Educational and Academic	I	Norte Energia	Private Companies	B	Usina Hidrelétrica de Belo Monte
413	40	http://www.ub.edu/geocrit/Electr-y-territorio/AlexNascimento.pdf	Universitat de Barcelona	Educational and Academic	I	Government	Government	B	Usina Hidrelétrica de Belo Monte
414	40	http://www.ub.edu/geocrit/Electr-y-territorio/AlexNascimento.pdf	Universitat de Barcelona	Educational and Academic	I	Eletrobrás	Private Companies	B	Usina Hidrelétrica de Belo Monte
415	40	http://www.ub.edu/geocrit/Electr-y-territorio/AlexNascimento.pdf	Universitat de Barcelona	Educational and Academic	I	Eletronorte	Private Companies	B	Usina Hidrelétrica de Belo Monte
416	40	http://www.ub.edu/geocrit/Electr-y-territorio/AlexNascimento.pdf	Universitat de Barcelona	Educational and Academic	I	IBAMA	Government	B	Usina Hidrelétrica de Belo Monte
417	40	http://www.ub.edu/geocrit/Electr-y-territorio/AlexNascimento.pdf	Universitat de Barcelona	Educational and Academic	I	ANEEL (Agência Nacional de Energia Elétrica)	Government	B	Usina Hidrelétrica de Belo Monte
418	40	http://www.ub.edu/geocrit/Electr-y-territorio/AlexNascimento.pdf	Universitat de Barcelona	Educational and Academic	I	Petros	Backers	B	Usina Hidrelétrica de Belo Monte
419	40	http://www.ub.edu/geocrit/Electr-y-territorio/AlexNascimento.pdf	Universitat de Barcelona	Educational and Academic	I	Neoenergia	Private Companies	B	Usina Hidrelétrica de Belo Monte
420	40	http://www.ub.edu/geocrit/Electr-y-territorio/AlexNascimento.pdf	Universitat de Barcelona	Educational and Academic	I	Funcef	Backers	B	Usina Hidrelétrica de Belo Monte
421	40	http://www.ub.edu/geocrit/Electr-y-territorio/AlexNascimento.pdf	Universitat de Barcelona	Educational and Academic	I	Sinobras	Private Companies	B	Usina Hidrelétrica de Belo Monte
422	40	http://www.ub.edu/geocrit/Electr-y-territorio/AlexNascimento.pdf	Universitat de Barcelona	Educational and Academic	I	Grupo J. Malucelli	Private Companies	B	Usina Hidrelétrica de Belo Monte
423	40	http://www.ub.edu/geocrit/Electr-y-territorio/AlexNascimento.pdf	Universitat de Barcelona	Educational and Academic	I	Luiz Inácio Lula da Silva	Political Parties	B	Usina Hidrelétrica de Belo Monte
424	40	http://www.ub.edu/geocrit/Electr-y-territorio/AlexNascimento.pdf	Universitat de Barcelona	Educational and Academic	I	Odebrecht	Private Companies	B	Usina Hidrelétrica de Belo Monte
425	40	http://www.ub.edu/geocrit/Electr-y-territorio/AlexNascimento.pdf	Universitat de Barcelona	Educational and Academic	I	Vale S.A.	Private Companies	B	Usina Hidrelétrica de Belo Monte
426	40	http://www.ub.edu/geocrit/Electr-y-territorio/AlexNascimento.pdf	Universitat de Barcelona	Educational and Academic	I	Ribeirinhos	Non-Indigenous Residents	B	Usina Hidrelétrica de Belo Monte
427	40	http://www.ub.edu/geocrit/Electr-y-territorio/AlexNascimento.pdf	Universitat de Barcelona	Educational and Academic	I	Indigenous Tribes	Indigenous People	B	Usina Hidrelétrica de Belo Monte
428	40	http://www.ub.edu/geocrit/Electr-y-territorio/AlexNascimento.pdf	Universitat de Barcelona	Educational and Academic	I	World Bank	Human Rights Organisations	I	Usina Hidrelétrica de Belo Monte
429	40	http://www.ub.edu/geocrit/Electr-y-territorio/AlexNascimento.pdf	Universitat de Barcelona	Educational and Academic	I	Environmental Activists	Environmental Organisations	B	Usina Hidrelétrica de Belo Monte
430	40	http://www.ub.edu/geocrit/Electr-y-territorio/AlexNascimento.pdf	Universitat de Barcelona	Educational and Academic	I	Ribeirinhos	Non-Indigenous Residents	B	Usina Hidrelétrica de Belo Monte
431	40	http://www.ub.edu/geocrit/Electr-y-territorio/AlexNascimento.pdf	Universitat de Barcelona	Educational and Academic	I	Regional Federal Court	Judiciary	B	Usina Hidrelétrica de Belo Monte
432	40	http://www.ub.edu/geocrit/Electr-y-territorio/AlexNascimento.pdf	Universitat de Barcelona	Educational and Academic	I	Raoni	Indigenous People	B	Usina Hidrelétrica de Belo Monte
433	40	http://www.ub.edu/geocrit/Electr-y-territorio/AlexNascimento.pdf	Universitat de Barcelona	Educational and Academic	I	Ailton Krenak	Indigenous People	B	Usina Hidrelétrica de Belo Monte
434	40	http://www.ub.edu/geocrit/Electr-y-territorio/AlexNascimento.pdf	Universitat de Barcelona	Educational and Academic	I	Marcos Terena	Indigenous People	B	Usina Hidrelétrica de Belo Monte
435	40	http://www.ub.edu/geocrit/Electr-y-territorio/AlexNascimento.pdf	Universitat de Barcelona	Educational and Academic	I	Governo FHC (Governo Fernando Henrique Cardoso)	Government	B	Usina Hidrelétrica de Belo Monte
436	41	http://agenciabrasil.ebc.com.br/geral/noticia/2017-04/ibama-multa-concessionaria-da-usina-de-belo-monte-em-mais-de-r-75-milhoes	Agencia brasil	News	B	IBAMA	Government	B	Usina Hidrelétrica de Belo Monte
437	41	http://agenciabrasil.ebc.com.br/geral/noticia/2017-04/ibama-multa-concessionaria-da-usina-de-belo-monte-em-mais-de-r-75-milhoes	Agencia brasil	News	B	Norte Energia	Private Companies	B	Usina Hidrelétrica de Belo Monte
438	42	http://www.brasil.gov.br/governo/2016/05/dilma-inaugura-usina-hidreletrica-de-belo-monte	Governo do Brasil	Governmental Institutions	B	Dilma Rousseff	Political Parties	B	Usina Hidrelétrica de Belo Monte
439	42	http://www.brasil.gov.br/governo/2016/05/dilma-inaugura-usina-hidreletrica-de-belo-monte	Governo do Brasil	Governmental Institutions	B	ICMBio	Government	B	Usina Hidrelétrica de Belo Monte
440	42	http://www.brasil.gov.br/governo/2016/05/dilma-inaugura-usina-hidreletrica-de-belo-monte	Governo do Brasil	Governmental Institutions	B	Sistema Interligado Nacional (SIN)	Government	B	Usina Hidrelétrica de Belo Monte
441	42	http://www.brasil.gov.br/governo/2016/05/dilma-inaugura-usina-hidreletrica-de-belo-monte	Governo do Brasil	Governmental Institutions	B	Norte Energia	Private Companies	B	Usina Hidrelétrica de Belo Monte
442	42	http://www.brasil.gov.br/governo/2016/05/dilma-inaugura-usina-hidreletrica-de-belo-monte	Governo do Brasil	Governmental Institutions	B	Indigenous Tribes	Indigenous People	B	Usina Hidrelétrica de Belo Monte
443	42	http://www.brasil.gov.br/governo/2016/05/dilma-inaugura-usina-hidreletrica-de-belo-monte	Governo do Brasil	Governmental Institutions	B	FUNAI (Fundação Nacional do Índio)	Government	B	Usina Hidrelétrica de Belo Monte
444	43	http://repositorio.ufpa.br/jspui/handle/2011/7563	Respoitorio institucional UFPA	Educational and Academic	B	Indigenous Tribes	Indigenous People	B	Usina Hidrelétrica de Belo Monte
445	43	http://repositorio.ufpa.br/jspui/handle/2011/7564	Respoitorio institucional UFPA	Educational and Academic	B	Conselho Ribeirinho do Reservatório da UHE Belo Monte	Non-Indigenous Residents	B	Usina Hidrelétrica de Belo Monte
446	43	http://repositorio.ufpa.br/jspui/handle/2011/7565	Respoitorio institucional UFPA	Educational and Academic	B	Supreme Federal Court	Judiciary	B	Usina Hidrelétrica de Belo Monte
447	43	http://repositorio.ufpa.br/jspui/handle/2011/7566	Respoitorio institucional UFPA	Educational and Academic	B	Regional Federal Court	Judiciary	B	Usina Hidrelétrica de Belo Monte
448	43	http://repositorio.ufpa.br/jspui/handle/2011/7567	Respoitorio institucional UFPA	Educational and Academic	B	Corte Interamericana de Direitos Humanos	Human Rights Organisations	I	Usina Hidrelétrica de Belo Monte
449	44	https://www.resumoescolar.com.br/geografia-do-brasil/resumo-da-usina-de-belo-monte/	Resumo escolar	Educational and Academic	B	Instituto Nacional de Pesquisas da Amazônia (INPA)	Government	B	Usina Hidrelétrica de Belo Monte
450	44	https://www.resumoescolar.com.br/geografia-do-brasil/resumo-da-usina-de-belo-monte/	Resumo escolar	Educational and Academic	B	Three Gorges	Private Companies	I	Usina Hidrelétrica de Belo Monte
451	44	https://www.resumoescolar.com.br/geografia-do-brasil/resumo-da-usina-de-belo-monte/	Resumo escolar	Educational and Academic	B	Indigenous Tribes	Indigenous People	B	Usina Hidrelétrica de Belo Monte
452	44	https://www.resumoescolar.com.br/geografia-do-brasil/resumo-da-usina-de-belo-monte/	Resumo escolar	Educational and Academic	B	Ribeirinhos	Non-Indigenous Residents	B	Usina Hidrelétrica de Belo Monte
453	45	https://www.valor.com.br/empresas/5048626/belo-monte-amplia-capacidade-e-ja-e-terceira-maior-usina-do-pais	Valor	News	B	Eletronorte	Private Companies	B	Usina Hidrelétrica de Belo Monte
454	45	https://www.valor.com.br/empresas/5048626/belo-monte-amplia-capacidade-e-ja-e-terceira-maior-usina-do-pais	Valor	News	B	Eletrobrás	Private Companies	B	Usina Hidrelétrica de Belo Monte
455	45	https://www.valor.com.br/empresas/5048626/belo-monte-amplia-capacidade-e-ja-e-terceira-maior-usina-do-pais	Valor	News	B	Companhia Energética de Minas Gerais	Private Companies	B	Usina Hidrelétrica de Belo Monte
456	45	https://www.valor.com.br/empresas/5048626/belo-monte-amplia-capacidade-e-ja-e-terceira-maior-usina-do-pais	Valor	News	B	Petros	Backers	B	Usina Hidrelétrica de Belo Monte
457	45	https://www.valor.com.br/empresas/5048626/belo-monte-amplia-capacidade-e-ja-e-terceira-maior-usina-do-pais	Valor	News	B	Funcef	Backers	B	Usina Hidrelétrica de Belo Monte
458	45	https://www.valor.com.br/empresas/5048626/belo-monte-amplia-capacidade-e-ja-e-terceira-maior-usina-do-pais	Valor	News	B	Light S.A.	Private Companies	B	Usina Hidrelétrica de Belo Monte
459	45	https://www.valor.com.br/empresas/5048626/belo-monte-amplia-capacidade-e-ja-e-terceira-maior-usina-do-pais	Valor	News	B	Sinobras	Private Companies	B	Usina Hidrelétrica de Belo Monte
460	45	https://www.valor.com.br/empresas/5048626/belo-monte-amplia-capacidade-e-ja-e-terceira-maior-usina-do-pais	Valor	News	B	Grupo J. Malucelli	Private Companies	B	Usina Hidrelétrica de Belo Monte
461	45	https://www.valor.com.br/empresas/5048626/belo-monte-amplia-capacidade-e-ja-e-terceira-maior-usina-do-pais	Valor	News	B	CEMIG	Private Companies	B	Usina Hidrelétrica de Belo Monte
462	45	https://www.valor.com.br/empresas/5048626/belo-monte-amplia-capacidade-e-ja-e-terceira-maior-usina-do-pais	Valor	News	B	ANEEL (Agência Nacional de Energia Elétrica)	Government	B	Usina Hidrelétrica de Belo Monte
463	46	https://www.facebook.com/uhebelomonte/	Facebook	Social Media and Publishing Platforms	I	Eletronorte	Private Companies	B	Usina Hidrelétrica de Belo Monte
464	47	https://direitosp.fgv.br/casoteca/usina-hidreletrica-belo-monte-implicacoes-institucionais-economicas-socioambientais	Direto sp	Educational and Academic	B	Indigenous Tribes	Indigenous People	B	Usina Hidrelétrica de Belo Monte
465	47	https://direitosp.fgv.br/casoteca/usina-hidreletrica-belo-monte-implicacoes-institucionais-economicas-socioambientais	Direto sp	Educational and Academic	B	Government	Government	B	Usina Hidrelétrica de Belo Monte
466	47	https://direitosp.fgv.br/casoteca/usina-hidreletrica-belo-monte-implicacoes-institucionais-economicas-socioambientais	Direto sp	Educational and Academic	B	Supreme Federal Court	Judiciary	B	Usina Hidrelétrica de Belo Monte
467	48	https://www.jusbrasil.com.br/topicos/26550273/usina-de-belo-monte	Jusbrasil	Governmental Institutions	B	Government	Government	B	Usina Hidrelétrica de Belo Monte
468	48	https://www.jusbrasil.com.br/topicos/26550273/usina-de-belo-monte	Jusbrasil	Governmental Institutions	B	Luís Inácio Adams	Private Companies	B	Usina Hidrelétrica de Belo Monte
469	49	http://www.votorantimcimentos.com/pt-BR/products-and-services/success-cases/Paginas/belo-monte-hydroelectric-plant-more-than-11-thousand-mw-of-energy.aspx	Votorantim	Private Companies	B	Three Gorges	Private Companies	I	Usina Hidrelétrica de Belo Monte
470	49	http://www.votorantimcimentos.com/pt-BR/products-and-services/success-cases/Paginas/belo-monte-hydroelectric-plant-more-than-11-thousand-mw-of-energy.aspx	Votorantim	Private Companies	B	Indigenous Tribes	Indigenous People	B	Usina Hidrelétrica de Belo Monte
471	50	http://www.eb.mil.br/web/noticias/noticiario-do-exercito/-/asset_publisher/MjaG93KcunQI/content/visita-institucional-a-usina-hidreletrica-de-belo-monte	Exercito brasilero	Governmental Institutions	B	Batalhão de Infantaria de Selva	Government	B	Usina Hidrelétrica de Belo Monte