Word	Occurrences
belo	94
monte	94
bit	38
que	36
para	35
usina	34
http	30
obras	29
com	28
uma	27
das	24
obra	23
dos	19
grupoag	19
projeto	18
especial	17
xingu	17
hidrelétrica	16
como	16
região	16
energia	15
mais	13
são	13
ambiental	13
norte	12
empreendimento	12
nas	12
anos	12
construção	11
pelo	11
programa	10
sobre	10
altamira	10
não	10
participação	9
confira	9
pará	9
também	8
básico	8
parte	8
maior	8
mostra	8
pela	8
série	7
história	7
meio	7
rio	7
ações	7
por	7
sistema	7
especial	7
sua	6
hoje	6
foi	6
faz	6
canal	6
episódio	6