Word	Occurrences	Frequency	Rank
energia	20	1.1%	5
governo	13	0.7%	9
país	11	0.6%	10
tarifas	11	0.6%	10
eletrobras	11	0.6%	10
brasil	8	0.4%	12
energética	8	0.4%	12
mwh	7	0.4%	12
obras	7	0.4%	12
luz	7	0.4%	12
custos	6	0.3%	13
consumidores	6	0.3%	13
meio	6	0.3%	13
pública	6	0.3%	13
segurança	6	0.3%	13
quer	6	0.3%	13
pagar	6	0.3%	13
população	5	0.3%	13
contra	5	0.3%	13
fazer	5	0.3%	13
cotas	5	0.3%	13
operação	5	0.3%	13
rousseff	5	0.3%	13
consumidor	5	0.3%	13
distribuição	5	0.3%	13
privatização	5	0.3%	13
construção	5	0.3%	13
imprensa	5	0.3%	13
investimento	5	0.3%	13