Word	Occurrences
belo	25
monte	24
para	19
xingu	16
http	11
região	11
pará	10
eletronorte	10
usina	9
energia	8
hidrelétrica	8
transmissão	8
norte	8
belomonte	7
tucuruí	6
nota	6
mais	6
estreito	5
complementar	5
carga	5
brasil	5
municípios	5
pela	5
grid	5
state	5
são	5
furnas	5
nacional	5
além	5
unidades	4
falha	4
linha	4
parabéns	4
subestação	4
construção	4
torres	4
entre	4
investimentos	4
centro	4
manaus	4
redução	4
não	4
milhões	4
blogbelomonte	4
força	4
casa	4
houve	4
noticias	4
consórcio	3
paginas	3
vida	3
cerca	3
eletrobras	3
ordem	3
foram	3
aspx	3
geradoras	3
novo	3
município	3
projetos	3
watch	3
https	3
maior	3
significa	3
leilão	3
operação	3
pessoas	3
comercial	3
geração	3
quatro	3
hoje	3
maiores	3
quilômetros	3
estados	3
área	3
início	3
maisenergia	3