Word	Occurrences
energia	10
monte	8
belo	8
mais	6
foto	5
nosso	5
hidrelétrica	4
http	4
usina	4
povo	4
nesta	4
casa	4
feira	4
saiba	3
está	3
operação	3
para	3
elétrica	3
comercial	3
primeira	3
norte	3
potência	3
megawatts	3
https	2
pelo	2
país	2
quinta	2
estados	2
minas	2
república	2
kayapó	2
lima	2
osvaldo	2
instalada	2
abril	2
nacional	2
contra	2
principal	2
localizada	2
confira	2
projetos	2
sustentável	2
responsabilidade	2
comunidades	2
xingu	2
indígenas	2
como	2
bacia	2
santo	2
geradoras	2
antônio	2
eletrobras	2
sobre	2
unidades	2
parque	2
união	1
turbina	1
entrar	1
fizemos	1
oficial	1