Word	Occurrences
indígenas	26
indígena	17
como	11
pela	10
entre	10
mais	10
terra	9
isolados	9
kamayurá	9
também	9
presidente	9
belo	8
monte	8
índios	8
https	8
xingu	8
são	8
aldeia	7
povos	7
pelo	7
está	7
meio	7
norte	7
cacique	7
terras	7
aqui	6
huka	6
anos	6
leia	6
feira	6
coordenação	6
sobre	6
convidados	6
servidores	6
foram	5
seus	5
sede	5
amazonas	5
kuarup	5
nacional	5
pajé	5
direitos	5
povo	5
fundação	5
licenciamento	5
representantes	5
vale	5
javari	5
esse	5
altamira	5
construção	5
localizada	5
usina	5
região	5
nosso	5
íntegra	4
hectares	4
presentes	4
grosso	4
comunidades	4
hoje	4
centro	4
dessa	4
afirmou	4
regional	4
objetivo	4
icmbio	4
conservação	4
geral	4
eirunepé	4
operação	4
juruazinho	4
outros	4
toda	4
essa	4
monitoramento	4
muito	4
recebeu	4
assim	4
mawetek	4
responsável	4
não	4
mato	4
energia	4