Word	Occurrences
belo	17
monte	16
hidrelétrica	16
usina	16
energia	14
mais	13
http	12
belomonte	11
sobre	11
para	10
construção	10
xingu	10
https	8
norte	8
pela	8
funcef	7
conheça	6
investimento	6
região	6
são	6
pessoas	5
investimentos	5
obras	4
maior	4
será	4
leia	4
milhões	4
projeto	3
pode	3
confira	3
está	3
saiba	3
pará	3
revista	3
participação	3
desenvolvimento	3
também	3
elas	3
matéria	3
companhia	3
parte	3
brasil	3
saúde	3
falar	3
site	3
abelhas	2
grande	2
estudo	2
informações	2
trabalho	2
história	2
quais	2
nacional	2
completa	2
investimentosfuncef	2
municípios	2
social	2
ações	2
áreas	2
cinco	2
qualidadedevida	2
moram	2
série	2
ambiental	2