Word	Occurrences
belo	13
http	12
monte	12
como	6
usina	6
sobre	6
não	5
mais	5
hidrelétrica	5
para	5
xingu	5
construção	4
pela	4
seus	4
hidrelétricas	4
está	3
mostra	3
saiba	3
amazônia	3
tapajós	2
manter	2
brasil	2
floresta	2
saber	2
reportagem	2
contra	2
povo	2
leia	2
munduruku	2
projeto	2
isso	2
dilma	2
felype	2
linhas	2
pontes	2
diálogo	2
obras	2
construídas	2
presidenta	2
licença	2
dossiê	2
jornalista	2
revistagreenpeace	2
governo	2
serão	2
miriam	2
energia	2
anos	2
antes	2
meio	2
eles	2