Word	Occurrences
belo	34
monte	32
amazon	29
brazil	16
brazilian	14
people	13
river	11
xingu	9
project	9
just	8
news	8
indigenous	7
world	7
destructive	7
energy	7
construction	7
film	7
these	6
those	6
environmental	6
license	6
federal	6
history	5
along	5
watch	5
flood	5
rivers	5
rights	5
communities	5
government	5
year	5
affected	4
suspended	4
here	4
share	4
international	4
first	4
water	4
operating	4
breaking	4
araújo	4
fight	4
http	4
take	4
controversial	4
protect	4
read	4
violence	4
court	4
projects	4
dilma	3
your	3
good	3
forever	3
closed	3
president	3
movement	3
life	3
hydroelectric	3
built	3
country	3
time	3
launch	3
dams	3
hope	3
produced	3
resistance	3
altamira	3