Word	Occurrences
monte	43
belo	43
energia	35
usina	30
hidrelétrica	23
para	23
http	21
operação	21
feira	20
transmissão	16
nesta	16
mais	16
nacional	14
capacidade	14
elétrica	12
aneel	12
pará	11
instalada	11
unidade	11
pela	10
comercial	10
sistema	10
turbina	10
foto	9
primeira	9
veja	9
geradora	9
linha	8
xingu	8
país	8
saiba	8
terá	7
crédito	7
quinta	7
minas	7
migre	7
região	7
agência	7
confira	6
enchimento	6
geração	6
divulgação	6
casa	6
pimental	6
unidades	6
força	5
maior	5
altamira	5
brasil	5
inicia	5
terça	5