Word	Occurrences
para	6
energia	5
não	4
rios	4
hidrelétricas	4
isso	3
energética	2
parques	2
vídeo	2
ventos	2
nordeste	2
usinas	2
geração	2
mais	2
eólicos	2
mitoseverdades	2
consomem	2
água	2
gerar	2
atender	1
região	1
salvar	1
população	1
nacional	1
jornal	1
segundo	1
indústrias	1
contribuem	1
brasileira	1
falta	1
orgulhodeserneoenergia	1
energiadofuturo	1
chuva	1
reservatórios	1
estão	1
https	1
país	1
matriz	1
xtuqms	1
exemplo	1
ontem	1
dizer	1
demanda	1
orgulho	1
metade	1
força	1
pela	1
gerada	1
nossos	1
parte	1
eólica	1
globo	1
rede	1
operação	1
suprindo	1
desde	1
grande	1