Word	Occurrences
monte	449
belo	447
energia	291
para	252
norte	207
usina	136
hidrelétrica	115
forçaquemovebelomonte	105
pela	103
xingu	101
altamira	97
uhebelomonte	96
são	86
hoje	83
mais	82
montagem	81
empreendimento	80
você	73
área	73
região	72
força	71
ações	70
confira	69
ambiental	69
casa	67
suas	63
pelo	62
profissionais	61
unidades	60
principal	58
maior	56
grandes	51
brasileira	51
neste	50
geradoras	49
responsáveis	49
como	48
conta	44
conhecer	44
time	42
construção	42
	
	
	
	
	
	
	
	
	
	
	
	
	
	
	
	
	
	
	
	
	
	
	
	
	
	
	
	
	
	
	
	
	
	
	
	
	
	
	
	
	
	
	
	
	
	
	
	
	
	
	
	
	
	
	
	
	
	
	
	
	
	
	
	
	
	
	
	
	
	
	
	
	
	
	
	
	
	
	
	
	
	
	
	
	
	
	
	
	
	
	
	
	
	
	
	
	
	
	
	
	
	
	
	
	
	
	
	
	
	
	
	
	
	
	
	
	
	
	
	
	
	
	
	
	
	
	
	
	
	
	
	
	
	
	
	
	
	
	
	
	
	
	
	
	
	
	
	
	
	
	
	
	
	
	
	
	
	
	
	
	
	