Word	Occurrences
usina	13
para	12
mina	5
também	5
minério	5
complexo	5
nossa	5
http	5
quer	4
mais	4
pelotização	4
pará	4
até	4
correias	4
hoje	4
transportadoras	4
projeto	3
toneladas	3
usinas	3
nosso	3
carajás	3
como	3
água	3
tubarão	3
processo	3
mineração	3
caminhões	3
beneficiamento	2
https	2
funcionam	2
gerais	2
minas	2
consumo	2
assim	2
dispensa	2
estamos	2
etapa	2
capacidade	2
milhões	2
temos	2
anos	2
precipitadores	2
levar	2
dizer	2
sabe	2
sistema	2
operação	2
olha	2
isso	2
parte	2
grande	2
nossos	2
foto	2
profundas	1
rolos	1
compactadores	1
centro	1
empregados	1
distribuição	1
estão	1
usando	1
mini	1
terminal	1
águas	1
eles	1
almeida	1
renan	1
tirou	1
essa	1
vargem	1
amanhecer	1
presencia	1
valema	1
anosvale	1
você	1
quando	1
nova	1
lima	1
arábia	1
lpami	1
sohar	1
omã	1
conta	1
ímã	1
fossem	1
eletrostáticos	1