Word	Occurrences
belo	68
para	68
xingu	63
monte	62
não	54
munduruku	31
vivo	30
mais	29
luta	28
como	28
vida	26
contra	25
movimento	23
nosso	23
povos	21
rios	21
sobre	21
sempre	20
governo	19
altamira	18
assim	18
nossos	18
nossa	17
energia	16
onde	16
pela	16
norte	16
quando	15
está	15
são	14
território	14
ribeirinhos	13
tapajós	13
reservatório	13
estão	13
todos	12
lutando	12
http	12
mulheres	12
direitos	12
pelo	12
mundo	11
todas	11
indígenas	11
estado	10
quem	10
amazônia	10
foram	10
dias	10
seus	10
zila	10
federal	10
gente	9
outras	9
fazer	9
queremos	9
brasileiro	9
depois	9
morte	9
ilha	9
ainda	9
xinguvivo	9
também	9
direito	8
forças	8
pode	8
garimpeiros	8
hidrelétrica	8
seguimos	8
resistência	8
filhos	8
grande	8