Word	Occurrences
obra	33
monte	32
parte	32
belo	29
trabalhei	20
para	20
muito	18
dessa	18
grande	16
todos	13
parabéns	13
trabalho	13
empresa	13
anos	11
mais	11
pimental	10
aqui	10
onde	10
isso	9
vaga	9
grupo	9
tenho	8
também	8
projeto	8
faço	8
não	8
estou	7
andrade	7
orgulho	7
como	7
trabalhar	6
tive	6
quero	6
pessoas	5
trabalha	5
essa	5
equipe	5
sempre	5
fazer	5
gutierrez	5
lindo	5
louco	4
desta	4
muita	4
quem	4
desse	4
pela	4
rios	4
obras	4
qual	4
pois	4
abraço	4
deus	4
altamira	4
camargo	3
nessa	3
saudades	3
disponível	3
feito	3
toda	3
ccbm	3
melhor	3
angra	3
hidrelétrica	3
família	3
amor	3
concreto	3
prazer	3
sítio	3
voltar	3
trabalhando	3
central	3
conhecer	3
amigo	3
minha	3
tecnico	3
construção	3
meirelles	3
adolpho	3
qualquer	3
consórcio	3
brasil	3