Word	Occurrences
energia	9
para	5
falta	3
brasil	3
mais	3
eletrobras	3
kvcc	3
são	3
xingu	2
não	2
milhões	2
bipolo	2
animais	2
vergonha	2
essa	2
cerca	2
agora	2
nosso	2
governo	2
dinheiro	1
povo	1
processo	1
rouba	1
mencionar	1
nome	1
dessa	1
presidente	1
sequer	1
propinas	1
página	1
forma	1
água	1
está	1
construção	1
primeiro	1
minorias	1
ainda	1
terá	1
menos	1
estreito	1
terminal	1
retira	1
terra	1
habitat	1
incontáveis	1
espécies	1
esta	1
enche	1
nativa	1
índios	1
sertanejos	1
plantas	1
agua	1
região	1
conhecer	1
nossas	1
empresas	1
concessionária	1
distribuidora	1
devem	1
tratadas	1
diretamente	1
áreas	1
atuação	1
verdade	1
existem	1
anos	1
falar	1
contato	1
visite	1
site	1
agradecemos	1
fornecimento	1
relativas	1
sacrifícios	1
linhas	1
transmissão	1
gerar	1
vossos	1
valeu	1
trabalhadores	1
bravos	1
pouco	1
poder	1
distribuir	1
jussara	1
zumstein	1
questões	1
olá	1
muito	1
qual	1
vantagem	1
importante	1
parabéns	1
madeira	1
constante	1
tenham	1
cara	1
baixaria	1
resolvam	1
quedas	1
horas	1
duração	1
parabens	1
irmão	1
desculpe	1
vivesse	1
nesse	1
empreitada	1
grande	1
genro	1
estiveram	1
nesta	1
duas	1
foram	1
até	1
sinal	1
alguma	1
jorge	1
desde	1
feriado	1
temos	1
descansar	1
previsão	1
retorno	1
fazendo	1
dois	1
dias	1
estão	1
respeito	1
muita	1
safadeza	1
descaso	1
nós	1
sobretudo	1
classe	1
residencial	1
tarifas	1
modicidade	1
energética	1
assim	1
como	1
ivan	1
igor	1
velho	1
araraquara	1
belo	1
porto	1
sistema	1
notícia	1
equivocada	1
maiores	1
segurança	1
aumento	1
tivessemos	1
redução	1
impostos	1
própria	1
nossa	1
mesmo	1
poderíamos	1
produzir	1
energias	1
verdes	1
públicos	1
setoriais	1
universalização	1
interesses	1
contribuam	1
melhorias	1
feitas	1