Word	Occurrences
agua	6
não	4
doce	4
grande	2
pensar	2
vale	2
maior	1
despercio	1
comecem	1
algum	1
trazem	1
torneiras	1
europa	1
casas	1
são	1
punindo	1
salobas	1
dano	1
desnessario	1
fora	1
hidrográficas	1
temer	1
mentira	1
tratamento	1
manaus	1
bacias	1
nossas	1
mineradora	1
esgoto	1
norueguesa	1
punir	1
leiloar	1
responsáveis	1
descarga	1
pensassem	1
dele	1
tanto	1
água	1
potável	1
tamanho	1
pais	1
como	1
diga	1
esta	1
liberaçoes	1
mineradoras	1
usariam	1
saloba	1
chuva	1
dependemos	1
nascentes	1
mswmo	1
privada	1
volta	1
pois	1
abastecer	1
para	1
cidades	1
acho	1
desperdício	1