Word	Occurrences
não	350
para	146
greenpeace	116
como	95
energia	89
brasil	86
meio	66
belo	64
ambiente	62
monte	59
país	58
governo	58
isso	57
quem	53
mais	47
desenvolvimento	47
quando	46
https	45
todos	42
postura	42
conta	41
organização	41
partido	41
vamos	41
hidrelétricas	40
amazônia	38
também	38
tudo	38
muitos	38
são	37
independente	37
nada	36
facebook	36
greenpeacebrasil	35
dilma	33
pela	33
usinas	32
está	32
solar	32
agora	31
essa	30
outros	30
onde	29
candidato	29
eles	29
terras	29
exemplo	28
nosso	28
entre	28
seja	28
qualquer	27
porque	27
pode	27
proposta	27
indígenas	27
dinheiro	26
povo	26
diversas	26
eólica	26
florestal	25