Word	Occurrences
brazil	14
monte	10
dams	10
belo	9
many	7
people	7
keep	7
world	7
stop	5
level	5
very	5
indigenous	5
your	5
good	5
government	5
well	5
thank	4
html	4
carbon	4
greenland	4
feet	4
rivers	4
brazilian	4
just	4
help	4
youtube	4
them	4
inumaginfo	4
change	4
news	4
save	4
should	4
what	4
years	4
sign	4
energy	4
brasil	3
species	3
right	3
clean	3
http	3
against	3
read	3
victims	3
fighting	3
protect	3
make	3
continue	3
climate	3
words	3
must	3
these	3
dilma	3
typical	3
devastating	3
native	3
like	3
fuck	3
article	3
	
	
	
	
	
	
	
	
	
	
	
	
	
	
	
	
	
	
	
	
	
	
	
	
	
	
	
	
	
	
	
	
	
	
	
	
	
	
	
	
	
	
	
	
	
	
	
	
	
	
	
	
	
	
	
	
	
	
	
	
	
	
	
	
	
	
	
	
	
	
	
	
	
	
	
	
	
	
	
	
	
	
	
	
	
	
	
	
	
	
	
	
	
	
	
	
	
	
	
	
	
	
	
	
	
	
	
	
	
	
	
	
	
	
	
	
	
	
	
	
	
	
	
	
	
	
	
	
	
	
	
	
	
	
	
	
	
	
	
	
	
	
	
	
	
	