Word	Occurrences
não	220
para	212
light	160
conta	145
dados	132
energia	116
olá	115
mais	111
mensagem	90
privada	86
está	85
minha	76
gente	75
endereço	72
instalação	71
isso	70
poderia	66
local	56
nada	54
vocês	54
enviar	51
empresa	48
bandeira	47
verificar	47
casa	47
completo	46
cód	46
atendimento	45
você	43
como	42
estou	42
obrigado	42
essa	41
agora	39
quem	39
pelo	38
aqui	38
todos	37
tenho	37
dias	36
aneel	35
quando	33
caso	33
pagar	32
até	32
serviço	31
protocolo	31
estão	30
ainda	30
sempre	30
vermelha	30
eles	30
onde	30
pois	29
pela	28
cada	28
paga	28
código	27
saber	27
mesmo	26
quero	26
pode	26
absurdo	26
tudo	26
valor	24
gato	24
envie	24
estamos	24
nome	23
prazo	23
bandeiras	23
sobre	23
todo	23
reais	23
esta	22
horas	22
falta	22
problema	22
cobrança	22
agência	22
mês	22
solicitação	22
dessa	21
facebook	21
desde	21
informações	21
tarifa	21
fica	20
consumidor	20
esse	20
seus	20
brasil	20
vão	19
ajudar	19
serviços	19
são	19
contas	18
geladeira	18