Word	Occurrences
que	69
foi	26
país	24
não	17
para	15
usina	11
uma	10
como	10
real	10
brasil	10
por	9
gasolina	9
avião	8
caiu	8
cortado	8
investigaçao	8
fbi	8
derramada	8
explodiu	8
cabo	8
minas	8
varias	8
coloca	8
terrosismo	8
nos	8
sequestro	8
convocado	8
interior	8
risco	8
vidas	8
nós	7
vai	7
mais	6
está	6
estão	5
tem	5
aqui	4
aí	4
etc	4
com	4
estudem	4
funcionam	4
até	4
mudança	4
obra	4
aquele	4
mal	4
ele	4
das	4
vivemos	4
temos	4
entregue	4
porque	3
só	3
muito	3
já	3
poderia	3
senhor	3