Word	Occurrences
para	76
não	66
energia	64
mais	48
usinas	35
como	31
belo	27
monte	26
brasil	23
eletrobras	23
governo	17
isso	17
sistema	17
http	16
essa	16
empresas	15
usina	15
solar	14
sobre	14
são	13
esse	13
estão	12
onde	12
pode	12
projeto	11
grande	11
agora	11
transmissão	11
está	11
pelo	11
muito	10
parte	10
fazer	10
parabéns	10
todos	10
suas	10
pela	10
aqui	9
mercado	9
linhas	9
mesmo	9
pois	9
anos	9
empresa	9
obra	9
maior	9
hoje	9
menos	8
até	8
setor	8
país	8
foram	8
conta	8
ainda	8
seja	7
desse	7
quem	7
região	7
prazo	7
todo	7
porque	7
geração	7
eletrobrás	7
eólica	7
natureza	7
tanto	6
tudo	6
sempre	6
garantia	6
empreendimento	6
linha	6
falar	6
ambiental	6
custo	6
gerar	6