Word	Occurrences
para	90
mais	52
dilma	49
brasil	48
governo	45
como	32
lula	28
obras	23
anos	21
todos	20
monte	19
povo	19
belo	19
hoje	18
programa	18
foram	18
maior	17
milhões	16
quando	16
psdb	15
isso	15
porque	14
agora	14
usina	14
quem	14
ainda	13
copa	13
construção	13
país	12
mesmo	12
gasolina	12
mundo	12
compra	11
durante	11
corrupção	11
mínimo	11
obra	11
litros	10
esse	10
aumento	10
historia	10
empregos	10
fazer	10
brasileira	9
outros	9
energia	9
estamos	9
federal	9
tambiem	9
processo	8
usinas	8
minha	8
entre	8
hidreletricas	8