Word	Occurrences
pollution	12
prophecy	12
amazon	7
movies	6
raoni	6
monte	5
belo	5
hopi	4
wordpress	4
&qid	4
tv&ie	4
https	3
autobiography	3
video	3
trilogy	3
prophecykeepers	3
film	3
chief	3
html	2
stop	2
alan	2
gorg	2
spirit	2
&keywords	2
government	2
youtu	2
indiereign	2
earthspirit	2
world	2
media	2
women	2
keep	2
reviews	2
remember	2
symbole	2
dvds	2
release	2
documentary	2
ecocide	2
article	2
much	2
inumaginfo	2
minutes	2
song	2
review	2
independentfilmreviews	2
short	2
make	2
rights	2
gonzo	2