Word	Occurrences
obra	18
parte	13
muito	12
para	10
essa	10
trabalhei	10
parabéns	10
orgulho	9
fazer	9
monte	8
energia	8
belo	8
como	7
brasil	7
mais	7
dessa	7
montagem	6
kiki	6
minha	6
não	5
tenho	5
foram	5
anos	4
absurdo	4
todos	4
elétrica	4
dentro	4
cara	4
canais	4
paraenses	4
prazer	3
tive	3
grandiosa	3
esse	3
trabalho	3
grande	3
honra	3
saudades	3
sítio	3
pará	3
aprendizado	3
paga	3
trabalhar	3
casa	3
aqui	3
deste	3
desse	3
projeto	3
força	3
foto	3
usina	3
santana	2
zilma	2
coisa	2
nossa	2
qual	2
ninguém	2
brasileiro	2